tree
version=v4
num_class=1
num_tree_per_iteration=1
label_index=0
max_feature_idx=27
objective=quantile
feature_names=lag1 lag7 lag14 lag28 roll_mean_7 roll_mean_14 roll_mean_28 roll_mean_56 roll_std_7 roll_std_14 roll_std_28 zero_frac_28 same_dow_mean4 price price_rel_56 price_ratio_target h t_dow t_month t_week t_quarter t_dom t_event_flag t_event_type item_idx store_idx dept_idx cat_idx
feature_infos=[0:29] [0:29] [0:36] [0:29] [0:13.285714149475098] [0:10.857142448425293] [0.035714287310838699:9.357142448425293] [0.089285716414451599:7.6607141494750977] [0:11.410699844360352] [0:9.4339809417724609] [0.18557687103748322:8.0288858413696289] [0:0.96428573131561279] [0:18] [1.4299999475479126:12.199999809265137] [0.70637214183807373:1.1418603658676147] [0.70020961761474609:1.4688222408294678] [1:28] [0:6] [1:12] [1:52] [1:4] [1:31] [0:1] [0:4] -1:3:6:14:12:19:16:10:4:15:0:18:9:5:7:17:11:13:2:8:1 -1:2:0:3:1 -1:2:3:1:0 -1:0:1:2
tree_sizes=4810 4812 4742 4762 4946 4929 4866 4698 4809 4669 4749 4771 4870 4791 4934 4875 4858 4881 4842 4794 4760 4748 4804 4888 4762 4848 4826 4758 4777 4859 4864 4839 4881 4757 4722 4662 4809 4765 4736 4749 4847 4748 4740 4843 4799 4813 4655 4743 4884 4915 4737 4650 4859 4724 4849 4780 4744 4857 4784 4830 4832 4718 4913 4797 4830 4796 4797 4780 4905 4846 4626 4812 4859 4861 4882 4713 4876 4843 4918 4865 4837 4704 4857 4845 4813 4913 4809 4751 4897 4738 4825 4764 4775 4847 4743 4828 4947 4897 4800 4896 4742 4792 4857 4785 4847 4802 4959 4752 4885 4768 4869 4839 4963 4803 4826 4864 4841 4813 4957 4869 4740 4843 4770 4777 4782 4841 4854 4910 4797 4753 4776 4862 4837 4882 4803 4810 4844 4720 4954 4858 4883 4785 4777 4714 4794 4815

Tree=0
num_leaves=63
num_cat=19
split_feature=6 6 6 6 6 24 6 15 24 15 12 6 24 12 15 24 24 24 17 13 15 17 6 6 15 17 24 10 15 12 10 6 15 24 22 24 24 24 15 12 24 24 25 12 12 24 10 12 17 17 24 24 12 22 12 13 13 15 24 17 24 6
split_gain=9855.95 1637.52 801.403 289.626 281.403 157.343 97.0935 75.8424 67.1139 53.8411 47.5617 43.0295 31.4467 31.0815 27.6825 26.4001 25.4645 24.048 22.8166 34.8926 22.7092 22.4238 21.82 21.3541 17.9193 17.1192 21.0533 18.5854 14.6786 13.8743 13.6373 13.6106 12.9982 12.7434 12.6376 12.3642 11.9131 11.4618 11.4314 11.4217 10.89 9.88435 9.87302 10.0713 9.86901 23.944 9.76288 9.39108 9.38612 8.87168 12.7043 8.79505 10.0461 8.74479 8.51489 8.48488 8.09173 8.04939 8.03389 7.91095 7.89191 7.73553
threshold=1.5892856717109682 0.73214286565780651 2.7321428060531621 1.0892856717109682 0.44642856717109686 0 3.6250000000000004 0.91289180517196666 1 0.79698431491851818 0.62500000000000011 1.9821428656578066 2 0.87500000000000011 0.9991869628429414 3 4 5 2.5000000000000004 2.120000004768372 0.80553331971168529 3.5000000000000004 2.0178571939468388 5.1250000000000009 0.84593328833580028 3.5000000000000004 6 1.3216696381568911 0.9991869628429414 1.6250000000000002 0.78204792737960827 0.91071426868438732 0.8995385766029359 7 1.0000000180025095e-35 8 9 10 0.83485752344131481 2.8750000000000004 11 12 13 2.1250000000000004 0.62500000000000011 14 0.5168704390525819 1.6250000000000002 1.5000000000000002 2.5000000000000004 15 16 2.1250000000000004 1.0000000180025095e-35 2.6250000000000004 3.1750000715255742 11.889999866485597 0.84091734886169445 17 4.5000000000000009 18 0.62500000000000011
decision_type=2 2 2 2 2 1 2 2 1 2 2 2 1 2 2 1 1 1 2 2 2 2 2 2 2 2 1 2 2 2 2 2 2 1 2 1 1 1 2 2 1 1 1 2 2 1 2 2 2 2 1 1 2 2 2 2 2 2 1 2 1 2
left_child=1 4 5 9 12 22 28 -5 20 36 15 14 18 34 -7 -9 29 47 -1 -20 59 31 40 49 -10 27 56 41 -4 60 61 -19 -13 53 37 -23 -3 -11 -24 -40 -2 48 -35 -44 -26 -46 -14 -15 -18 50 -8 -30 -53 -16 -34 -39 -27 -42 -51 -6 -12 -22
right_child=2 3 6 7 8 11 23 10 24 13 16 32 46 17 33 -17 25 21 19 -21 30 35 38 -25 44 26 -28 -29 51 -31 -32 -33 54 42 -36 -37 -38 55 39 -41 57 -43 43 -45 45 -47 -48 -49 -50 58 -52 52 -54 -55 -56 -57 -58 -59 -60 -61 -62 -63
leaf_value=0 0 0 0.029999999999999999 0 0 0 0.029999999999999999 0 0 0 0 0 0 0 0 0 0 0 0 0 0 0 0.029999999999999999 0.029999999999999999 0 0 0 0 0 0 0 0 0 0 0 0 0 0 0 0 0.029999999999999999 0 0 0 0 0 0 0 0 0.029999999999999999 0 0 0 0 0 0 0 0 0 0 0 0
leaf_weight=8939 981 1429 3730 6953 689 2320 4820 2434 1556 6833 6400 1533 1283 8380 11126 7972 1584 5488 2766 9208 7163 2981 1847 27932 12852 5913 5299 10543 1041 8496 8626 6670 10159 4922 943 3955 1467 1443 15172 6718 287 3167 3667 1746 2925 6755 3076 2596 1778 13105 15304 7897 23924 295 5093 24023 426 5350 13670 233 8393 933
leaf_count=8939 981 1429 3730 6953 689 2320 4820 2434 1556 6833 6400 1533 1283 8380 11126 7972 1584 5488 2766 9208 7163 2981 1847 27932 12852 5913 5299 10543 1041 8496 8626 6670 10159 4922 943 3955 1467 1443 15172 6718 287 3167 3667 1746 2925 6755 3076 2596 1778 13105 15304 7897 23924 295 5093 24023 426 5350 13670 233 8393 933
internal_value=-0.00688606 -0.0114426 -0.00183232 -0.00954629 -0.0152792 -0.00431802 -0.000243585 -0.0081915 -0.0137663 -0.0109655 -0.00852263 -0.00553368 -0.0177775 -0.0111485 -0.0063479 -0.010374 -0.00815214 -0.0104496 -0.0182981 -0.019163 -0.0152083 -0.0111175 -0.00267891 0.000375687 -0.0126984 -0.00876393 -0.00965424 -0.00816214 -0.00151 -0.007391 -0.0154697 -0.0103468 -0.00436908 -0.00668009 -0.0117807 -0.0124844 -0.00696547 -0.0118806 -0.00225509 -0.00244632 -0.00420308 -0.00941997 -0.00746593 -0.00839591 -0.0129187 -0.0121952 -0.0152032 -0.00926925 -0.0106299 -1.5416e-05 -0.000491353 -0.00171243 -0.00162191 -0.00595722 -0.00463375 -0.0122037 -0.00841597 -0.00470852 0.000342297 -0.0106334 -0.0079491 -0.016354
internal_weight=385209 202570 182639 135566 67004 71216 111423 69358 41732 66208 62405 40861 25272 63312 24076 10406 51999 30070 20913 11974 17644 19094 30355 74831 24088 28710 11638 17072 36592 23289 16722 12158 16785 21756 33242 6936 2896 32299 23737 21890 6618 6529 10335 5413 22532 9680 4359 10976 3362 46899 20124 32862 31821 11421 15252 25466 6339 5637 26775 922 14793 8096
internal_count=385209 202570 182639 135566 67004 71216 111423 69358 41732 66208 62405 40861 25272 63312 24076 10406 51999 30070 20913 11974 17644 19094 30355 74831 24088 28710 11638 17072 36592 23289 16722 12158 16785 21756 33242 6936 2896 32299 23737 21890 6618 6529 10335 5413 22532 9680 4359 10976 3362 46899 20124 32862 31821 11421 15252 25466 6339 5637 26775 922 14793 8096
cat_boundaries=0 1 2 3 4 5 6 7 8 9 10 11 12 13 14 15 16 17 18 19
cat_threshold=550986 131105 131105 131121 545688 72088 66564 70401 132100 264213 72712 532480 327684 1 68368 10 1152 21250 144
is_linear=0
shrinkage=0.03


Tree=1
num_leaves=63
num_cat=0
split_feature=7 7 7 7 7 7 15 12 7 15 13 12 15 19 18 15 12 23 15 18 21 14 19 18 13 19 12 12 19 19 21 19 15 14 13 13 12 14 21 13 12 21 12 23 13 18 23 14 13 14 19 21 15 21 13 15 23 19 15 19 12 7
split_gain=10069.7 1863.65 586.63 399.017 289.013 91.9451 85.7032 67.5986 57.6691 55.279 46.281 41.0528 34.7165 36.228 33.2352 32.4215 26.8711 25.9058 25.2588 21.825 21.258 21.0494 18.439 18.3442 17.362 17.7482 16.8027 16.0238 15.8157 14.373 13.768 13.6779 13.3781 13.1892 12.9285 12.6927 12.2386 12.0797 11.489 11.0522 11.0144 10.9009 10.7607 10.3461 10.3374 10.3293 10.0725 9.98836 9.71362 9.5871 9.531 9.47828 9.43656 9.70641 9.26209 8.93708 8.91355 8.87722 11.1302 9.2936 8.69891 8.68762
threshold=1.6875000000000002 0.81250000000000011 3.0267857313156132 0.49107143282890325 1.1339285969734194 2.1696429252624516 0.91289180517196666 0.62500000000000011 3.6517857313156132 0.87994369864463817 3.2350000143051152 1.6250000000000002 0.91289180517196666 47.500000000000007 6.5000000000000009 0.8609888255596162 2.6250000000000004 1.0000000180025095e-35 0.89709714055061351 4.5000000000000009 15.500000000000002 1.0473437905311587 25.500000000000004 10.500000000000002 10.444999694824221 23.500000000000004 1.8750000000000002 2.3750000000000004 6.5000000000000009 21.500000000000004 27.500000000000004 42.500000000000007 0.71422553062438976 1.014659106731415 10.444999694824221 10.045000076293947 1.6250000000000002 1.0182204842567446 16.500000000000004 8.9049997329711932 0.62500000000000011 13.500000000000002 1.6250000000000002 2.5000000000000004 4.6000001430511483 10.500000000000002 2.5000000000000004 1.0353232026100161 11.670000076293947 1.000000059604645 15.500000000000002 26.500000000000004 0.76397022604942333 28.500000000000004 5.9749999046325692 0.79161494970321666 2.5000000000000004 5.5000000000000009 0.99001988768577587 7.5000000000000009 3.1250000000000004 0.41964286565780645
decision_type=2 2 2 2 2 2 2 2 2 2 2 2 2 2 2 2 2 2 2 2 2 2 2 2 2 2 2 2 2 2 2 2 2 2 2 2 2 2 2 2 2 2 2 2 2 2 2 2 2 2 2 2 2 2 2 2 2 2 2 2 2 2
left_child=1 3 5 17 9 15 -6 -8 -4 38 29 14 32 21 44 -2 19 24 -7 -9 40 28 60 39 25 57 51 56 42 52 33 34 -12 -30 -22 37 -25 -15 -3 43 -16 -37 -14 -21 -11 61 -13 49 -46 -34 -28 -20 -5 -54 -24 -40 -17 58 -1 -59 -10 -27
right_child=2 4 8 10 6 18 7 16 22 11 12 46 13 35 20 27 -18 -19 26 23 31 -23 54 36 -26 45 50 -29 30 -31 -32 -33 47 -35 -36 41 -38 -39 55 -41 -42 -43 -44 -45 48 -47 -48 -49 -50 -51 -52 -53 53 -55 -56 -57 -58 59 -60 -61 -62 -63
leaf_value=0 0 0 0 0 0 0 0 0 0 0 0 0 0 0 0 0 0 0 0 0 0 0 0.029099999999999997 0 0 0 0 0 0 0 0 0 0 0 0 0 0 0 0 0 0 0 0 0 0 0 0 0 0 0 0 0 0 0 0 0 0 0 0 0 0.029099999999999997 0
leaf_weight=364 2088 2727 23944 151 7603 4751 11235 14260 7234 5171 301 7473 1569 2206 5869 17574 4788 733 11341 19900 7700 5528 12110 4952 7738 4512 6196 6774 11838 5773 2402 6740 880 8319 1405 680 2653 1029 1240 10989 9499 794 129 382 12190 5852 131 854 819 1550 21615 2028 3776 273 24198 1122 326 410 1206 2309 31447 3551
leaf_count=364 2088 2727 23944 151 7603 4751 11235 14260 7234 5171 301 7473 1569 2206 5869 17574 4788 733 11341 19900 7700 5528 12110 4952 7738 4512 6196 6774 11838 5773 2402 6740 880 8319 1405 680 2653 1029 1240 10989 9499 794 129 382 12190 5852 131 854 819 1550 21615 2028 3776 273 24198 1122 326 410 1206 2309 31447 3551
internal_value=-0.0068812 -0.0112293 -0.0014703 -0.0150493 -0.00917346 -0.00351645 -0.00794252 -0.00827489 3.31438e-05 -0.0106954 -0.013416 -0.0109628 -0.0129395 -0.0132315 -0.0112787 -0.00491421 -0.00786182 -0.0179916 -0.00270203 -0.00805578 -0.0118726 -0.0136181 0.000442425 -0.00842401 -0.0181487 -0.0176427 -0.00294099 -0.00521796 -0.0132374 -0.0152352 -0.0134475 -0.0111016 -0.0101297 -0.0137034 -0.01186 -0.0107864 -0.00710256 -0.0118377 -0.00769955 -0.00874539 -0.0126676 -0.00847897 -0.0104452 -0.00833024 -0.0102591 -0.0181628 -0.00891084 -0.0106845 -0.00980806 -0.0097037 -0.00252084 -0.00381502 -0.0139 -0.0141746 -4.31309e-05 -0.00923116 -0.00568827 -0.0159555 -0.0177516 -0.0149184 0.000898193 -0.0188591
internal_weight=385201 213575 171626 74727 138848 72693 76762 69159 98933 62086 48052 56997 38079 34494 49393 26762 57924 26675 45931 53136 31213 29785 74989 38876 25942 18204 41180 24674 24257 9973 22559 15845 3585 20157 9105 4709 7605 3235 5089 31271 15368 1474 1698 20282 18180 13915 7604 3284 13009 2430 27811 13369 4200 4049 36308 2362 17900 4289 1570 2719 38681 8063
internal_count=385201 213575 171626 74727 138848 72693 76762 69159 98933 62086 48052 56997 38079 34494 49393 26762 57924 26675 45931 53136 31213 29785 74989 38876 25942 18204 41180 24674 24257 9973 22559 15845 3585 20157 9105 4709 7605 3235 5089 31271 15368 1474 1698 20282 18180 13915 7604 3284 13009 2430 27811 13369 4200 4049 36308 2362 17900 4289 1570 2719 38681 8063
is_linear=0
shrinkage=0.03


Tree=2
num_leaves=63
num_cat=14
split_feature=7 7 7 7 7 7 15 24 7 15 18 15 23 15 24 7 24 6 23 21 24 18 23 15 18 24 6 10 24 7 14 18 24 21 15 18 18 18 18 18 18 18 18 10 21 24 24 15 21 21 21 7 18 25 23 24 18 25 11 10 24 24
split_gain=10108.9 1748.56 671.999 332.649 301.701 117.467 75.5397 62.922 62.4233 58.9492 36.2819 32.0647 26.4981 25.7625 24.717 24.4416 23.1037 22.2895 21.9895 21.2655 21.9267 21.1798 18.5645 18.5503 16.8159 16.4858 15.6849 15.5243 15.4733 14.8477 14.4057 14.0818 21.3803 13.2686 13.0852 13.3662 12.7937 12.6577 12.2118 12.104 12.0331 11.5751 14.1214 15.0483 11.3505 11.2383 11.1914 11.0736 11.9085 9.79979 9.47496 9.45973 9.24495 10.1603 9.22908 9.10721 9.0037 8.89722 8.48585 8.39912 8.36225 8.28829
threshold=1.6339285969734194 0.74107143282890331 2.991071462631226 1.1339285969734194 0.49107143282890325 2.0982142686843877 0.91289180517196666 0 3.6517857313156132 0.86604186892509472 2.5000000000000004 0.8609888255596162 1.5000000000000002 0.89709714055061351 1 0.8303571641445161 2 0.48214285075664526 1.0000000180025095e-35 13.500000000000002 3 11.500000000000002 2.5000000000000004 0.71422553062438976 5.5000000000000009 4 5.1250000000000009 1.1583746671676638 5 1.276785731315613 1.0745506882667544 6.5000000000000009 6 7.5000000000000009 0.82468372583389293 3.5000000000000004 4.5000000000000009 9.5000000000000018 4.5000000000000009 1.5000000000000002 9.5000000000000018 6.5000000000000009 8.5000000000000018 1.3216696381568911 1.5000000000000002 7 8 0.91289180517196666 25.500000000000004 2.5000000000000004 18.500000000000004 0.9553571641445161 5.5000000000000009 9 2.5000000000000004 10 11.500000000000002 11 0.48214285075664526 0.80771952867507946 12 13
decision_type=2 2 2 2 2 2 2 1 2 2 2 2 2 2 1 2 1 2 2 2 1 2 2 2 2 1 2 2 1 2 2 2 1 2 2 2 2 2 2 2 2 2 2 2 2 1 1 2 2 2 2 2 2 1 2 1 2 1 2 2 1 1
left_child=1 4 5 9 17 11 -5 34 -4 60 28 -2 15 -7 22 56 52 18 -1 20 41 23 24 -9 -8 -13 -10 46 33 49 47 -18 -33 51 50 -36 57 61 -31 44 -40 -17 -43 -44 -30 -24 -21 -25 -49 -16 59 -11 -15 -54 -38 -50 -12 -27 -14 -6 -3 -26
right_child=2 3 8 6 7 13 14 21 26 10 12 25 58 16 29 19 31 -19 -20 27 -22 -23 45 30 37 36 -28 -29 39 38 -32 32 -34 -35 35 -37 54 -39 40 -41 -42 42 43 -45 -46 -47 -48 48 55 -51 -52 -53 53 -55 -56 -57 -58 -59 -60 -61 -62 -63
leaf_value=0 0 0 0 0 0 0 0 0 0.028226999999999999 0 0 0 0 0 0 0 0 0 0 0 0 0 0.024000019133090973 0 0 0 0.028226999999999999 0 0 0 0 0 0 0 0 0 0 0 0 0 0 0 0 0 0 0 0 0 0 0 0 0 0 0 0 0 0 0 0 0 0 0
leaf_weight=22144 2238 2848 25507 6973 285 4931 14976 233 47108 300 10829 10461 932 3967 598 2918 14756 3851 656 328 11261 2568 429 1602 4173 1800 27905 11253 133 4711 1158 4987 14726 1567 2332 12269 10846 8900 8355 2579 2593 1442 3230 829 3471 329 15243 12204 167 8631 270 141 1318 3079 203 2767 1474 2947 627 277 2589 10926
leaf_count=22144 2238 2848 25507 6973 285 4931 14976 233 47108 300 10829 10461 932 3967 598 2918 14756 3851 656 328 11261 2568 429 1602 4173 1800 27905 11253 133 4711 1158 4987 14726 1567 2332 12269 10846 8900 8355 2579 2593 1442 3230 829 3471 329 15243 12204 167 8631 270 141 1318 3079 203 2767 1474 2947 627 277 2589 10926
internal_value=-0.00688804 -0.0113647 -0.00161135 -0.00956003 -0.0155496 -0.00373494 -0.00810219 -0.0137635 -2.98336e-07 -0.0109706 -0.0112091 -0.00525934 -0.0114633 -0.00282552 -0.00842229 -0.0115656 -0.00306191 -0.0179711 -0.0183276 -0.011251 -0.012 -0.0126396 -0.00794079 -0.0130068 -0.00803323 -0.00555315 0.000435645 -0.0107015 -0.00933549 -0.00918411 -0.0131163 -0.00271565 -0.00324106 -0.0117324 -0.0152529 -0.0154713 -0.0061731 -0.00852548 -0.00862526 -0.0085243 -0.00917483 -0.010749 -0.0115719 -0.0106659 -0.00966093 -0.00329288 -0.0113151 -0.0128925 -0.0131435 -0.0101423 -0.0116034 -0.0163878 -0.0044803 -0.00543302 -0.00673663 -0.0114274 -0.0127547 -0.00487445 -0.00760295 -0.00938434 -0.00796377 -0.00905444
internal_weight=385150 208371 176779 145588 62783 76259 71594 36132 100520 73994 68557 28495 60366 47764 64621 58807 42833 26651 22800 46504 19680 20699 39733 18131 38975 26257 75013 26824 8191 24888 17898 34469 19713 2008 15433 14601 15796 23999 15659 6183 10948 8419 5501 4059 3604 758 15571 16740 15138 9229 832 441 8364 4397 11049 2934 12303 4747 1559 562 5437 15099
internal_count=385150 208371 176779 145588 62783 76259 71594 36132 100520 73994 68557 28495 60366 47764 64621 58807 42833 26651 22800 46504 19680 20699 39733 18131 38975 26257 75013 26824 8191 24888 17898 34469 19713 2008 15433 14601 15796 23999 15659 6183 10948 8419 5501 4059 3604 758 15571 16740 15138 9229 832 441 8364 4397 11049 2934 12303 4747 1559 562 5437 15099
cat_boundaries=0 1 2 3 4 5 6 7 8 9 10 11 12 13 14
cat_threshold=32801 7068 103552 331913 608584 393217 776 792 6144 4 65792 1 131765 516
is_linear=0
shrinkage=0.03


Tree=3
num_leaves=63
num_cat=17
split_feature=7 7 7 7 7 7 7 7 24 18 24 18 18 22 17 24 24 19 19 19 24 17 24 23 19 19 19 24 24 19 17 21 24 17 21 22 25 14 13 19 19 21 24 19 24 19 13 24 17 22 17 25 17 13 17 24 24 17 17 14 24 13
split_gain=10027.3 1785.47 667.937 425.512 213.2 105.978 79.8759 64.1227 35.7296 35.4769 33.5104 29.5504 30.5883 26.5774 25.4046 23.3423 21.6879 21.6446 19.6486 18.5648 18.5409 20.6117 21.6484 18.183 17.2251 16.3978 18.9057 16.8857 16.0543 14.1515 14.0657 13.8357 13.5798 25.2102 16.5616 13.339 14.2788 13.0045 12.5851 13.8801 14.2869 11.4548 11.7535 11.0952 10.5664 10.4105 10.129 10.0652 9.84608 9.54713 9.53192 9.87018 9.47435 10.3377 9.43424 30.0705 14.0322 20.8662 9.70522 9.41625 9.84369 9.28454
threshold=1.6339285969734194 0.66964283585548412 2.866071462631226 1.1339285969734194 0.49107143282890325 1.9732142686843874 3.6517857313156132 0.84821429848670971 0 6.5000000000000009 1 4.5000000000000009 10.500000000000002 1.0000000180025095e-35 3.5000000000000004 2 3 42.500000000000007 48.500000000000007 25.500000000000004 4 4.5000000000000009 5 2.5000000000000004 18.500000000000004 47.500000000000007 6.5000000000000009 6 7 11.500000000000002 1.0000000180025095e-35 12.500000000000002 8 2.5000000000000004 13.500000000000002 1.0000000180025095e-35 9 1.0745506882667544 11.670000076293947 25.500000000000004 44.500000000000007 13.500000000000002 10 18.500000000000004 11 40.500000000000007 5.9749999046325692 12 5.5000000000000009 1.0000000180025095e-35 1.0000000180025095e-35 13 1.5000000000000002 8.0700001716613787 4.5000000000000009 14 15 1.0000000180025095e-35 3.5000000000000004 1.0294568538665774 16 5.9949998855590829
decision_type=2 2 2 2 2 2 2 2 1 2 1 2 2 2 2 1 1 2 2 2 1 2 1 2 2 2 2 1 1 2 2 2 1 2 2 2 1 2 2 2 2 2 1 2 1 2 2 1 2 2 2 1 2 2 2 1 1 2 2 2 1 2
left_child=1 4 5 7 13 23 -4 25 29 16 -7 28 20 14 38 -16 52 32 37 -8 59 31 -23 47 -12 26 -3 -28 49 30 -6 43 34 45 48 36 -14 -10 39 -1 -41 42 -19 -22 -42 -34 -21 -2 -11 -5 51 -30 53 -9 56 -56 57 -18 -59 60 -13 -27
right_child=2 3 6 11 8 10 19 9 18 17 24 12 35 -15 15 -17 54 41 -20 46 21 22 -24 -25 -26 61 27 -29 50 -31 -32 -33 33 -35 -36 -37 -38 -39 -40 40 44 -43 -44 -45 -46 -47 -48 -49 -50 -51 -52 -53 -54 -55 55 -57 -58 58 -60 -61 -62 -63
leaf_value=0 0 0 0 0 0 0 0.027380189999999999 0 0 0 0 0 0 0 0 0 0 0 0 0.027380189999999999 0 0 0 0.029999999999999999 0 0 0 0 0 0 0 0 0 0 0 0 0 0 0 0 0 0 0 0 0 0 -0.00084680999999999992 0 0 0 0 0 0 0 0 0 0 0 0 0 0 0
leaf_weight=3310 1701 1511 31159 8833 230 35380 38556 108 10488 3024 4734 3103 5284 721 5857 5229 481 1095 1171 12094 904 1142 4161 379 9373 1728 6161 17819 890 11032 1366 7716 4490 7362 4433 305 4321 786 2895 5563 1850 8210 4261 4758 1212 768 24148 19123 496 199 9367 612 1429 454 2898 2592 11569 1508 485 7606 12540 1971
leaf_count=3310 1701 1511 31159 8833 230 35380 38556 108 10488 3024 4734 3103 5284 721 5857 5229 481 1095 1171 12094 904 1142 4161 379 9373 1728 6161 17819 890 11032 1366 7716 4490 7362 4433 305 4321 786 2895 5563 1850 8210 4261 4758 1212 768 24148 19123 496 199 9367 612 1429 454 2898 2592 11569 1508 485 7606 12540 1971
internal_value=-0.00687398 -0.0113328 -0.00161616 -0.00973669 -0.0161661 -0.00387466 -0.000109374 -0.0111746 -0.0141806 -0.0105774 -0.00311433 -0.00803595 -0.00841319 -0.018035 -0.0181931 -0.0192795 -0.00962358 -0.0111788 -0.0129599 0.000422257 -0.00876747 -0.00949853 -0.0110864 -0.00564925 -0.00435284 -0.0123135 -0.0125843 -0.0127894 -0.00705326 -0.0153613 -0.0127331 -0.00887621 -0.0117922 -0.0124584 -0.0107059 -0.00691423 -0.00711036 -0.0133544 -0.017381 -0.0169506 -0.0175843 -0.0102486 -0.0113279 -0.0100025 -0.0159386 -0.0108817 -6.52281e-05 -0.00576777 -0.0122557 -0.00801194 -0.0062435 -0.00403063 -0.0127271 -0.0094911 -0.00929596 -0.0103552 -0.00888849 -0.0110459 -0.0124441 -0.00817245 -0.00775497 -0.0104469
internal_weight=384951 208304 176647 156594 51710 70690 105957 84853 25073 55663 49487 71741 51840 26637 25916 11086 21524 34139 12445 74798 41930 18681 5303 21203 14107 29190 25491 23980 19901 12628 1596 13378 20573 12620 7953 9910 9605 11274 14830 11935 8625 13566 5356 5662 3062 5258 36242 20824 3520 9032 10869 1502 1991 562 19533 5490 14043 2474 1993 23249 15643 3699
internal_count=384951 208304 176647 156594 51710 70690 105957 84853 25073 55663 49487 71741 51840 26637 25916 11086 21524 34139 12445 74798 41930 18681 5303 21203 14107 29190 25491 23980 19901 12628 1596 13378 20573 12620 7953 9910 9605 11274 14830 11935 8625 13566 5356 5662 3062 5258 36242 20824 3520 9032 10869 1502 1991 562 19533 5490 14043 2474 1993 23249 15643 3699
cat_boundaries=0 1 2 3 4 5 6 7 8 9 10 11 12 13 14 15 16 17
cat_threshold=32801 551242 131073 131104 7576 131108 198408 330769 202772 1 65545 131108 20 9 360449 20 4104
is_linear=0
shrinkage=0.03


Tree=4
num_leaves=63
num_cat=1
split_feature=7 7 7 7 7 7 15 15 7 7 12 12 12 18 17 13 15 22 12 13 19 19 19 18 18 21 15 19 19 15 10 15 21 12 14 12 7 19 19 21 12 22 10 13 26 21 19 17 13 13 13 22 15 18 18 21 19 13 7 14 10 22
split_gain=10077.1 1764.87 677.596 453.907 174.666 112.295 81.136 77.3261 72.3252 65.5912 61.0564 41.0382 32.3807 28.4804 26.7798 25.1955 25.1264 24.2317 24.0048 23.0969 20.7908 20.4343 24.7144 19.3781 21.4336 19.2019 17.7243 17.4684 16.9607 14.6614 14.5841 14.4936 14.7662 13.8046 13.1886 13.0003 12.3606 12.0214 11.8769 12.9894 11.7827 11.6647 11.4073 11.0882 10.8168 10.6769 10.1454 9.65585 9.80705 9.36627 9.32049 9.28856 9.28544 9.55113 9.21689 9.20284 10.0949 9.15512 9.07341 9.85046 9.06619 9.06317
threshold=1.6339285969734194 0.65178570151329052 2.9196429252624516 1.1339285969734194 0.49107143282890325 1.9375000000000002 0.84091734886169445 0.91289180517196666 3.6517857313156132 0.8303571641445161 0.62500000000000011 1.3750000000000002 1.8750000000000002 5.5000000000000009 3.5000000000000004 8.1750001907348651 0.8933892846107484 1.0000000180025095e-35 2.6250000000000004 2.4250000715255742 47.500000000000007 45.500000000000007 24.500000000000004 4.5000000000000009 10.500000000000002 19.500000000000004 0.83485752344131481 6.5000000000000009 25.500000000000004 0.89709714055061351 0.88207659125328075 0.9293062984943391 20.500000000000004 0.62500000000000011 1.023218631744385 1.6250000000000002 2.2053570747375493 50.500000000000007 24.500000000000004 3.5000000000000004 0.62500000000000011 1.0000000180025095e-35 1.2505096793174746 10.204999923706056 0 17.500000000000004 26.500000000000004 5.5000000000000009 10.444999694824221 3.2849999666213994 11.230000019073488 1.0000000180025095e-35 0.9991869628429414 2.5000000000000004 2.5000000000000004 26.500000000000004 28.500000000000004 5.9749999046325692 2.4196429252624516 1.075684726238251 1.5200614333152773 1.0000000180025095e-35
decision_type=2 2 2 2 2 2 2 2 2 2 2 2 2 2 2 2 2 2 2 2 2 2 2 2 2 2 2 2 2 2 2 2 2 2 2 2 2 2 2 2 2 2 2 2 1 2 2 2 2 2 2 2 2 2 2 2 2 2 2 2 2 2
left_child=1 4 5 6 14 16 34 -5 52 20 -9 13 26 -11 30 17 -2 -16 23 -6 27 22 -21 -12 38 49 -7 -8 -10 -14 37 32 -24 -29 -3 -26 -28 61 44 -40 -18 46 -27 -33 -25 -23 -13 48 -17 -15 -48 -35 -4 -54 -42 56 -38 -30 -31 -60 -20 -1
right_child=2 3 8 7 19 12 9 10 28 11 18 41 29 25 15 47 40 -19 60 21 -22 45 31 24 35 42 36 33 57 58 -32 43 -34 51 -36 -37 55 -39 39 -41 54 -43 -44 -45 -46 -47 50 -49 -50 -51 -52 -53 53 -55 -56 -57 -58 -59 59 -61 -62 -63
leaf_value=0 0 0 0.029099999999999997 0 0 0 0 0 0.026558784299999999 0 0 0 0 0 0 0 0 0 0 0 0 0 0 0 0 0 0 0 0.026558784299999999 0 0 0 0 0 0 0 0 0 0 0 0 0 0 0 0 0 0 0 0 0 0 0 0.029999999999999999 0 0 0 0 -0.0008214056999999999 0 0 0 0
leaf_weight=13342 1655 3206 2547 7069 6588 1249 1210 10797 38704 13056 13357 5096 3423 242 4476 2275 1502 102 1311 4316 3517 1502 491 2123 4766 8234 6814 10758 12103 12154 862 5563 239 10981 2383 2470 5121 755 1783 17749 1737 301 3041 1856 7427 1603 5755 2342 2265 18501 1411 272 2098 23630 14330 1843 5354 24165 17457 696 2857 364
leaf_count=13342 1655 3206 2547 7069 6588 1249 1210 10797 38704 13056 13357 5096 3423 242 4476 2275 1502 102 1311 4316 3517 1502 491 2123 4766 8234 6814 10758 12103 12154 862 5563 239 10981 2383 2470 5121 755 1783 17749 1737 301 3041 1856 7427 1603 5755 2342 2265 18501 1411 272 2098 23630 14330 1843 5354 24165 17457 696 2857 364
internal_value=-0.00689006 -0.0113543 -0.00161599 -0.00982665 -0.0163384 -0.00382103 -0.0112708 -0.0080551 -4.97737e-05 -0.0115082 -0.00838088 -0.0109213 -0.00312131 -0.0113613 -0.0179685 -0.0190654 -0.00579057 -0.0173408 -0.007968 -0.014368 -0.0127293 -0.013738 -0.0142804 -0.00815148 -0.00851082 -0.0118701 -0.0040654 -0.0130549 0.000437844 -0.00255084 -0.0171481 -0.0152525 -0.0112192 -0.0132478 -0.00777295 -0.00704975 -0.00429145 -0.0173741 -0.00887435 -0.00929828 -0.00612346 -0.00941264 -0.0108918 -0.0156494 -0.00800733 -0.0115604 -0.00955586 -0.0202127 -0.0210198 -0.0124586 -0.0102836 -0.0125132 -0.00134271 -0.00151376 -0.00588591 -0.00372431 -0.00406826 -2.82893e-05 -0.00276105 -0.00233631 -0.00578119 -0.0175771
internal_weight=385196 208614 176582 159673 48941 73335 87964 71709 103247 82375 64640 55637 54111 43074 26783 11460 19224 4578 53843 22158 26738 15570 12465 49675 36318 30018 20381 23221 74972 33730 15323 8149 730 22011 5589 7236 19132 14461 29082 19532 17569 12563 11275 7419 9550 3105 12262 6882 4540 18743 7166 11253 28275 25728 16067 12318 10475 36268 30307 18153 4168 13706
internal_count=385196 208614 176582 159673 48941 73335 87964 71709 103247 82375 64640 55637 54111 43074 26783 11460 19224 4578 53843 22158 26738 15570 12465 49675 36318 30018 20381 23221 74972 33730 15323 8149 730 22011 5589 7236 19132 14461 29082 19532 17569 12563 11275 7419 9550 3105 12262 6882 4540 18743 7166 11253 28275 25728 16067 12318 10475 36268 30307 18153 4168 13706
cat_boundaries=0 1
cat_threshold=4
is_linear=0
shrinkage=0.03


Tree=5
num_leaves=63
num_cat=1
split_feature=7 7 7 7 7 7 15 15 7 13 19 19 15 10 15 15 22 22 10 19 13 19 7 19 19 19 19 13 19 19 18 13 22 23 7 7 19 15 13 19 13 23 25 13 13 5 19 14 14 14 14 14 14 14 19 19 15 19 15 14 13 13
split_gain=10110.6 1900.98 577.589 384.779 285.797 89.8926 79.4872 57.0743 55.5389 46.5481 35.7853 34.6142 30.7805 27.8506 27.4577 27.4492 21.6627 20.9299 20.1065 19.0707 18.6759 18.3499 17.6286 18.2686 17.1327 18.4756 16.2098 15.5153 15.3195 14.7413 13.6375 13.4256 11.8844 11.8481 12.1836 11.8112 11.6674 11.5184 11.1673 10.2932 10.184 9.8778 11.9681 9.77868 11.1885 9.68001 9.43901 9.24327 9.11293 8.76639 8.3104 8.16524 8.10156 7.76569 7.71635 15.1301 11.8502 7.52237 7.89247 7.51336 7.49755 8.32826
threshold=1.6875000000000002 0.81250000000000011 3.0267857313156132 0.49107143282890325 1.1339285969734194 2.0982142686843877 0.94937798380851757 0.86604186892509472 3.6517857313156132 3.2350000143051152 25.500000000000004 47.500000000000007 0.91289180517196666 1.4148896932601931 0.8609888255596162 0.89709714055061351 1.0000000180025095e-35 1.0000000180025095e-35 1.2674798369407656 25.500000000000004 10.444999694824221 15.500000000000002 0.61607143282890331 6.5000000000000009 16.500000000000004 46.500000000000007 24.500000000000004 9.0850000381469744 32.500000000000007 21.500000000000004 10.500000000000002 2.4250000715255742 1.0000000180025095e-35 2.5000000000000004 1.9375000000000002 2.4553570747375493 28.500000000000004 0.71422553062438976 10.045000076293947 45.500000000000007 5.9749999046325692 2.5000000000000004 0 11.230000019073488 10.275000095367433 0.53571429848670971 1.5000000000000002 1.0379781723022463 1.0357472300529482 1.0571873784065249 1.0304927825927737 1.0327553153038027 0.76248931884765636 1.000000059604645 5.5000000000000009 7.5000000000000009 0.99001988768577587 8.5000000000000018 0.9991869628429414 1.0647265315055849 11.230000019073488 11.329999923706056
decision_type=2 2 2 2 2 2 2 2 2 2 2 2 2 2 2 2 2 2 2 2 2 2 2 2 2 2 2 2 2 2 2 2 2 2 2 2 2 2 2 2 2 2 1 2 2 2 2 2 2 2 2 2 2 2 2 2 2 2 2 2 2 2
left_child=1 3 5 16 7 14 48 -3 57 29 31 12 37 27 -2 -7 20 18 39 -10 28 -17 26 -24 52 -26 46 41 54 -5 -30 -9 -27 34 49 -23 -29 -11 -13 59 -21 42 50 44 -25 -33 -14 53 -6 -16 -8 -37 -15 -39 56 -56 -1 -4 -59 -12 -20 -62
right_child=2 4 8 9 6 15 13 10 19 11 17 38 22 24 33 21 -18 -19 60 40 -22 35 23 43 25 32 -28 36 30 -31 -32 45 -34 -35 -36 51 -38 47 -40 -41 -42 -43 -44 -45 -46 -47 -48 -49 -50 -51 -52 -53 -54 -55 55 -57 -58 58 -60 -61 61 -63
leaf_value=0 0 0 0.029099999999999997 0 0 0 0 0 0.025762020771 0 0 0 0 0 0 0 0 0 0 0.025762020771 0 0 0 0 0 0 0 0 0 0 0 0 0.029279999426007269 0 0 0 0 0 0 0 -0.00079676352899999997 0 0 0 0 0 0 0 0 0 0 0 0 0 0 0 0 0.028226999999999999 0 0 0 0
leaf_weight=363 1783 4660 1655 4208 4973 5053 4248 465 38683 301 18713 3455 146 548 11253 9225 750 1079 7366 12035 7781 12899 1221 16646 21471 3495 6503 6396 6586 5751 5846 926 212 407 8413 15145 5188 746 1670 5776 24185 400 15516 1741 972 19601 2527 728 2624 1758 1523 6837 10167 1368 415 3824 1222 1923 20398 1682 350 1453
leaf_count=363 1783 4660 1655 4208 4973 5053 4248 465 38683 301 18713 3455 146 548 11253 9225 750 1079 7366 12035 7781 12899 1221 16646 21471 3495 6503 6396 6586 5751 5846 926 212 407 8413 15145 5188 746 1670 5776 24185 400 15516 1741 972 19601 2527 728 2624 1758 1523 6837 10167 1368 415 3824 1222 1923 20398 1682 350 1453
internal_value=-0.00689316 -0.0112499 -0.00147172 -0.0151063 -0.00917291 -0.00350021 -0.00794892 -0.0106866 2.12079e-05 -0.0134983 -0.0109458 -0.0130201 -0.0133774 -0.00826887 -0.00502151 -0.00276944 -0.0179867 -0.0115144 -0.0116401 0.000423468 -0.0181315 -0.00300939 -0.0136756 -0.013188 -0.00768927 -0.00811685 -0.0147692 -0.00889414 -0.0176069 -0.0153241 -0.0182017 -0.00995922 -0.00616105 -0.00531387 -0.00541019 -0.00332407 -0.00978056 -0.0105539 -0.0107268 -0.0120636 -7.12313e-05 -0.00842067 -0.00850843 -0.0134125 -0.0136245 -0.00984503 -0.0128025 -0.011145 -0.00503607 -0.00598547 -0.00725947 -0.00290119 -0.00668455 -0.010141 -0.0163372 -0.0156695 -0.018123 -0.00123549 -0.00138018 -0.0123802 -0.0104311 -0.00869717
internal_weight=385254 213602 171652 74770 138832 72773 76761 62071 98879 47983 57411 38024 32899 69164 23614 49159 26787 36419 35340 74903 26037 44106 29756 20580 35893 25178 9176 33271 18256 9959 12432 20992 3707 21831 21424 34881 11584 3143 5125 26171 36220 21687 21287 19359 17618 20527 2673 2842 7597 13011 5771 21982 10715 2114 5824 4239 1585 23976 22321 20395 9169 1803
internal_count=385254 213602 171652 74770 138832 72773 76761 62071 98879 47983 57411 38024 32899 69164 23614 49159 26787 36419 35340 74903 26037 44106 29756 20580 35893 25178 9176 33271 18256 9959 12432 20992 3707 21831 21424 34881 11584 3143 5125 26171 36220 21687 21287 19359 17618 20527 2673 2842 7597 13011 5771 21982 10715 2114 5824 4239 1585 23976 22321 20395 9169 1803
cat_boundaries=0 1
cat_threshold=1
is_linear=0
shrinkage=0.03


Tree=6
num_leaves=63
num_cat=2
split_feature=7 7 7 7 7 7 12 7 12 13 19 13 18 18 18 22 19 19 13 13 18 19 12 12 12 7 13 18 7 12 14 12 18 13 19 19 12 14 13 22 7 14 13 7 22 12 13 19 14 19 19 6 12 19 22 19 27 19 13 19 13 27
split_gain=10096.8 1882.08 597.679 397.018 282.657 87.5746 63.9768 53.1599 46.0785 41.0961 35.1417 30.8856 29.6632 28.0033 29.3877 20.2597 19.6309 19.2373 18.9976 28.2095 18.9359 18.9065 17.9127 17.6664 17.3485 16.0132 15.7003 13.9112 13.0461 11.7158 11.184 11.1206 10.7288 10.5883 10.3728 10.0715 9.22958 9.21934 9.19216 9.18932 8.90456 8.85343 8.70742 8.64511 8.5077 8.41449 8.35971 8.24636 12.9874 8.12785 15.0985 8.01022 7.95603 7.5938 7.57532 7.54414 7.37477 7.3555 7.33429 7.29423 9.10501 7.28585
threshold=1.6875000000000002 0.81250000000000011 3.0267857313156132 0.50892856717109691 1.1339285969734194 2.1696429252624516 0.62500000000000011 3.6517857313156132 1.3750000000000002 3.2350000143051152 47.500000000000007 10.444999694824221 5.5000000000000009 4.5000000000000009 10.500000000000002 1.0000000180025095e-35 32.500000000000007 6.5000000000000009 11.230000019073488 10.204999923706056 10.500000000000002 42.500000000000007 1.6250000000000002 2.3750000000000004 4.1250000000000009 1.901785731315613 9.0850000381469744 5.5000000000000009 0.93750000000000011 2.3750000000000004 1.1127845644950869 1.6250000000000002 6.5000000000000009 10.045000076293947 5.5000000000000009 40.500000000000007 2.8750000000000004 1.0832131505012514 11.670000076293947 1.0000000180025095e-35 0.66964283585548412 1.0454802513122561 2.9400000572204594 1.2589285969734194 1.0000000180025095e-35 1.1250000000000002 9.9049997329711932 25.500000000000004 1.0353232026100161 5.5000000000000009 7.5000000000000009 0.69642856717109691 0.37500000000000006 8.5000000000000018 1.0000000180025095e-35 25.500000000000004 0 15.500000000000002 11.230000019073488 51.500000000000007 5.9949998855590829 1
decision_type=2 2 2 2 2 2 2 2 2 2 2 2 2 2 2 2 2 2 2 2 2 2 2 2 2 2 2 2 2 2 2 2 2 2 2 2 2 2 2 2 2 2 2 2 2 2 2 2 2 2 2 2 2 2 2 2 1 2 2 2 2 1
left_child=1 3 5 11 8 25 44 53 12 27 17 15 38 56 26 16 49 31 19 41 61 28 -16 37 55 -2 36 -5 -14 -27 -23 34 -10 46 40 -21 43 57 -3 58 51 52 -30 -15 -6 -28 59 48 -44 -1 -51 -11 -19 -4 -54 -9 -8 -7 -34 60 -12 -18
right_child=2 4 7 9 6 23 13 24 32 10 33 -13 21 14 22 -17 20 18 -20 35 -22 30 -24 -25 -26 29 45 -29 42 -31 -32 -33 39 -35 -36 -37 -38 -39 -40 -41 -42 -43 47 -45 -46 -47 -48 -49 -50 50 -52 -53 54 -55 -56 -57 -58 -59 -60 -61 -62 -63
leaf_value=0 0 0 0.028226999999999999 0 0 0 0 0.024989160147870001 0 0 0 0 0 0 0 0 0 0 0 0 0 0 0 0 0.024989160147870001 0 0 0 0 0 0 0 0 0 0 0 0 0 0 0 0 0 0 0 0 0 0 0 0 0 0 0 0 0 0 -0.00077286062312999996 0 0 0 0 0 0
leaf_weight=1629 12068 13857 1640 4131 12078 4289 9562 14562 5728 522 1563 8071 9111 5487 5470 566 5900 6107 2575 1702 6554 11503 3585 23446 42994 10110 4233 4915 118 4643 169 139 6386 1623 207 1259 1204 696 652 211 781 4423 1268 18089 293 8140 480 10751 590 435 4557 261 13571 22430 354 17366 8572 17616 1532 360 956 1150
leaf_count=1629 12068 13857 1640 4131 12078 4289 9562 14562 5728 522 1563 8071 9111 5487 5470 566 5900 6107 2575 1702 6554 11503 3585 23446 42994 10110 4233 4915 118 4643 169 139 6386 1623 207 1259 1204 696 652 211 781 4423 1268 18089 293 8140 480 10751 590 435 4557 261 13571 22430 354 17366 8572 17616 1532 360 956 1150
internal_value=-0.00688714 -0.0112459 -0.00147539 -0.0150812 -0.00917607 -0.00353744 -0.00795929 4.24884e-05 -0.0106846 -0.0133485 -0.0129041 -0.0178385 -0.0111244 -0.0075794 -0.00797148 -0.017227 -0.0173837 -0.01327 -0.0134559 -0.0136873 -0.0180357 -0.011615 -0.00643898 -0.0027437 0.000436534 -0.00490015 -0.00834498 -0.0151605 -0.012136 -0.00423717 -0.0106403 -0.0103508 -0.00916064 -0.0105608 -0.0109921 -0.0164529 -0.0079092 -0.0033422 -0.00999125 -0.00986136 -0.0118274 -0.0133525 -0.0115156 -0.00804004 -0.00993509 -0.00921773 -0.0115222 -0.0114397 -0.00959419 -0.016044 -0.0154435 -0.0140881 -0.0130843 -0.00118405 -0.0126883 -9.32096e-05 -0.00658035 -0.00323419 -0.010026 -0.0109111 -0.0114819 -0.0191149
internal_weight=385240 213380 171860 74791 138589 72868 76713 98992 61876 45929 36883 28862 48019 64342 46208 20791 20225 31901 29991 27416 13604 33510 9055 46047 74922 26821 37153 9046 21838 14753 11672 1910 13857 4982 1771 2961 24780 22601 14509 8129 1564 24455 12727 23576 12371 12373 3359 12609 1858 6621 4992 783 20032 24070 13925 31928 18134 21905 7918 2879 2519 7050
internal_count=385240 213380 171860 74791 138589 72868 76713 98992 61876 45929 36883 28862 48019 64342 46208 20791 20225 31901 29991 27416 13604 33510 9055 46047 74922 26821 37153 9046 21838 14753 11672 1910 13857 4982 1771 2961 24780 22601 14509 8129 1564 24455 12727 23576 12371 12373 3359 12609 1858 6621 4992 783 20032 24070 13925 31928 18134 21905 7918 2879 2519 7050
cat_boundaries=0 1 2
cat_threshold=1 1
is_linear=0
shrinkage=0.03


Tree=7
num_leaves=63
num_cat=21
split_feature=5 10 5 24 10 24 24 24 10 15 5 15 10 25 24 24 18 10 15 24 13 15 10 15 24 18 18 15 13 24 23 18 18 5 18 10 25 13 18 23 5 24 24 18 24 18 24 23 18 25 18 23 15 24 24 24 25 24 13 10 18 10
split_gain=9296.07 1629.41 717.392 342.342 296.908 221.922 116.301 77.8445 69.2275 59.8772 50.0888 45.2455 44.1697 41.697 49.7443 36.1606 38.5758 35.2556 33.6762 29.3509 27.4248 26.2965 28.1444 24.2596 24.0061 24.9338 22.5369 21.5618 20.498 20.3102 19.7641 19.2075 17.8936 17.5434 16.7643 16.5739 15.7143 41.846 15.0861 12.5685 12.5384 11.9274 11.8881 10.6076 10.2844 10.6192 9.95627 9.70454 9.68033 9.66289 9.5703 9.45872 9.38356 9.36357 9.06197 8.77264 8.71841 8.61493 8.55097 8.21207 8.11608 7.95896
threshold=1.6785714626312258 0.93915662169456493 3.0357142686843877 0 1.2573741078376772 1 2 3 0.73148912191391002 0.99001988768577587 3.9642857313156132 0.83485752344131481 0.62423235177993786 4 5 6 5.5000000000000009 2.0576819181442265 0.87715458869934093 7 2.4250000715255742 0.84179055690765392 2.4897748231887822 0.9991869628429414 8 6.5000000000000009 6.5000000000000009 0.84593328833580028 2.120000004768372 9 2.5000000000000004 5.5000000000000009 4.5000000000000009 2.0357142686843877 3.5000000000000004 1.6749575734138491 10 7.0650000572204599 6.5000000000000009 2.5000000000000004 0.46428571641445165 11 12 10.500000000000002 13 6.5000000000000009 14 1.0000000180025095e-35 4.5000000000000009 15 6.5000000000000009 2.5000000000000004 0.86604186892509472 16 17 18 19 20 11.889999866485597 1.6254898905754092 5.5000000000000009 0.5168704390525819
decision_type=2 2 2 1 2 1 1 1 2 2 2 2 2 1 1 1 2 2 2 1 2 2 2 2 1 2 2 2 2 1 2 2 2 2 2 2 1 2 2 2 2 1 1 2 1 2 1 2 2 1 2 2 2 1 1 1 1 1 2 2 2 2
left_child=1 3 5 8 7 21 19 18 28 57 41 -9 61 14 48 -15 51 23 34 -6 -20 -2 29 -7 -13 47 -22 55 -1 33 38 -10 -25 -23 -3 -21 37 -33 54 58 -30 -4 -34 46 45 -16 -40 -26 -11 -42 -12 59 -39 -36 -29 -14 -37 -8 -18 -17 -55 -5
right_child=2 4 10 12 6 17 9 11 31 13 50 24 27 15 44 16 39 -19 20 35 26 22 -24 32 25 -27 -28 30 40 -31 -32 36 42 -35 53 56 -38 52 43 -41 49 -43 -44 -45 -46 -47 -48 -49 -50 -51 -52 -53 -54 60 -56 -57 -58 -59 -60 -61 -62 -63
leaf_value=0 0 0 0 0 0 0 0 0 0 0 0.024239485343433901 0 0 0 0 0 0 0 0 0 0 0 0 0 0 0 0 0 0 0 0 0 0 0 0 0 0 0 0 0 0 0 0 0 0 0 0 0 0 0 0.024239485343433901 0 0 0 0 0 0 0 0 0 0 0
leaf_weight=6654 3369 354 8729 1461 1595 2159 1720 2343 4294 1032 35207 2725 376 6664 2587 8094 16286 9825 2742 9809 10552 5555 14298 7149 11610 19776 15260 5334 13671 13671 557 1750 6504 9341 577 2151 5265 249 8253 302 709 27575 6349 5779 1801 2520 4616 342 5951 2755 25700 261 2222 566 2229 1271 3816 3561 682 3641 1172 2111
leaf_count=6654 3369 354 8729 1461 1595 2159 1720 2343 4294 1032 35207 2725 376 6664 2587 8094 16286 9825 2742 9809 10552 5555 14298 7149 11610 19776 15260 5334 13671 13671 557 1750 6504 9341 577 2151 5265 249 8253 302 709 27575 6349 5779 1801 2520 4616 342 5951 2755 25700 261 2222 566 2229 1271 3816 3561 682 3641 1172 2111
internal_value=-0.00686918 -0.0111268 -0.00177145 -0.014882 -0.0092676 -0.00391013 -0.00793152 -0.0106912 -0.0168334 -0.00860818 -5.05806e-05 -0.00973814 -0.0125808 -0.00893172 -0.00750356 -0.00947913 -0.00900984 -0.00583142 -0.0118074 -0.00577683 -0.0121124 -0.0025791 -0.00278024 -0.00649641 -0.0100151 -0.0102523 -0.0118094 -0.0121895 -0.017818 -0.00332408 -0.0123945 -0.0151459 -0.00682252 -0.00409245 -0.00858861 -0.00617142 -0.0158994 -0.0142796 -0.0125133 -0.00992067 -0.0183668 -0.000932624 -0.00749171 -0.0129717 -0.00932437 -0.00856146 -0.0134512 -0.00917369 -0.00569155 -0.0167546 0.000475167 -0.00770607 -0.0117997 -0.00951836 -0.0113832 -0.00885792 -0.00492861 -0.00557224 -0.0100286 -0.0078317 -0.00822426 -0.015729
internal_weight=385479 210048 175431 69556 140492 78220 72473 68019 37569 55102 97211 36796 31987 49821 13891 35930 29266 31986 31223 17371 28554 46234 42865 22161 34453 31728 25812 28415 23789 28567 26768 13780 20002 14896 2669 15776 9486 4221 26211 17270 17135 36304 12853 18648 6908 5107 12869 11952 6983 3464 60907 11996 2471 2315 7563 1647 5967 5281 16968 11735 1738 3572
internal_count=385479 210048 175431 69556 140492 78220 72473 68019 37569 55102 97211 36796 31987 49821 13891 35930 29266 31986 31223 17371 28554 46234 42865 22161 34453 31728 25812 28415 23789 28567 26768 13780 20002 14896 2669 15776 9486 4221 26211 17270 17135 36304 12853 18648 6908 5107 12869 11952 6983 3464 60907 11996 2471 2315 7563 1647 5967 5281 16968 11735 1738 3572
cat_boundaries=0 1 2 3 4 5 6 7 8 9 10 11 12 13 14 15 16 17 18 19 20 21
cat_threshold=131105 551242 555338 426021 1 99968 426016 548930 4104 2312 3 107656 37504 393220 296068 3 33 262164 4 8 1572
is_linear=0
shrinkage=0.03


Tree=8
num_leaves=63
num_cat=16
split_feature=6 6 6 6 6 24 6 15 24 15 15 6 24 6 24 17 13 22 24 15 6 15 13 15 15 6 10 22 24 23 24 17 24 10 24 24 24 21 17 6 17 14 23 13 15 10 14 17 17 24 24 17 24 23 17 14 21 17 24 14 6 24
split_gain=9835.69 1665.51 730.267 297.198 288.722 144.507 109.341 78.6663 73.391 45.5376 41.0178 38.1958 29.6097 29.3392 28.5615 27.7825 28.6876 24.5287 22.8143 20.7815 20.6215 19.0197 18.4434 17.8635 16.6182 16.3609 13.1476 12.0465 10.7969 10.7293 10.2842 16.0546 14.0715 10.0996 9.9635 9.87952 9.85227 9.72887 9.66623 9.62054 9.10045 8.84084 8.53741 9.94663 8.19888 8.01823 7.89306 7.58813 7.57603 10.1712 7.53994 7.46245 7.67373 7.3189 7.96097 7.17961 7.10954 7.07686 7.05308 7.04434 6.83554 6.45269
threshold=1.6250000000000002 0.73214286565780651 2.6607142686843877 1.053571403026581 0.44642856717109686 0 3.6250000000000004 0.91289180517196666 1 0.84091734886169445 0.8933892846107484 1.2321428656578066 2 1.9821428656578066 3 2.5000000000000004 2.120000004768372 1.0000000180025095e-35 4 0.80553331971168529 4.8392858505249032 0.84593328833580028 2.4250000715255742 0.83485752344131481 0.9991869628429414 2.0178571939468388 0.78204792737960827 1.0000000180025095e-35 5 2.5000000000000004 6 3.5000000000000004 7 0.48377145826816564 8 9 10 25.500000000000004 4.5000000000000009 0.94642856717109691 5.5000000000000009 1.0260725021362307 1.5000000000000002 8.9349999427795428 0.72387105226516735 1.2634480595588686 1.0516129136085512 4.5000000000000009 2.5000000000000004 11 12 4.5000000000000009 13 2.5000000000000004 5.5000000000000009 1.0520055294036867 15.500000000000002 1.0000000180025095e-35 14 1.0292352437973025 0.62500000000000011 15
decision_type=2 2 2 2 2 1 2 2 1 2 2 2 1 2 1 2 2 2 1 2 2 2 2 2 2 2 2 2 1 2 1 2 1 2 1 1 1 2 2 2 2 2 2 2 2 2 2 2 2 1 1 2 1 2 2 2 2 2 1 2 2 1
left_child=1 4 5 9 14 23 24 44 19 41 -7 30 51 29 15 46 -17 22 45 38 48 -10 40 -2 -4 28 60 33 -25 36 -9 58 -33 -16 -26 53 -12 -37 -6 -24 -14 -3 59 -44 47 -13 -1 -5 49 -8 -50 -11 -53 54 -23 -48 -41 -30 -32 -20 -21 -15
right_child=2 3 6 7 8 10 20 11 21 12 13 18 17 61 27 16 -18 -19 42 26 -22 35 39 25 34 -27 -28 -29 57 -31 31 32 -34 -35 -36 37 -38 -39 -40 56 -42 -43 43 -45 -46 -47 55 -49 50 -51 -52 52 -54 -55 -56 -57 -58 -59 -60 -61 -62 -63
leaf_value=0 0.027380189999999999 0 0.026507189999999996 0 0 0 -0.001476859364739117 0 0 0 0 0 0 0 0 0 0 0 0 0 0.023512300783130883 0 0 0 0 0 0 0 0 0 0 0 0 0 0 0 0 0 0 0 0 0 0 0 0 0 0 0 0.023512300783130883 0.023512300783130883 0 0 0 0 0 0 0 0 0 0 0 0
leaf_weight=7805 2047 2205 4070 894 699 3166 8819 11650 1584 9036 5855 3122 1564 583 930 2728 9158 1098 18342 7113 35078 11273 26846 1252 1299 19450 8500 116 654 349 3026 2321 3724 3317 34975 7654 13035 1698 237 6601 235 1467 606 149 6623 14689 112 302 9617 8140 12901 192 3431 268 1775 998 6839 4072 5047 8590 924 13710
leaf_count=7805 2047 2205 4070 894 699 3166 8819 11650 1584 9036 5855 3122 1564 583 930 2728 9158 1098 18342 7113 35078 11273 26846 1252 1299 19450 8500 116 654 349 3026 2321 3724 3317 34975 7654 13035 1698 237 6601 235 1467 606 149 6623 14689 112 302 9617 8140 12901 192 3431 268 1775 998 6839 4072 5047 8590 924 13710
internal_value=-0.00686553 -0.0113443 -0.00172603 -0.00946806 -0.0152321 -0.00428951 -0.000294284 -0.00826294 -0.0137015 -0.0110695 -0.00552158 -0.00857635 -0.0112823 -0.00583127 -0.0177701 -0.0182729 -0.0192312 -0.0116697 -0.00805367 -0.0152183 0.000386493 -0.0125972 -0.0117879 -0.00264089 -0.00155235 -0.0028589 -0.0154731 -0.0152964 -0.00423152 -0.00659613 -0.00949922 -0.0100868 -0.011263 -0.0155919 -0.0017563 -0.0128245 -0.00669243 -0.0119391 -0.0108782 -0.0116552 -0.0147599 -0.00783333 -0.00749464 -0.00435099 -0.00540645 -0.00891347 -0.0170157 -0.0031204 -8.38208e-05 -0.00056271 0.000276845 -0.0099434 -0.0111016 -0.0134273 -0.0135382 -0.0146486 -0.011 -0.0048864 -0.00921851 -0.00758555 -0.016343 -0.00480172
internal_weight=384560 205488 179072 138599 66889 64173 114899 79085 41725 59514 36698 71266 55842 33532 25164 20801 11886 43183 45498 17473 74555 24252 42085 27475 40344 25428 16537 4363 5978 19239 25768 14118 6045 4247 36274 22668 18890 9352 936 40286 1799 3672 27687 755 7819 17811 8915 1196 39477 16959 22518 12659 3623 13316 13048 1110 13440 4726 8073 26932 8037 14293
internal_count=384560 205488 179072 138599 66889 64173 114899 79085 41725 59514 36698 71266 55842 33532 25164 20801 11886 43183 45498 17473 74555 24252 42085 27475 40344 25428 16537 4363 5978 19239 25768 14118 6045 4247 36274 22668 18890 9352 936 40286 1799 3672 27687 755 7819 17811 8915 1196 39477 16959 22518 12659 3623 13316 13048 1110 13440 4726 8073 26932 8037 14293
cat_boundaries=0 1 2 3 4 5 6 7 8 9 10 11 12 13 14 15 16
cat_threshold=550986 131105 71816 131105 491569 548864 72088 131585 1152 294916 4353 549120 17154 4096 131585 131093
is_linear=0
shrinkage=0.03


Tree=9
num_leaves=63
num_cat=19
split_feature=6 6 6 6 6 24 6 24 12 24 6 24 24 17 13 6 23 13 24 6 20 24 10 10 12 20 24 10 12 17 27 10 24 17 21 24 12 12 12 24 21 23 24 23 21 24 17 23 12 24 17 24 24 17 12 12 21 27 17 20 17 24
split_gain=9814.18 1679.22 743.205 296.936 292.187 152.782 97.0907 67.4852 64.1936 41.236 35.2931 33.1893 30.042 25.1399 30.3038 23.4426 22.7025 21.4048 20.9204 19.4081 19.123 18.1853 15.5526 14.261 13.026 12.8902 12.8099 12.6223 12.1889 11.2611 11.1601 11.124 10.108 10.0925 10.869 12.4389 10.0383 9.96943 9.91552 9.62933 9.46144 8.93656 8.53255 8.41552 8.3993 9.90479 10.7444 8.1127 8.07447 11.8394 9.45375 8.04139 7.65884 15.4214 7.5331 7.4931 7.50271 7.40648 7.31923 7.26065 7.1415 8.42706
threshold=1.6250000000000002 0.73214286565780651 2.7678571939468388 0.44642856717109686 1.053571403026581 0 3.6250000000000004 1 1.1250000000000002 2 1.9821428656578066 3 4 2.5000000000000004 2.120000004768372 2.0178571939468388 1.0000000180025095e-35 3.2849999666213994 5 4.8392858505249032 2.5000000000000004 6 1.4612334966659548 1.1755914092063906 0.62500000000000011 2.5000000000000004 7 0.78204792737960827 2.8750000000000004 3.5000000000000004 8 0.48377145826816564 9 3.5000000000000004 24.500000000000004 10 2.8750000000000004 0.62500000000000011 0.87500000000000011 11 30.500000000000004 1.5000000000000002 12 1.5000000000000002 26.500000000000004 13 2.5000000000000004 2.5000000000000004 1.8750000000000002 14 2.5000000000000004 15 16 5.5000000000000009 2.1250000000000004 1.3750000000000002 7.5000000000000009 17 3.5000000000000004 2.5000000000000004 3.5000000000000004 18
decision_type=2 2 2 2 2 1 2 1 2 1 2 1 1 2 2 2 2 2 1 2 2 1 2 2 2 2 1 2 2 2 1 2 1 2 2 1 2 2 2 1 2 2 1 2 2 1 2 2 2 1 2 1 1 2 2 2 2 1 2 2 2 1
left_child=1 3 5 12 11 15 32 27 9 43 48 25 13 40 -15 26 17 -13 33 -8 38 37 47 -22 39 -3 -2 -5 44 41 -31 -14 -4 51 35 -35 -24 -9 -19 -11 59 57 -12 -6 45 46 -17 -20 49 50 -7 -10 -40 -54 -34 -27 -57 -23 -29 -1 -51 -62
right_child=2 4 6 7 8 10 19 21 18 24 42 16 31 14 -16 28 -18 20 22 -21 23 29 36 -25 -26 55 -28 58 -30 30 -32 -33 54 34 -36 -37 -38 -39 52 -41 -42 -43 -44 -45 -46 -47 -48 -49 -50 60 -52 -53 53 -55 -56 56 -58 -59 -60 -61 61 -63
leaf_value=0 0 0 0 0 0 0 0 0 0 0 0 0 0 0 0 0 0 0 0 0.022806931759636957 0 0 0 0 0 0 0 0 0 0 0 0 0 0 0 0 0 0 0 0 0 0 0 0 0 0 0 0 0 0 0 0 0 0 0 0 0 0 0 0 0 0
leaf_weight=2863 1317 4280 1123 6898 15404 703 39602 4794 5302 4730 633 2633 958 2728 9216 1326 1200 7998 17603 35317 18202 3355 10584 8042 12280 8589 7074 4332 9106 2603 5473 3391 8312 1265 916 2410 1448 3703 1636 3367 233 302 11983 411 3089 14739 1273 347 7958 5312 422 3252 4574 491 25438 436 1510 7099 3174 5870 2270 2512
leaf_count=2863 1317 4280 1123 6898 15404 703 39602 4794 5302 4730 633 2633 958 2728 9216 1326 1200 7998 17603 35317 18202 3355 10584 8042 12280 8589 7074 4332 9106 2603 5473 3391 8312 1265 916 2410 1448 3703 1636 3367 233 302 11983 411 3089 14739 1273 347 7958 5312 422 3252 4574 491 25438 436 1510 7099 3174 5870 2270 2512
internal_value=-0.0068724 -0.0113423 -0.00174528 -0.0152435 -0.00946087 -0.00416769 -0.000207064 -0.0136897 -0.0082683 -0.00919993 -0.00570201 -0.0110483 -0.0178108 -0.0183212 -0.0192312 -0.00287916 -0.0114681 -0.0115828 -0.00748647 0.000401594 -0.0114142 -0.0127808 -0.00703268 -0.0118994 -0.0101069 -0.00976492 -0.00427923 -0.0153946 -0.00248234 -0.0133454 -0.0141991 -0.0152794 -0.00151467 -0.00850969 -0.00965084 -0.0103796 -0.00620047 -0.0115151 -0.0105479 -0.0110459 -0.0171294 -0.0127168 -0.00447146 -0.0080199 -0.00288926 -0.00314604 -0.00486508 -0.00759443 -0.00651452 -0.00703298 -0.0100573 -0.00790718 -0.00969661 -0.0103182 -0.00142002 -0.0103355 -0.00865468 -0.0128638 -0.014554 -0.0172886 -0.00667933 -0.00752698
internal_weight=385411 205902 179509 66992 138910 69717 109792 41733 79319 36192 31793 59591 25259 20910 11944 37924 44776 43576 43127 74919 40943 27329 29982 26244 20377 14815 8391 14404 29533 18832 8076 4349 34873 13145 4591 3675 12032 8497 14699 8097 8966 10756 12616 15815 20427 17338 2599 17950 19177 11219 1125 8554 6701 5065 33750 10535 1946 10454 7506 8733 10094 4782
internal_count=385411 205902 179509 66992 138910 69717 109792 41733 79319 36192 31793 59591 25259 20910 11944 37924 44776 43576 43127 74919 40943 27329 29982 26244 20377 14815 8391 14404 29533 18832 8076 4349 34873 13145 4591 3675 12032 8497 14699 8097 8966 10756 12616 15815 20427 17338 2599 17950 19177 11219 1125 8554 6701 5065 33750 10535 1946 10454 7506 8733 10094 4782
cat_boundaries=0 1 2 3 4 5 6 7 8 9 10 11 12 13 14 15 16 17 18 19
cat_threshold=551242 33 532236 72072 131105 296997 69392 548864 1 1152 4 360576 21 256 262160 34817 528 1 70660
is_linear=0
shrinkage=0.03


Tree=10
num_leaves=63
num_cat=17
split_feature=6 6 6 6 6 24 6 15 15 24 6 13 6 22 22 24 19 15 6 24 19 15 24 6 15 24 27 19 19 24 15 10 24 19 15 19 24 24 25 19 15 10 15 10 23 13 24 18 13 18 25 24 23 15 19 25 10 21 21 21 24 13
split_gain=9836.47 1631.54 802.527 327.261 232.524 156.416 91.8327 78.1978 56.1901 54.7863 43.9258 36.7138 33.2109 26.8725 26.7117 24.7739 25.8244 23.2701 22.3184 22.085 21.9181 21.2543 20.591 17.5753 16.1237 14.9569 14.239 17.7359 14.0562 13.9258 13.437 13.2787 12.9182 12.6382 12.5193 11.6784 11.065 10.8201 11.4718 10.7007 10.5567 9.92182 9.66062 9.48272 9.43819 9.30767 9.16166 9.11005 8.89647 8.79805 9.80849 11.9636 8.56354 8.55626 8.48554 8.25897 8.23236 8.01551 8.08603 7.85696 8.04657 7.66277
threshold=1.5892856717109682 0.69642856717109691 2.7678571939468388 1.053571403026581 0.44642856717109686 0 3.6250000000000004 0.91289180517196666 0.79698431491851818 1 1.9464285969734194 2.4250000715255742 1.2321428656578066 1.0000000180025095e-35 1.0000000180025095e-35 2 23.500000000000004 0.9991869628429414 2.0178571939468388 3 45.500000000000007 0.80553331971168529 4 4.8392858505249032 0.8995385766029359 5 6 28.500000000000004 16.500000000000004 7 0.9991869628429414 1.1755914092063906 8 18.500000000000004 0.84593328833580028 47.500000000000007 9 10 11 24.500000000000004 0.83485752344131481 1.225525498390198 0.84091734886169445 0.80771952867507946 1.5000000000000002 4.6150000095367441 12 10.500000000000002 10.204999923706056 5.5000000000000009 13 14 2.5000000000000004 0.72387105226516735 15.500000000000002 15 0.48377145826816564 15.500000000000002 1.5000000000000002 18.500000000000004 16 8.9349999427795428
decision_type=2 2 2 2 2 1 2 2 2 1 2 2 2 2 2 1 2 2 2 1 2 2 1 2 2 1 1 2 2 1 2 2 1 2 2 2 1 1 1 2 2 2 2 2 2 2 1 2 2 2 1 1 2 2 2 1 2 2 2 2 1 2
left_child=1 4 5 8 13 18 30 53 25 21 17 -10 32 19 15 57 36 -7 29 26 31 -6 52 -8 -12 41 27 -1 -19 -2 -4 -18 -9 -26 -11 39 -17 -30 -39 -36 -20 45 -31 -23 49 -3 -32 56 -49 -24 -51 -52 -14 -5 -45 -15 -29 58 -13 -35 -61 -46
right_child=2 3 6 7 9 10 23 12 11 34 24 14 22 55 -16 16 20 28 40 -21 -22 43 44 -25 33 -27 -28 47 37 42 46 -33 -34 59 35 -37 -38 38 -40 -41 -42 -43 -44 54 61 -47 -48 48 -50 50 51 -53 -54 -55 -56 -57 -58 -59 -60 60 -62 -63
leaf_value=0 0 0 0.025711974299999999 0 0 0 0 0 0 0 0 0 0 0 0 0 0 0 -0.0016952156999999999 0 0 0 0 0.022122723806847846 0 0 0 0 0 0.028278594300000001 0 0 0 0 0 0 0 0 0 0 0 0 0 0 0 0 0 0 0 0 0 0 0 0 0 0 0 0 0 0 0 0
leaf_weight=3427 1324 199 3500 1166 815 2226 39645 13463 2765 1265 1678 231 16339 489 1621 2822 20284 6168 1985 2325 8010 8201 10240 35112 5957 2004 8240 1367 8002 295 1026 7975 12361 6517 4224 2495 12338 3101 3005 11471 23085 250 4971 1259 564 552 30406 3430 833 5882 4191 4934 336 6334 5392 200 5019 3683 3516 2557 2027 141
leaf_count=3427 1324 199 3500 1166 815 2226 39645 13463 2765 1265 1678 231 16339 489 1621 2822 20284 6168 1985 2325 8010 8201 10240 35112 5957 2004 8240 1367 8002 295 1026 7975 12361 6517 4224 2495 12338 3101 3005 11471 23085 250 4971 1259 564 552 30406 3430 833 5882 4191 4934 336 6334 5392 200 5019 3683 3516 2557 2027 141
internal_value=-0.0068651 -0.0114153 -0.0018148 -0.00966025 -0.0155438 -0.00425452 -0.000193392 -0.00831611 -0.0112012 -0.0139637 -0.00547241 -0.0113917 -0.00863475 -0.0177347 -0.0112371 -0.0113417 -0.011585 -0.00636717 -0.00266561 -0.0178981 -0.0120219 -0.0153268 -0.00812042 0.000399976 -0.00440073 -0.00719301 -0.0182174 -0.0176458 -0.00668682 -0.00422003 -0.00146324 -0.0124146 -0.00948374 -0.00467675 -0.0128515 -0.0130588 -0.0105475 -0.0072091 -0.0081985 -0.0133619 -0.00225808 -0.0102344 -0.0049094 -0.0155955 -0.00756968 -0.0120599 -0.00165958 -0.0182499 -0.0171759 -0.0076682 -0.00813081 -0.00877997 -0.00896764 -0.005408 -0.0147537 -0.0118911 -0.0189668 -0.00962903 -0.0106189 -0.00527493 -0.0043233 -0.00414894
internal_weight=385240 202653 182587 142201 60452 72898 109689 75951 66250 35122 41238 63245 68451 25330 60480 58859 51429 22502 31660 24641 36269 15667 42627 74757 18736 3005 22316 14076 20276 6590 34932 28259 25824 17058 19455 18190 15160 14108 6106 15695 25070 1001 5266 14852 25952 751 31432 10649 4263 25247 15007 9125 16675 7500 6651 689 6386 7430 3747 11101 4584 705
internal_count=385240 202653 182587 142201 60452 72898 109689 75951 66250 35122 41238 63245 68451 25330 60480 58859 51429 22502 31660 24641 36269 15667 42627 74757 18736 3005 22316 14076 20276 6590 34932 28259 25824 17058 19455 18190 15160 14108 6106 15695 25070 1001 5266 14852 25952 751 31432 10649 4263 25247 15007 9125 16675 7500 6651 689 6386 7430 3747 11101 4584 705
cat_boundaries=0 1 2 3 4 5 6 7 8 9 10 11 12 13 14 15 16 17
cat_threshold=550986 131105 71688 131109 491569 21 1 548864 72092 896 4993 1 1152 1 22792 12 135440
is_linear=0
shrinkage=0.03


Tree=11
num_leaves=63
num_cat=13
split_feature=7 7 7 7 7 15 24 12 24 15 7 12 19 20 12 15 15 23 15 7 19 19 24 21 13 19 19 23 24 24 24 19 24 21 19 24 24 19 12 15 19 19 24 21 19 19 15 12 24 12 7 21 7 21 12 24 19 19 24 15 7 19
split_gain=10075.2 1935.57 527.349 390.179 317.754 77.9064 72.8555 70.268 66.2945 55.7969 53.6176 41.7134 34.9475 33.9125 31.7012 28.7113 28.37 25.4498 21.4245 20.7193 20.5611 20.4717 20.4213 20.0977 19.8394 19.7943 18.8219 18.6886 17.7884 17.784 17.555 16.9964 15.1267 14.6131 14.3226 13.24 13.0607 12.3667 11.9742 11.9227 11.7557 11.7538 11.4141 11.2256 11.2136 11.9202 11.5994 11.0256 13.9445 10.684 10.624 10.4431 12.1966 10.3672 10.2395 9.94006 13.5784 9.88652 9.83227 9.21142 9.13131 8.72309
threshold=1.741071403026581 0.81250000000000011 2.991071462631226 0.49107143282890325 1.1339285969734194 0.91289180517196666 0 0.62500000000000011 1 0.86604186892509472 3.866071462631226 1.6250000000000002 47.500000000000007 2.5000000000000004 2.6250000000000004 0.89709714055061351 0.91289180517196666 1.0000000180025095e-35 0.8933892846107484 2.0446429252624516 21.500000000000004 17.500000000000004 2 19.500000000000004 10.444999694824221 19.500000000000004 37.500000000000007 2.5000000000000004 3 4 5 25.500000000000004 6 25.500000000000004 25.500000000000004 7 8 33.500000000000007 1.8750000000000002 0.83184513449668895 25.500000000000004 36.500000000000007 9 2.5000000000000004 5.5000000000000009 7.5000000000000009 0.99001988768577587 0.62500000000000011 10 1.0000000180025095e-35 1.5803571343421938 20.500000000000004 0.7053571641445161 26.500000000000004 1.6250000000000002 11 51.500000000000007 7.5000000000000009 12 0.71422553062438976 2.0446429252624516 13.500000000000002
decision_type=2 2 2 2 2 2 1 2 1 2 2 2 2 2 2 2 2 2 2 2 2 2 1 2 2 2 2 2 1 1 1 2 1 2 2 1 1 2 2 2 2 2 1 2 2 2 2 2 1 2 2 2 2 2 2 1 2 2 1 2 2 2
left_child=1 3 6 17 9 -6 15 22 20 -3 -4 13 16 36 21 -2 59 24 -8 -17 51 29 -7 47 34 60 30 54 -25 -9 37 -12 -27 61 44 -13 49 -23 53 -22 -32 -41 -16 -43 46 -46 -1 48 -15 -11 -42 52 -5 -21 -28 -14 -57 -35 -36 -10 -20 -18
right_child=2 4 10 8 5 7 18 14 12 11 31 35 55 23 42 19 33 -19 25 38 39 26 -24 28 -26 32 27 -29 -30 -31 40 -33 -34 57 58 -37 -38 -39 -40 41 50 43 -44 -45 45 -47 -48 -49 -50 -51 -52 -53 -54 -55 -56 56 -58 -59 -60 -61 -62 -63
leaf_value=0 0 0 0 0 0 0 0 0 0 0 0.021459042092642412 0 0 0 0 0 0 0 0 0 0 0 0 0 0 0 0 0.011288652791140089 0 0 0 -0.00070536902349392649 0 0 0 0 0 0 0 0 0 0 0 0 0 0 0 0 0 0 0 0 0 0 0 0 0 0 0 0 0 0
leaf_weight=351 4464 4583 32327 3019 7865 4977 2111 8520 290 523 35859 3490 1353 2449 2330 5499 2057 737 4342 9794 663 6595 6605 332 7813 6334 8692 305 11527 6514 8945 32086 6616 130 1410 4267 9894 1933 22907 6810 8439 300 2963 4380 410 2455 1222 12020 5011 7924 1462 2189 980 1768 4320 2634 371 3592 12343 2330 4139 16718
leaf_count=351 4464 4583 32327 3019 7865 4977 2111 8520 290 523 35859 3490 1353 2449 2330 5499 2057 737 4342 9794 663 6595 6605 332 7813 6334 8692 305 11527 6514 8945 32086 6616 130 1410 4267 9894 1933 22907 6810 8439 300 2963 4380 410 2455 1222 12020 5011 7924 1462 2189 980 1768 4320 2634 371 3592 12343 2330 4139 16718
internal_value=-0.00687578 -0.011147 -0.00136575 -0.0150635 -0.00909769 -0.00785391 -0.00340568 -0.00816116 -0.0134405 -0.0107114 1.71136e-05 -0.0109656 -0.0125276 -0.011285 -0.00775453 -0.00268854 -0.0129621 -0.0179656 -0.00475603 -0.00294401 -0.0148928 -0.00796528 -0.0103034 -0.0118846 -0.0181214 -0.00504209 -0.00831479 -0.00738973 -0.010911 -0.00701929 -0.00876481 0.000495622 -0.00577992 -0.0133062 -0.0175783 -0.00891956 -0.0102605 -0.00757625 -0.00267118 -0.0156176 -0.0092937 -0.0158433 -0.0055358 -0.0146859 -0.0160964 -0.0149791 -0.0181316 -0.0124774 -0.0133834 -0.0111894 -0.0100108 -0.0134932 -0.0125814 -0.00345823 -0.00756179 -0.0100519 -0.0110697 -0.0115889 -0.0180565 -0.0100076 -0.00391546 -0.0136466
internal_weight=385288 217042 168246 74557 142485 80465 67974 72600 47816 62020 100272 57437 29475 49680 61018 44432 25117 26741 23542 39968 18341 55725 11582 31339 26004 21431 40691 13317 11859 15034 27374 67945 12950 22497 18191 7757 18341 8528 34469 12153 18846 11490 5293 4680 4438 2865 1573 19480 7460 8447 9901 6188 3999 11562 13012 4358 3005 3722 13753 2620 8481 18775
internal_count=385288 217042 168246 74557 142485 80465 67974 72600 47816 62020 100272 57437 29475 49680 61018 44432 25117 26741 23542 39968 18341 55725 11582 31339 26004 21431 40691 13317 11859 15034 27374 67945 12950 22497 18191 7757 18341 8528 34469 12153 18846 11490 5293 4680 4438 2865 1573 19480 7460 8447 9901 6188 3999 11562 13012 4358 3005 3722 13753 2620 8481 18775
cat_boundaries=0 1 2 3 4 5 6 7 8 9 10 11 12 13
cat_threshold=551242 32801 229425 6144 37773 6424 135680 199064 426032 269445 101384 65796 295440
is_linear=0
shrinkage=0.03


Tree=12
num_leaves=63
num_cat=3
split_feature=6 6 6 6 6 6 6 15 13 15 12 15 12 15 22 12 15 6 13 6 17 12 6 6 18 12 14 13 6 15 19 18 13 13 18 13 27 17 17 19 13 19 27 19 26 10 23 23 15 15 17 22 14 10 17 17 14 12 18 6 14 13
split_gain=9877.99 1635.98 806.491 280.64 279.964 148.458 97.8713 74.9588 49.4115 48.4638 47.8215 35.3964 30.074 28.5591 25.6459 21.7053 18.7834 18.6893 23.4902 18.5055 18.2107 17.2941 16.8201 16.7511 16.375 16.1271 15.4364 15.3743 15.3321 15.0262 14.5797 14.5276 12.8283 12.1118 11.8685 11.0485 10.8799 16.4413 10.6018 10.5849 9.1011 8.97244 8.95837 10.2838 8.83329 10.2108 8.37061 8.22534 8.19357 8.07937 8.07337 7.95376 7.81316 7.68493 9.22886 7.67433 8.6069 7.47445 7.22919 7.21831 7.13116 8.50418
threshold=1.5892856717109682 0.73214286565780651 2.7321428060531621 0.44642856717109686 1.0892856717109682 2.0178571939468388 3.6250000000000004 0.91289180517196666 3.2350000143051152 0.79698431491851818 0.62500000000000011 0.8933892846107484 0.87500000000000011 0.84593328833580028 1.0000000180025095e-35 2.6250000000000004 0.89709714055061351 0.5892857313156129 9.5999999046325701 0.33928571641445165 2.5000000000000004 2.8750000000000004 5.1250000000000009 0.91071426868438732 6.5000000000000009 1.8750000000000002 1.0379781723022463 4.6250000000000009 1.2321428656578066 0.9991869628429414 47.500000000000007 5.5000000000000009 11.329999923706056 3.3950001001358037 5.5000000000000009 2.120000004768372 0 4.5000000000000009 3.5000000000000004 45.500000000000007 4.4749999046325692 19.500000000000004 1 10.500000000000002 2 1.225525498390198 2.5000000000000004 2.5000000000000004 0.7833717167377473 0.72387105226516735 3.5000000000000004 1.0000000180025095e-35 1.0745506882667544 1.37302702665329 1.5000000000000002 5.5000000000000009 1.0463367700576784 2.1250000000000004 2.5000000000000004 0.48214285075664526 1.0745506882667544 8.1350002288818377
decision_type=2 2 2 2 2 2 2 2 2 2 2 2 2 2 2 2 2 2 2 2 2 2 2 2 2 2 2 2 2 2 2 2 2 2 2 2 1 2 2 2 2 2 1 2 1 2 2 2 2 2 2 2 2 2 2 2 2 2 2 2 2 2
left_child=1 3 5 14 9 11 29 49 31 44 42 -2 33 26 19 28 60 18 -15 20 -1 58 41 40 -25 27 59 -13 -12 -4 55 -5 -21 -11 -35 -22 37 53 52 -36 -14 -8 -9 -44 45 -3 -29 50 -33 -6 -26 -45 -20 54 -30 56 -19 -31 -18 -10 -7 -62
right_child=2 4 6 8 7 16 22 10 13 12 15 25 23 17 -16 -17 21 30 38 32 35 -23 -24 24 47 -27 -28 46 36 57 -32 48 -34 34 39 -37 -38 -39 -40 -41 -42 -43 43 51 -46 -47 -48 -49 -50 -51 -52 -53 -54 -55 -56 -57 -58 -59 -60 -61 61 -63
leaf_value=0 0 0 0.024940615071 0 0 0 0.022163160496857685 0 0 0 0 0 0 0 0 0 0 0 0 0 0 0 0.02081527082986314 0 0 0 0 0 0 0 0 0 0 0 0 0 0 0 0 0 0 -0.00068420795278910872 0 0 0 0 0 0 0 0 0 0 0 0 0 0 0 0 0 0 0.028329450770999999 0
leaf_weight=5439 2692 664 3673 3662 1086 3698 14657 1930 119 1773 14870 2698 2944 6206 703 3532 1850 10346 3468 9358 1080 10276 28007 6664 6093 11948 645 14437 879 8215 2565 245 2484 8674 17579 6225 25835 2255 2835 5174 9810 32296 1047 7206 1958 275 253 194 5204 5925 4222 199 207 3409 1308 2217 2474 24687 23042 1588 150 220
leaf_count=5439 2692 664 3673 3662 1086 3698 14657 1930 119 1773 14870 2698 2944 6206 703 3532 1850 10346 3468 9358 1080 10276 28007 6664 6093 11948 645 14437 879 8215 2565 245 2484 8674 17579 6225 25835 2255 2835 5174 9810 32296 1047 7206 1958 275 253 194 5204 5925 4222 199 207 3409 1308 2217 2474 24687 23042 1588 150 220
internal_value=-0.00686751 -0.0114301 -0.00181135 -0.0152621 -0.00953334 -0.00430425 -0.000218541 -0.00820407 -0.0137524 -0.0109322 -0.00853418 -0.00581978 -0.0111063 -0.0132075 -0.0177565 -0.00816361 -0.00306713 -0.0134546 -0.0143309 -0.017918 -0.0187114 -0.00329038 0.000402215 -0.0104166 -0.00980498 -0.0061219 -0.010023 -0.00670497 -0.00832877 -0.00149077 -0.0128215 -0.015706 -0.0170642 -0.011728 -0.0115919 -0.0196899 -0.00797459 -0.00895262 -0.0155899 -0.0119519 -0.0112402 5.51404e-05 -0.0103934 -0.0108145 -0.00713807 -0.00961328 -0.00632267 -0.0105427 -0.016688 -0.00526273 -0.0106578 -0.011208 -0.0145265 -0.00808113 -0.00946914 -0.0131781 -0.0128963 -0.00169394 -0.00371782 -0.008529 -0.00113717 -0.00510811
internal_weight=385374 202575 182799 67070 135505 71264 111535 69481 41781 66024 62470 32028 63127 32670 25289 52088 39236 30318 12716 24586 12744 35168 74960 29927 17173 29336 2352 17388 48556 36575 17602 9111 11842 33200 31427 7305 33686 7851 6510 22753 12754 46953 10382 8452 2897 939 14690 10509 5449 7011 10315 7405 3675 5596 2187 15037 12820 32902 24892 1707 4068 370
internal_count=385374 202575 182799 67070 135505 71264 111535 69481 41781 66024 62470 32028 63127 32670 25289 52088 39236 30318 12716 24586 12744 35168 74960 29927 17173 29336 2352 17388 48556 36575 17602 9111 11842 33200 31427 7305 33686 7851 6510 22753 12754 46953 10382 8452 2897 939 14690 10509 5449 7011 10315 7405 3675 5596 2187 15037 12820 32902 24892 1707 4068 370
cat_boundaries=0 1 2 3
cat_threshold=4 2 1
is_linear=0
shrinkage=0.03


Tree=13
num_leaves=63
num_cat=3
split_feature=7 7 7 7 7 7 15 15 7 13 18 15 19 15 17 13 19 7 15 18 19 14 13 13 13 17 19 17 18 19 17 18 19 13 7 17 15 13 17 18 7 17 14 19 7 19 19 17 17 13 13 17 25 26 14 25 19 19 15 19 19 14
split_gain=10152.9 1752.84 695.161 397.56 270.358 116.067 73.5071 61.5357 46.2323 44.6229 42.9787 33.7944 30.9277 32.1593 27.1071 34.7648 24.8455 23.5881 23.454 21.3205 28.2448 16.6781 15.89 15.7751 15.0851 20.2785 13.8013 15.0645 13.5154 12.8367 12.816 11.9698 11.3571 11.2433 11.0152 11.0085 10.9302 10.0729 16.8854 10.0598 10.4766 9.81926 9.76536 9.73777 13.0836 9.65953 13.6761 9.36525 9.3449 14.2924 9.87088 9.87029 9.15092 9.05643 8.94506 8.80459 8.72557 8.65643 8.63492 8.51252 12.1322 8.83545
threshold=1.6339285969734194 0.81250000000000011 2.991071462631226 0.50892856717109691 1.151785731315613 1.9732142686843874 0.91289180517196666 0.85983565449714672 4.1517856121063241 3.2350000143051152 6.5000000000000009 0.89709714055061351 47.500000000000007 0.91289180517196666 2.5000000000000004 8.1750001907348651 45.500000000000007 2.4196429252624516 0.8609888255596162 4.5000000000000009 45.500000000000007 1.0543610453605654 2.4250000715255742 9.6250000000000018 9.6849999427795428 4.5000000000000009 28.500000000000004 3.5000000000000004 5.5000000000000009 13.500000000000002 4.5000000000000009 5.5000000000000009 25.500000000000004 3.0449999570846562 0.99107143282890331 4.5000000000000009 0.71422553062438976 10.444999694824221 5.5000000000000009 2.5000000000000004 1.7589285969734194 4.5000000000000009 1.0140845179557803 27.500000000000004 0.33035713434219366 18.500000000000004 33.500000000000007 1.5000000000000002 1.5000000000000002 5.9949998855590829 11.670000076293947 1.0000000180025095e-35 0 1 1.023218631744385 2 10.500000000000002 16.500000000000004 0.75996127724647533 36.500000000000007 40.500000000000007 1.0354286432266238
decision_type=2 2 2 2 2 2 2 2 2 2 2 2 2 2 2 2 2 2 2 2 2 2 2 2 2 2 2 2 2 2 2 2 2 2 2 2 2 2 2 2 2 2 2 2 2 2 2 2 2 2 2 2 1 1 2 1 2 2 2 2 2 2
left_child=1 3 5 14 7 18 -6 54 47 31 22 -7 13 36 43 33 -12 45 -2 -8 23 29 57 55 25 28 -26 59 -25 -15 -19 -5 -10 -16 48 53 -11 -17 -39 -20 -41 -36 -37 44 -1 -13 -47 -4 49 51 -50 -24 -48 -31 -3 -21 -53 -9 -38 61 -61 -28
right_child=2 4 8 9 6 11 19 10 32 12 16 17 -14 21 15 37 -18 30 39 20 -22 -23 34 24 26 -27 27 -29 -30 35 -32 -33 -34 -35 41 42 58 38 -40 40 -42 -43 -44 -45 -46 46 52 -49 50 -51 -52 56 -54 -55 -56 -57 -58 -59 -60 60 -62 -63
leaf_value=0 0 0 0 0 0 0 0 0 0.020190812704967243 0 0 0 0 0 0 0 0 0 0 0 0 0 0 0 0 0 0 0 0 0 0 0 0.020855745038451338 0 0 0 0 0 0 0 0 0 0 0 0 0 0 0 0 0 0 0 0 0 0 0 0 0 0 0 0 0
leaf_weight=1247 1619 2592 11771 4160 6690 5579 17067 201 32486 288 27722 5235 4960 3325 5767 4962 9738 20308 1952 5898 6685 4138 631 112 6191 200 1164 2389 381 5877 8190 4847 26877 1133 7508 3384 752 3441 1161 8007 9490 2948 2855 8424 2773 7045 3734 29458 8104 2181 446 199 4897 9131 2063 19717 414 331 2054 665 675 762
leaf_count=1247 1619 2592 11771 4160 6690 5579 17067 201 32486 288 27722 5235 4960 3325 5767 4962 9738 20308 1952 5898 6685 4138 631 112 6191 200 1164 2389 381 5877 8190 4847 26877 1133 7508 3384 752 3441 1161 8007 9490 2948 2855 8424 2773 7045 3734 29458 8104 2181 446 199 4897 9131 2063 19717 414 331 2054 665 675 762
internal_value=-0.00687239 -0.0113582 -0.00158148 -0.0150396 -0.00930149 -0.00374582 -0.00798738 -0.0106867 5.49349e-05 -0.0133001 -0.0109427 -0.0030204 -0.0128364 -0.01318 -0.0177939 -0.0185926 -0.0115691 -0.00327031 -0.00563917 -0.00831021 -0.00865369 -0.0134932 -0.00992079 -0.00896886 -0.00984074 -0.0141429 -0.00958906 -0.0106605 -0.0108742 -0.0131965 -0.00270882 -0.0151925 0.000590924 -0.0169696 -0.00979925 -0.0134677 -0.0102741 -0.0197635 -0.0207744 -0.00592797 -0.00615586 -0.0090878 -0.0145268 -0.0167372 -0.0155224 -0.00403553 -0.00440814 -0.000716801 -0.0104205 -0.00909635 -0.0109509 -0.0116624 -0.00360758 -0.0130275 -0.00736305 -0.00854206 -0.0143736 -0.0150451 -0.0108453 -0.00933619 -0.0075 -0.0106137
internal_weight=385001 208353 176648 74679 133674 76056 68596 65078 100592 45771 60423 54988 36764 31804 28908 16464 37460 49409 21068 61906 44839 28710 22963 38154 12539 693 11846 5655 493 24572 28498 9007 59363 6900 22431 21247 3094 9564 4602 19449 17497 10456 6239 12444 4020 20911 15676 41229 11975 3425 8550 1244 8631 15008 4655 25615 613 532 2806 3266 1340 1926
internal_count=385001 208353 176648 74679 133674 76056 68596 65078 100592 45771 60423 54988 36764 31804 28908 16464 37460 49409 21068 61906 44839 28710 22963 38154 12539 693 11846 5655 493 24572 28498 9007 59363 6900 22431 21247 3094 9564 4602 19449 17497 10456 6239 12444 4020 20911 15676 41229 11975 3425 8550 1244 8631 15008 4655 25615 613 532 2806 3266 1340 1926
cat_boundaries=0 1 2 3
cat_threshold=3 1 1
is_linear=0
shrinkage=0.03


Tree=14
num_leaves=63
num_cat=2
split_feature=7 7 7 7 7 7 15 12 15 6 12 13 15 20 15 17 13 22 15 6 12 12 12 22 13 6 7 22 12 23 22 23 23 10 17 26 17 13 13 15 7 20 15 10 13 15 20 7 17 13 17 13 17 23 12 26 17 13 15 17 13 13
split_gain=10133.1 1765.87 691.174 382.882 243.061 123.437 75.2026 60.1395 59.2678 47.4934 46.8365 42.4108 28.335 26.9721 26.8105 25.9968 31.0249 26.0944 25.627 23.7965 21.8637 19.866 18.3071 18.8367 17.7599 16.8558 15.249 14.4023 13.4094 12.8537 11.3322 11.0389 10.5073 10.4915 10.3515 13.5324 10.1125 10.0724 9.93072 9.47753 9.07563 9.06293 8.98458 8.92485 8.73754 8.25309 8.2374 8.22345 10.6249 8.01775 11.3188 7.82413 14.0935 7.80501 8.073 7.80208 7.61936 7.52081 7.50811 7.50636 10.1114 8.86595
threshold=1.6339285969734194 0.81250000000000011 2.991071462631226 0.50892856717109691 1.151785731315613 2.0446429252624516 0.91289180517196666 0.62500000000000011 0.86604186892509472 3.6250000000000004 1.3750000000000002 3.2350000143051152 0.89709714055061351 2.5000000000000004 0.91289180517196666 3.5000000000000004 9.7699999809265154 1.0000000180025095e-35 0.8609888255596162 0.48214285075664526 1.8750000000000002 2.6250000000000004 0.37500000000000006 1.0000000180025095e-35 7.9149999618530282 5.0892858505249032 0.65178570151329052 1.0000000180025095e-35 0.62500000000000011 2.5000000000000004 1.0000000180025095e-35 2.5000000000000004 1.5000000000000002 1.2087581753730776 2.5000000000000004 0 4.5000000000000009 5.8949999809265146 2.4250000715255742 0.9991869628429414 0.41964286565780645 2.5000000000000004 0.71422553062438976 1.3216696381568911 4.3550000190734872 0.77564415335655224 1.5000000000000002 2.4196429252624516 4.5000000000000009 11.670000076293947 1.5000000000000002 4.6000001430511483 4.5000000000000009 2.5000000000000004 2.1250000000000004 1 1.5000000000000002 10.444999694824221 0.80118870735168468 5.5000000000000009 10.444999694824221 10.219999790191652
decision_type=2 2 2 2 2 2 2 2 2 2 2 2 2 2 2 2 2 2 2 2 2 2 2 2 2 2 2 2 2 2 2 2 2 2 2 1 2 2 2 2 2 2 2 2 2 2 2 2 2 2 2 2 2 2 2 1 2 2 2 2 2 2
left_child=1 3 5 15 8 18 -6 32 55 39 13 -5 -7 38 42 19 17 40 -2 27 -14 24 -16 26 37 34 -24 58 -20 41 33 46 -8 -15 35 -11 -26 53 -10 -4 -17 44 -13 -43 -12 -21 -30 -22 -49 51 -51 -40 -53 54 -9 -3 -41 -45 -1 60 -18 -61
right_child=2 4 9 11 6 12 7 21 10 25 29 14 20 30 22 16 59 -19 28 45 47 -23 23 -25 36 -27 -28 -29 31 -31 -32 -33 -34 -35 -36 -37 -38 -39 49 56 -42 43 -44 57 -46 -47 -48 48 -50 50 -52 52 -54 -55 -56 -57 -58 -59 -60 61 -62 -63
leaf_value=0 0 0 0.024658159910855178 0 0 0 0 0 0 0.022222946717771908 0 0 0 0 0 0 0 0 0 0 0 0 0 0 0 0.019585088323818226 0 0 0 0 0 0 0 0 0.020892541300802939 -0.0014120273452132702 0 0 0 0 0 0 0 0 0 0 0 0 0 0 0 0 0 -0.00072000057399272915 0 0 0 0 0 0 0 0
leaf_weight=584 1977 2845 2522 9051 6759 5214 9860 12908 390 4710 920 300 15988 19234 9972 3511 1749 157 1799 122 9356 4080 8157 599 15840 28989 14454 352 3855 212 812 388 231 9456 25973 14786 6130 10686 4449 6624 2631 5289 3182 2070 4509 2749 17411 14627 5574 179 666 7945 3628 304 1764 2026 16927 525 12630 719 2322 1325
leaf_count=584 1977 2845 2522 9051 6759 5214 9860 12908 390 4710 920 300 15988 19234 9972 3511 1749 157 1799 122 9356 4080 8157 599 15840 28989 14454 352 3855 212 812 388 231 9456 25973 14786 6130 10686 4449 6624 2631 5289 3182 2070 4509 2749 17411 14627 5574 179 666 7945 3628 304 1764 2026 16927 525 12630 719 2322 1325
internal_value=-0.00684694 -0.01133 -0.00156315 -0.0150291 -0.00926725 -0.00371829 -0.00802039 -0.00834896 -0.0105793 7.01576e-05 -0.0108365 -0.0133213 -0.00286359 -0.0112862 -0.0128673 -0.0177352 -0.0187714 -0.0172937 -0.0054243 -0.0169525 -0.00310341 -0.00793557 -0.0131301 -0.0126682 -0.00810766 0.000456016 -0.0128074 -0.0174777 -0.00570081 -0.0092817 -0.0118373 -0.00549404 -0.0104674 -0.0119362 9.56037e-05 -0.000426857 -0.00873373 -0.00757166 -0.0103441 -0.00103176 -0.0176024 -0.00939841 -0.010363 -0.0100479 -0.00845515 -0.0144713 -0.00558554 -0.00261999 -0.00227944 -0.0102347 -0.0130828 -0.0100845 -0.00967346 -0.00807372 -0.0081723 -0.00739622 -0.00121893 -0.00860694 -0.0176372 -0.0202935 -0.0210383 -0.0188102
internal_weight=385003 208283 176720 74566 133717 76189 68562 61803 65155 100531 60284 45715 50759 46759 36664 28851 12414 6299 25430 16437 45545 51712 33182 23210 47632 74458 22611 13566 23453 13525 29502 21654 10091 28690 45469 19496 21970 25662 17257 26073 6142 13313 3482 7884 5429 2871 21266 29557 20201 16867 845 16022 11573 14976 14672 4871 23551 2595 13214 6115 4071 2044
internal_count=385003 208283 176720 74566 133717 76189 68562 61803 65155 100531 60284 45715 50759 46759 36664 28851 12414 6299 25430 16437 45545 51712 33182 23210 47632 74458 22611 13566 23453 13525 29502 21654 10091 28690 45469 19496 21970 25662 17257 26073 6142 13313 3482 7884 5429 2871 21266 29557 20201 16867 845 16022 11573 14976 14672 4871 23551 2595 13214 6115 4071 2044
cat_boundaries=0 1 2
cat_threshold=1 12
is_linear=0
shrinkage=0.03


Tree=15
num_leaves=63
num_cat=3
split_feature=7 7 7 7 7 7 15 12 15 7 12 19 15 18 15 7 22 12 17 6 15 19 19 19 23 18 25 12 19 19 12 23 15 21 21 21 7 14 21 19 19 23 25 23 14 21 12 15 14 19 21 11 18 17 25 22 14 12 19 12 21 19
split_gain=10097.5 1865.83 594.491 393.373 286.847 91.9865 74.2082 67.8927 56.6006 52.7965 46.4409 40.5689 33.6891 33.2939 28.3257 27.1636 26.4658 26.0775 24.283 23.0621 22.5202 20.9985 20.9207 18.3669 17.3291 16.6347 18.1862 16.4347 16.1208 14.3994 13.6891 13.3567 13.2904 13.2235 12.9672 12.2523 12.2447 10.7558 10.3799 10.3043 10.2172 10.0053 9.87838 9.71286 9.42495 9.19486 9.10444 8.84761 9.20565 8.81938 9.00139 8.56396 10.0286 8.31133 16.0651 8.45787 8.29272 8.15057 8.06585 8.03959 7.78887 7.6295
threshold=1.6875000000000002 0.81250000000000011 2.991071462631226 0.49107143282890325 1.151785731315613 2.1696429252624516 0.91289180517196666 0.62500000000000011 0.87994369864463817 3.6517857313156132 1.6250000000000002 47.500000000000007 0.83881488442420971 6.5000000000000009 0.8609888255596162 0.65178570151329052 1.0000000180025095e-35 2.6250000000000004 3.5000000000000004 0.48214285075664526 0.89709714055061351 42.500000000000007 6.5000000000000009 25.500000000000004 2.5000000000000004 4.5000000000000009 0 2.3750000000000004 15.500000000000002 24.500000000000004 2.3750000000000004 1.5000000000000002 0.70575505495071422 13.500000000000002 11.500000000000002 3.5000000000000004 0.56250000000000011 1.0360628962516787 26.500000000000004 42.500000000000007 37.500000000000007 2.5000000000000004 1 2.5000000000000004 1.023218631744385 16.500000000000004 0.62500000000000011 0.79887476563453685 1.0150708556175234 13.500000000000002 15.500000000000002 0.44642856717109686 5.5000000000000009 3.5000000000000004 2 1.0000000180025095e-35 1.0423223376274111 3.1250000000000004 8.5000000000000018 0.87500000000000011 9.5000000000000018 24.500000000000004
decision_type=2 2 2 2 2 2 2 2 2 2 2 2 2 2 2 2 2 2 2 2 2 2 2 2 2 2 1 2 2 2 2 2 2 2 2 2 2 2 2 2 2 2 1 2 2 2 2 2 2 2 2 2 2 2 1 2 2 2 2 2 2 2
left_child=1 3 5 16 8 14 56 31 44 58 13 12 32 59 -2 29 18 24 19 -1 -7 45 -17 57 25 -9 40 41 -22 -14 38 -8 -5 34 -23 -28 -13 -34 -30 -31 51 49 -20 -12 47 53 -24 -3 -49 -16 -51 -27 -53 55 -55 -15 -6 -11 -4 -10 -48 -37
right_child=2 4 9 11 6 20 7 17 10 23 43 36 15 21 27 22 -18 -19 42 -21 28 33 46 -25 -26 26 35 -29 30 39 -32 -33 37 -35 -36 61 -38 -39 -40 -41 -42 -43 -44 -45 -46 -47 60 48 -50 50 -52 52 -54 54 -56 -57 -58 -59 -60 -61 -62 -63
leaf_value=0 0 0 0.025325102421653721 0 0 0 0 0 0 -0.0039875146565660994 0 0 0 0 0 0 0 0 0 0 0 0 0 -0.00072851373373128219 0 0 0 0 0 0 0 0 0 0 0 0 0 0 0 0 0 0 0 0 0 0 0 0 0 0 0 0 0 0 0 0 0 0.018997535674103679 0 0 0 0
leaf_weight=12679 2079 1742 1828 109 5291 4608 10385 13725 10747 7223 8068 921 6587 5634 3084 1044 744 4726 1925 2176 8497 4167 9806 36395 993 4237 2681 6728 13477 8773 15591 251 1951 7497 706 7438 4672 734 2500 3324 6330 321 9176 138 2390 8876 2901 1023 280 7223 7392 133 411 1392 3922 217 1934 31543 23558 8307 7131 15222
leaf_count=12679 2079 1742 1828 109 5291 4608 10385 13725 10747 7223 8068 921 6587 5634 3084 1044 744 4726 1925 2176 8497 4167 9806 36395 993 4237 2681 6728 13477 8773 15591 251 1951 7497 706 7438 4672 734 2500 3324 6330 321 9176 138 2390 8876 2901 1023 280 7223 7392 133 411 1392 3922 217 1934 31543 23558 8307 7131 15222
internal_value=-0.00688072 -0.0112387 -0.00147227 -0.0150636 -0.00918251 -0.0035635 -0.00790147 -0.00821505 -0.0106338 1.4829e-05 -0.0109007 -0.0134386 -0.0137557 -0.0112349 -0.00495206 -0.0139805 -0.017982 -0.00779702 -0.0181419 -0.0173487 -0.00272964 -0.01182 -0.013237 0.000414351 -0.00799394 -0.00807161 -0.00840678 -0.0052346 -0.00295807 -0.0148115 -0.00327027 -0.010412 -0.0105719 -0.010848 -0.0120646 -0.00886462 -0.0110372 -0.0109888 -0.0038874 -0.0154261 -0.00734799 -0.00570699 -0.0192034 -0.00880478 -0.00770285 -0.0124199 -0.0134548 -0.00659606 -0.00846585 -0.00580219 -0.00610982 -0.00840138 -0.0119449 -0.0129928 -0.0138517 -0.0122128 -0.00501384 0.000868751 -0.00116805 -0.0102397 -0.0128194 -0.00864122
internal_weight=385563 213516 172047 74653 138863 71500 73757 66532 65106 100547 59671 47953 42360 51465 26827 39566 26700 55896 25956 14855 44673 32411 20882 75161 51170 50177 36452 24748 40065 18684 31568 10636 2794 12370 4873 25341 5593 2685 15977 12097 11111 18020 11101 8206 5435 20041 19838 3045 1303 17699 14615 4781 544 11165 5314 5851 7225 38766 25386 19054 10032 22660
internal_count=385563 213516 172047 74653 138863 71500 73757 66532 65106 100547 59671 47953 42360 51465 26827 39566 26700 55896 25956 14855 44673 32411 20882 75161 51170 50177 36452 24748 40065 18684 31568 10636 2794 12370 4873 25341 5593 2685 15977 12097 11111 18020 11101 8206 5435 20041 19838 3045 1303 17699 14615 4781 544 11165 5314 5851 7225 38766 25386 19054 10032 22660
cat_boundaries=0 1 2 3
cat_threshold=1 2 2
is_linear=0
shrinkage=0.03


Tree=16
num_leaves=63
num_cat=1
split_feature=7 7 7 7 7 7 7 13 18 19 18 19 17 13 19 19 13 10 22 14 13 19 6 22 23 19 25 19 7 13 13 14 7 19 23 7 17 13 13 17 19 21 13 17 19 13 17 21 21 7 19 14 7 22 17 21 13 21 21 17 23 17
split_gain=10072 1838 596.295 400.442 285.192 87.4997 51.1718 50.2726 48.1544 39.5076 33.8268 29.7212 26.2486 26.7097 24.8204 23.818 20.727 19.9193 18.7743 18.0319 17.177 17.1188 16.6 16.5654 16.2738 15.6865 15.0079 14.5974 14.4384 12.8314 16.5102 11.9896 10.7375 10.569 10.5626 10.1698 10.0866 11.6838 11.1496 10.2157 10.9734 9.9004 10.4577 9.8759 16.5614 15.9171 10.1049 15.8924 10.25 9.85659 13.4365 9.82012 9.65031 9.40268 9.39347 9.39299 9.31527 9.1691 9.08241 10.9999 9.06208 8.87199
threshold=1.6875000000000002 0.81250000000000011 2.991071462631226 0.49107143282890325 1.151785731315613 2.1696429252624516 3.6517857313156132 3.2350000143051152 6.5000000000000009 47.500000000000007 4.5000000000000009 43.500000000000007 3.5000000000000004 9.7699999809265154 6.5000000000000009 42.500000000000007 8.9049997329711932 1.1755914092063906 1.0000000180025095e-35 1.0495188236236574 2.4250000715255742 25.500000000000004 0.48214285075664526 1.0000000180025095e-35 2.5000000000000004 21.500000000000004 0 15.500000000000002 1.9375000000000002 11.230000019073488 10.204999923706056 1.0832131505012514 0.99107143282890331 16.500000000000004 2.5000000000000004 2.4553570747375493 1.5000000000000002 11.670000076293947 4.7400000095367441 1.0000000180025095e-35 10.500000000000002 18.500000000000004 10.444999694824221 3.5000000000000004 28.500000000000004 9.7049999237060565 1.0000000180025095e-35 10.500000000000002 21.500000000000004 0.66964283585548412 5.5000000000000009 1.0136243700981142 1.3482142686843874 1.0000000180025095e-35 4.5000000000000009 26.500000000000004 10.045000076293947 1.5000000000000002 27.500000000000004 1.0000000180025095e-35 2.5000000000000004 4.5000000000000009
decision_type=2 2 2 2 2 2 2 2 2 2 2 2 2 2 2 2 2 2 2 2 2 2 2 2 2 2 1 2 2 2 2 2 2 2 2 2 2 2 2 2 2 2 2 2 2 2 2 2 2 2 2 2 2 2 2 2 2 2 2 2 2 2
left_child=1 3 5 12 8 28 -4 25 20 14 -6 16 22 18 49 17 24 -10 -14 29 33 -8 23 -1 52 -5 -13 -7 34 30 58 35 36 -3 -2 -29 38 51 39 -22 -41 -19 -43 46 45 -45 47 -18 -49 50 -9 -38 -12 -17 -37 -50 -11 -47 -16 -60 -28 -34
right_child=2 4 6 7 10 27 21 9 15 56 11 26 13 -15 19 53 43 41 -20 -21 32 -23 -24 -25 -26 -27 60 31 -30 -31 -32 -33 61 -35 -36 54 37 -39 -40 40 -42 42 -44 44 -46 57 -48 48 55 -51 -52 -53 -54 -55 -56 -57 -58 -59 59 -61 -62 -63
leaf_value=0 0 0 0 0 0 0 0.018427609603880568 0 0 0 0 0 0 0 0 0 0 0 0 0 0 -0.00062062655254191672 0 0 0 0 0 0 0 0 0 0 0 0 0.029099999999999997 0 0 0 0 0 0 0 0 0 0 0 0 0 0 0 0 0 0 0 0 0 0 0 0 0 0.0056125930735773334 0
leaf_weight=12644 14168 206 25541 4201 20705 9492 38682 818 16227 3452 10681 5800 5460 5692 18562 15023 805 5212 137 5832 676 36541 2192 381 501 5748 4379 11204 12508 2172 2119 1334 8344 374 248 16063 4937 483 2373 226 447 2543 693 518 2987 132 6317 729 348 1010 130 3762 16582 674 6386 261 1662 2744 302 1909 123 3224
leaf_count=12644 14168 206 25541 4201 20705 9492 38682 818 16227 3452 10681 5800 5460 5692 18562 15023 805 5212 137 5832 676 36541 2192 381 501 5748 4379 11204 12508 2172 2119 1334 8344 374 248 16063 4937 483 2373 226 447 2543 693 518 2987 132 6317 729 348 1010 130 3762 16582 674 6386 261 1662 2744 302 1909 123 3224
internal_value=-0.00686145 -0.0112157 -0.00146288 -0.0150206 -0.009179 -0.00356023 2.33418e-05 -0.013384 -0.0106202 -0.0128865 -0.00789809 -0.00830039 -0.0179794 -0.0190755 -0.0132683 -0.0112614 -0.00865004 -0.0118426 -0.0176039 -0.0134759 -0.00958702 0.000417279 -0.0171663 -0.0175727 -0.00816626 -0.0152822 -0.0068544 -0.00274316 -0.00491004 -0.0131263 -0.0133354 -0.00302624 -0.00946608 -0.0146897 -0.00555716 -0.00291567 -0.0100611 -0.0105951 -0.00874369 -0.0109214 -0.0135379 -0.0106612 -0.00935785 -0.00955508 -0.0104462 -0.00901237 -0.00888298 -0.0106631 -0.00865919 -0.00999285 -0.0121899 -0.0103429 -0.00826472 -0.0103478 -0.00254724 -0.011532 -0.0104337 -0.00814047 -0.0130781 -0.0112605 -0.00818351 -0.00880239
internal_weight=385626 213459 172167 74423 139036 71403 100764 47917 65424 37968 73612 52907 26506 11289 32854 40372 42605 24675 5597 30896 25052 75223 15217 13025 27764 9949 10302 44479 26924 25064 22892 34987 24472 580 14416 33653 12904 9182 3722 1349 673 8448 3236 14841 6381 3394 8460 2143 1338 1958 948 8699 27263 15697 22449 609 5114 2876 20773 2211 4502 11568
internal_count=385626 213459 172167 74423 139036 71403 100764 47917 65424 37968 73612 52907 26506 11289 32854 40372 42605 24675 5597 30896 25052 75223 15217 13025 27764 9949 10302 44479 26924 25064 22892 34987 24472 580 14416 33653 12904 9182 3722 1349 673 8448 3236 14841 6381 3394 8460 2143 1338 1958 948 8699 27263 15697 22449 609 5114 2876 20773 2211 4502 11568
cat_boundaries=0 1
cat_threshold=1
is_linear=0
shrinkage=0.03


Tree=17
num_leaves=63
num_cat=3
split_feature=5 10 5 11 11 11 10 10 10 10 12 5 10 12 10 11 12 22 12 11 11 11 11 12 19 19 23 19 23 12 12 25 12 12 11 14 25 17 11 14 19 25 11 12 10 22 10 23 19 11 19 19 12 14 19 12 14 5 21 19 10 11
split_gain=9288.35 1643.14 711.822 348.275 320.181 137.624 108.681 77.3758 61.3269 49.6309 48.9419 48.5419 39.3827 36.1814 35.7302 26.7872 23.1399 22.6189 21.9925 20.1373 14.973 14.7857 14.708 14.5567 14.0805 14.05 13.8747 12.954 12.3103 12.2519 12.2306 11.8998 11.3336 11.2618 11.1113 10.8454 10.7433 10.737 18.3882 10.4737 9.90058 9.5589 9.46899 8.87292 8.76253 8.75379 8.5646 8.33502 8.20159 8.05925 8.01431 8.038 7.95616 7.94994 7.76812 7.59333 7.53312 7.43139 7.39117 7.32535 7.24312 7.20248
threshold=1.6785714626312258 0.93915662169456493 3.0357142686843877 0.41071428358554846 0.62500000000000011 0.26785714924335485 1.4800971746444704 1.2573741078376772 1.8203777074813845 0.72974225878715526 1.3750000000000002 3.9642857313156132 0.80771952867507946 1.1250000000000002 2.1289728879928593 0.51785713434219371 0.87500000000000011 1.0000000180025095e-35 2.3750000000000004 0.12500000372529033 0.48214285075664526 0.69642856717109691 0.12500000372529033 5.3750000000000009 47.500000000000007 27.500000000000004 2.5000000000000004 7.5000000000000009 1.5000000000000002 0.62500000000000011 1.3750000000000002 0 2.3750000000000004 0.62500000000000011 0.51785713434219371 1.013765871524811 1 2.5000000000000004 0.73214286565780651 1.0423223376274111 22.500000000000004 2 0.26785714924335485 2.6250000000000004 2.5056059360504155 1.0000000180025095e-35 2.9153665304183964 1.5000000000000002 25.500000000000004 0.26785714924335485 18.500000000000004 20.500000000000004 2.8750000000000004 1.037086606025696 27.500000000000004 2.6250000000000004 0.8765360713005067 0.60714286565780651 25.500000000000004 24.500000000000004 0.86565703153610241 0.30357143282890325
decision_type=2 2 2 2 2 2 2 2 2 2 2 2 2 2 2 2 2 2 2 2 2 2 2 2 2 2 2 2 2 2 2 1 2 2 2 2 1 2 2 2 2 1 2 2 2 2 2 2 2 2 2 2 2 2 2 2 2 2 2 2 2 2
left_child=1 4 5 6 12 8 13 15 19 17 28 22 34 29 33 40 35 37 44 -2 30 25 -4 48 27 -11 55 -17 41 -3 -14 -31 -21 -7 -1 -9 -37 54 -39 56 57 -8 -43 61 -10 -27 -24 49 -13 -15 -16 -52 -35 -44 -6 -18 -22 -5 -33 -51 -41 -12
right_child=2 3 11 7 9 14 10 16 18 21 43 23 20 47 50 24 26 -19 -20 32 39 -23 46 -25 -26 45 -28 -29 -30 31 -32 58 -34 52 -36 36 -38 38 -40 60 -42 42 53 -45 -46 -47 -48 -49 -50 59 51 -53 -54 -55 -56 -57 -58 -59 -60 -61 -62 -63
leaf_value=0 0 0 0 0 0 0 0 0 0 0 0 0.017874781315764157 0 0 0 0 0 0 0 0 0 0 0 0.017874781315764157 0 0 0 0 0 0 0 0 0 0 0 0 0 0 0 0 0 0 0 0 0 0 0 0 -0.00072718456030301695 0 0 0 0 0 0 0 0 0 0 0 0 0
leaf_weight=6831 2739 7516 18658 507 2850 1777 4274 5633 13947 2304 4994 19718 7677 4961 1839 952 12640 602 22285 8342 939 3449 10213 23432 2029 4014 257 15443 311 7880 1279 5271 3162 12718 10800 3048 3053 5929 6382 947 16054 1180 4738 4289 5634 101 7460 638 17824 8565 252 3901 1496 1715 6331 1176 7685 6738 1118 10142 1407 5587
leaf_count=6831 2739 7516 18658 507 2850 1777 4274 5633 13947 2304 4994 19718 7677 4961 1839 952 12640 602 22285 8342 939 3449 10213 23432 2029 4014 257 15443 311 7880 1279 5271 3162 12718 10800 3048 3053 5929 6382 947 16054 1180 4738 4289 5634 101 7460 638 17824 8565 252 3901 1496 1715 6331 1176 7685 6738 1118 10142 1407 5587
internal_value=-0.00686204 -0.0111147 -0.00176468 -0.00925039 -0.0148877 -0.00389802 -0.00781663 -0.0108041 -0.00310971 -0.0170948 -0.00630855 -5.25666e-05 -0.0130098 -0.00870294 -0.00591007 -0.0116027 -0.00951288 -0.0178849 -0.00253122 -0.00481015 -0.0120963 -0.0153259 -0.000920619 0.000464657 -0.0124576 -0.0144747 -0.0086926 -0.0127493 -0.00771534 -0.00959077 -0.011186 -0.00907443 -0.00536057 -0.00665043 -0.0140427 -0.0104967 -0.0113731 -0.0180455 -0.0186246 -0.012839 -0.0109268 -0.00786924 -0.00853605 -0.00515266 -0.00326475 -0.0155249 -0.00154082 -0.00790718 9.84498e-05 -0.00799839 -0.00393425 -0.00466434 -0.00636893 -0.00899907 -0.017269 -0.00882108 -0.0123548 -0.0100062 -0.0100942 -0.00828348 -0.0146126 -0.00561922
internal_weight=385633 210236 175397 140709 69527 78092 73179 67530 56109 31962 27088 97305 37565 46091 21983 41723 25807 22094 41866 14243 19934 9868 36331 60974 18424 6419 14073 16395 12218 21785 8956 14269 11504 15991 17631 11734 6101 21492 12311 10978 23299 11907 7633 14870 19581 4115 17673 24306 37542 23668 5992 4153 14214 6453 9181 13816 8624 7245 6389 18707 2354 10581
internal_count=385633 210236 175397 140709 69527 78092 73179 67530 56109 31962 27088 97305 37565 46091 21983 41723 25807 22094 41866 14243 19934 9868 36331 60974 18424 6419 14073 16395 12218 21785 8956 14269 11504 15991 17631 11734 6101 21492 12311 10978 23299 11907 7633 14870 19581 4115 17673 24306 37542 23668 5992 4153 14214 6453 9181 13816 8624 7245 6389 18707 2354 10581
cat_boundaries=0 1 2 3
cat_threshold=9 9 1
is_linear=0
shrinkage=0.03


Tree=18
num_leaves=63
num_cat=3
split_feature=5 10 5 11 11 11 5 10 10 10 15 13 13 15 10 11 5 15 15 11 17 10 15 13 13 15 15 11 10 19 19 11 19 11 13 23 18 11 15 17 13 13 18 17 26 11 23 10 19 11 27 13 27 15 21 18 10 10 18 5 5 13
split_gain=9329.52 1427.27 1002.53 313.95 232.697 129.719 122.082 103.267 82.1542 63.4649 55.9475 48.7528 41.0486 37.1416 34.3661 32.0023 27.5484 26.1285 25.4345 23.3403 20.825 20.3554 19.2113 18.5046 17.9924 17.5603 17.5567 17.129 16.7844 16.1472 16.7532 16.1172 15.9166 15.3227 14.9519 14.6547 14.6214 14.1599 13.1347 13.1299 12.9457 13.0624 12.7688 11.8347 11.6124 11.3706 10.3786 10.2468 9.73654 9.69483 9.3242 10.9814 9.02312 8.55743 8.55623 8.44829 8.40701 8.25102 8.18022 8.08734 7.74996 8.06034
threshold=1.5357142686843874 0.86565703153610241 2.5357142686843877 0.41071428358554846 0.62500000000000011 0.26785714924335485 3.3214286565780644 1.1461999416351321 1.4148896932601931 1.7885685563087466 0.87994369864463817 2.4250000715255742 2.8299999237060551 0.9991869628429414 2.0968266725540166 0.69642856717109691 4.9642856121063241 0.9991869628429414 0.84593328833580028 0.55357143282890331 2.5000000000000004 1.1381011605262759 0.79887476563453685 3.4250000715255742 8.2049999237060565 0.8933892846107484 0.9991869628429414 0.37500000000000006 2.8413627147674565 23.500000000000004 45.500000000000007 0.33928571641445165 47.500000000000007 0.12500000372529033 10.059999942779543 2.5000000000000004 6.5000000000000009 0.12500000372529033 0.89709714055061351 3.5000000000000004 3.8449999094009404 6.9949998855590829 4.5000000000000009 1.5000000000000002 0 0.69642856717109691 2.5000000000000004 2.5543829202651982 21.500000000000004 0.5892857313156129 1 4.6000001430511483 2 0.87715458869934093 16.500000000000004 5.5000000000000009 1.8025987148284914 1.3802076578140261 3.5000000000000004 0.60714286565780651 0.82142856717109691 3.3349999189376835
decision_type=2 2 2 2 2 2 2 2 2 2 2 2 2 2 2 2 2 2 2 2 2 2 2 2 2 2 2 2 2 2 2 2 2 2 2 2 2 2 2 2 2 2 2 2 1 2 2 2 2 2 1 2 1 2 2 2 2 2 2 2 2 2
left_child=1 4 5 8 11 9 28 12 10 33 -3 55 48 54 17 34 37 -7 -13 22 -17 36 -14 -15 -22 -10 -11 46 -4 59 -31 56 45 -2 40 39 -12 -8 -35 -20 -6 -42 49 -36 -23 -21 -19 -28 -5 -25 58 -52 -38 -16 -9 -1 -27 -44 -41 -24 -33 -62
right_child=2 3 6 7 15 14 16 13 25 26 21 18 19 23 53 20 -18 27 35 32 24 44 29 42 -26 31 47 -29 -30 30 -32 60 -34 38 43 -37 52 -39 -40 50 41 -43 57 -45 -46 -47 -48 -49 -50 -51 51 -53 -54 -55 -56 -57 -58 -59 -60 -61 61 -63
leaf_value=0 0 0 0 0 0 0 0.017258877596971849 0 0 0 0 0 0 0 0 0 0.017338537876291228 0 0 0 0 0 0 0 0 0 0 0 0 0 0 0 0 0 0 0 0 0 0 0 0 0 0 0 0 0 0 0 0 0 0 0 0 0 0 0 0 0 0 0 0 0
leaf_weight=2074 2096 3860 25656 2132 3410 2242 35737 1612 1899 2842 7400 1379 1255 1560 463 8044 32644 16463 10721 9296 4051 10016 857 6683 6543 8327 16907 5040 8861 12776 3998 658 1534 1248 877 401 1494 16930 12057 338 1854 3132 14187 2192 10305 852 345 5152 1838 334 899 3998 7154 5302 1710 2917 3383 9548 2902 6748 149 8450
leaf_count=2074 2096 3860 25656 2132 3410 2242 35737 1612 1899 2842 7400 1379 1255 1560 463 8044 32644 16463 10721 9296 4051 10016 857 6683 6543 8327 16907 5040 8861 12776 3998 658 1534 1248 877 401 1494 16930 12057 338 1854 3132 14187 2192 10305 852 345 5152 1838 334 899 3998 7154 5302 1710 2917 3383 9548 2902 6748 149 8450
internal_value=-0.00687981 -0.0114762 -0.00214398 -0.00986005 -0.0155366 -0.00499207 -0.000476483 -0.0111466 -0.00829154 -0.00388179 -0.00910768 -0.0134357 -0.0121679 -0.00996346 -0.00649087 -0.0173252 0.000132609 -0.00698879 -0.0127922 -0.0118593 -0.0180924 -0.00947216 -0.0113528 -0.010274 -0.0189662 -0.00685568 -0.00294554 -0.00730529 -0.00198189 -0.0115392 -0.012059 -0.00710588 -0.0129707 -0.00539556 -0.0160781 -0.013074 -0.0102708 -0.000291814 -0.00577114 -0.0131947 -0.0154231 -0.0144489 -0.0101123 -0.01787 -0.00884144 -0.0134013 -0.00684531 -0.00323147 -0.015068 -0.00898803 -0.0141034 -0.0132773 -0.0111085 -0.00441023 -0.00694281 -0.0160964 -0.00636635 -0.0104447 -0.0153519 -0.0103925 -0.00804137 -0.00780126
internal_weight=385732 195747 189985 140015 55732 70157 119828 76920 63095 40302 40229 25629 41286 35634 29855 30103 85311 24090 20638 37316 18638 36369 25634 32312 10594 22866 24901 21848 34517 24379 16774 20967 11682 15401 11465 19259 16048 52667 13305 18858 8396 4986 30752 3069 20321 10148 16808 22059 3970 7017 8137 4897 8648 5765 3322 4991 11710 23735 3240 7605 9257 8599
internal_count=385732 195747 189985 140015 55732 70157 119828 76920 63095 40302 40229 25629 41286 35634 29855 30103 85311 24090 20638 37316 18638 36369 25634 32312 10594 22866 24901 21848 34517 24379 16774 20967 11682 15401 11465 19259 16048 52667 13305 18858 8396 4986 30752 3069 20321 10148 16808 22059 3970 7017 8137 4897 8648 5765 3322 4991 11710 23735 3240 7605 9257 8599
cat_boundaries=0 1 2 3
cat_threshold=6 4 2
is_linear=0
shrinkage=0.03


Tree=19
num_leaves=63
num_cat=14
split_feature=5 10 5 24 11 24 5 11 10 10 15 15 11 15 24 24 10 13 24 10 24 24 15 15 13 15 10 5 24 20 23 15 10 24 10 11 19 19 14 5 24 24 19 19 19 21 15 24 23 19 19 15 22 11 24 22 19 21 11 24 13 10
split_gain=9320.3 1510.08 849.31 349.991 296.333 180.457 120.003 85.1487 84.2625 72.0988 60.6594 43.7388 43.1758 40.9972 37.4265 30.5122 29.9551 29.0338 27.8877 26.1058 26.025 24.2619 24.1296 22.6436 22.4265 21.8045 20.6148 19.6441 17.7459 17.6463 17.4557 16.9321 16.6012 15.8905 15.2069 14.6694 13.52 20.4046 12.6936 12.4747 11.979 11.7363 11.0621 10.5989 10.5713 10.4321 10.0419 9.84861 9.70254 9.37683 9.25197 9.49334 9.1591 8.80054 8.65602 8.34994 8.3329 8.18489 8.08424 8.01853 7.6674 7.64084
threshold=1.6071428656578066 0.93915662169456493 2.5357142686843877 0 0.41071428358554846 1 3.5357142686843877 0.66071426868438732 1.4031206369400027 1.1461999416351321 0.87994369864463817 0.86914184689521801 0.5892857313156129 0.9991869628429414 2 3 0.78204792737960827 2.8299999237060551 4 2.0576819181442265 5 6 0.84593328833580028 0.80553331971168529 2.120000004768372 0.80754438042640697 1.7885685563087466 4.9642856121063241 7 2.5000000000000004 2.5000000000000004 0.8933892846107484 0.54337161779403698 8 2.8413627147674565 0.5892857313156129 23.500000000000004 45.500000000000007 1.0249089002609255 0.60714286565780651 9 10 18.500000000000004 10.500000000000002 24.500000000000004 14.500000000000002 0.80348095297813427 11 2.5000000000000004 45.500000000000007 15.500000000000002 0.83184513449668895 1.0000000180025095e-35 0.33928571641445165 12 1.0000000180025095e-35 25.500000000000004 1.5000000000000002 0.44642856717109686 13 3.3349999189376835 2.4897748231887822
decision_type=2 2 2 1 2 1 2 2 2 2 2 2 2 2 1 1 2 2 1 2 1 1 2 2 2 2 2 2 1 2 2 2 2 1 2 2 2 2 2 2 1 1 2 2 2 2 2 1 2 2 2 2 2 2 1 2 2 2 2 1 2 2
left_child=1 3 5 7 8 15 18 16 10 17 -3 38 22 -7 41 25 46 -6 -4 33 -12 -13 -5 -19 -9 -2 53 -8 45 -22 44 -16 -14 42 59 43 39 55 -11 -30 -34 -10 -15 -23 58 57 -1 -31 -45 54 -18 -52 -48 -27 -46 -38 -29 -25 -24 -20 -33 -28
right_child=2 4 6 12 9 13 27 24 14 11 20 21 32 19 31 -17 50 23 34 -21 29 35 30 28 -26 26 61 56 36 47 -32 60 40 -35 -36 -37 37 -39 -40 -41 -42 -43 -44 48 49 -47 52 -49 -50 -51 51 -53 -54 -55 -56 -57 -58 -59 -60 -61 -62 -63
leaf_value=0 0.026785206618869999 0 0 0 0 0 0 0 0 0 0 0 0 0 0 0 0 0 0 0 0 0 0 0 0 0 0 0.016818381740002494 0 0 0 0 0 0 0 0 0 0 0 0 0 0 0 0 0 0 0 0 0 0 0 0 0 0 0 0 0.018626594670409783 0 0 0 0 0
leaf_weight=358 969 3727 2974 1349 2484 3287 44173 4883 1144 1687 12926 6771 1485 4928 1697 13398 1543 1422 3712 6149 11976 2891 2057 118 15948 4888 7282 20720 1052 6089 432 280 3606 9908 12985 2701 12320 3735 1140 5261 5172 6590 8691 21001 7291 1925 9163 4125 409 3155 520 4867 249 769 3884 230 11970 1568 3430 23425 18000 2492
leaf_count=358 969 3727 2974 1349 2484 3287 44173 4883 1144 1687 12926 6771 1485 4928 1697 13398 1543 1422 3712 6149 11976 2891 2057 118 15948 4888 7282 20720 1052 6089 432 280 3606 9908 12985 2701 12320 3735 1140 5261 5172 6590 8691 21001 7291 1925 9163 4125 409 3155 520 4867 249 769 3884 230 11970 1568 3430 23425 18000 2492
internal_value=-0.00687527 -0.0113052 -0.00196185 -0.014894 -0.00943658 -0.00478955 -0.00048244 -0.0168663 -0.00802022 -0.0108495 -0.00892184 -0.00995492 -0.0125615 -0.00631944 -0.00675641 -0.003094 -0.0152748 -0.0119367 -0.00174963 -0.00667347 -0.00930806 -0.010255 -0.0118041 -0.0116574 -0.0181502 -0.00396344 -0.00423997 0.000228055 -0.0118575 -0.00994865 -0.012063 -0.00744679 -0.0141675 -0.00712836 -0.00154052 -0.0106706 -0.0121871 -0.0126494 -0.00637036 -0.0110139 -0.0136712 -0.00495713 -0.00643429 -0.0104414 -0.012193 -0.00973405 -0.0163449 -0.0108692 -0.0106716 -0.0126218 -0.0137662 -0.0143529 -0.0165325 -0.00568128 -0.0130295 -0.0132287 0.000785561 -0.011484 -0.0110733 -0.00194491 -0.00771663 -0.00340577
internal_weight=385381 202661 182720 69392 133269 62761 119959 37531 66554 66715 38843 36600 31861 32963 27711 29798 16700 30115 43096 29676 35116 33773 21598 27631 20831 16400 15431 76863 26209 22190 20249 19977 10263 23527 40122 27002 22598 16285 2827 6313 8778 7734 13619 24301 19817 3611 9770 10214 21410 14330 6930 5387 9412 5657 11175 12550 32690 1686 5487 27137 18280 9774
internal_count=385381 202661 182720 69392 133269 62761 119959 37531 66554 66715 38843 36600 31861 32963 27711 29798 16700 30115 43096 29676 35116 33773 21598 27631 20831 16400 15431 76863 26209 22190 20249 19977 10263 23527 40122 27002 22598 16285 2827 6313 8778 7734 13619 24301 19817 3611 9770 10214 21410 14330 6930 5387 9412 5657 11175 12550 32690 1686 5487 27137 18280 9774
cat_boundaries=0 1 2 3 4 5 6 7 8 9 10 11 12 13 14
cat_threshold=131105 551242 553288 2312 99476 548232 71944 71936 103040 32772 548928 229392 263812 16386
is_linear=0
shrinkage=0.03


Tree=20
num_leaves=63
num_cat=15
split_feature=7 7 7 7 7 7 7 15 7 15 15 19 24 24 21 17 24 15 24 17 15 23 19 19 24 23 19 19 10 24 23 19 27 24 13 23 19 24 17 24 21 19 19 14 19 19 19 17 15 24 17 17 24 24 19 24 14 19 7 24 17 13
split_gain=10043.1 1794.09 676.216 450.356 182.159 118.171 75.5025 73.2751 61.4753 53.1506 34.5702 33.8089 33.5461 32.1199 26.4611 25.4119 29.6057 24.6744 23.8491 30.436 22.7906 21.8539 23.7281 22.8838 18.4232 17.6402 17.5748 17.2193 17.0475 16.5397 16.4968 15.8872 15.3247 14.732 14.7123 14.3661 14.3463 13.7419 13.3531 17.5201 13.7935 13.2643 13.9477 13.2127 13.1606 12.6498 11.8484 11.8254 11.6838 11.166 12.3097 19.6944 14.3959 11.124 11.0883 10.933 10.9274 10.7218 10.4897 10.3615 11.3206 11.1907
threshold=1.6339285969734194 0.65178570151329052 2.991071462631226 1.1339285969734194 0.49107143282890325 1.9732142686843874 0.84821429848670971 0.91289180517196666 3.6517857313156132 0.87994369864463817 0.89709714055061351 25.500000000000004 0 1 15.500000000000002 3.5000000000000004 2 0.84593328833580028 3 4.5000000000000009 0.8933892846107484 2.5000000000000004 22.500000000000004 39.500000000000007 4 1.0000000180025095e-35 47.500000000000007 25.500000000000004 0.90209394693374645 5 2.5000000000000004 6.5000000000000009 6 7 8.9349999427795428 2.5000000000000004 15.500000000000002 8 4.5000000000000009 9 11.500000000000002 42.500000000000007 34.500000000000007 1.0745506882667544 19.500000000000004 44.500000000000007 21.500000000000004 1.0000000180025095e-35 0.72387105226516735 10 1.0000000180025095e-35 4.5000000000000009 11 12 26.500000000000004 13 1.0360628962516787 48.500000000000007 2.0982142686843877 14 2.5000000000000004 8.9749999046325701
decision_type=2 2 2 2 2 2 2 2 2 2 2 2 1 1 2 2 1 2 1 2 2 2 2 2 1 2 2 2 2 1 2 2 1 1 2 2 2 1 2 1 2 2 2 2 2 2 2 2 2 1 2 2 1 1 2 1 2 2 2 1 2 2
left_child=1 4 5 6 15 20 17 -5 -4 53 -7 33 46 44 30 28 -17 -3 19 47 -2 22 -20 55 -16 -18 31 -10 29 -1 -13 -19 56 -11 -23 -22 -15 -33 40 -40 -35 42 -26 48 -12 -31 -6 -9 -14 54 -51 -52 -53 -8 58 -24 -21 -50 -38 60 -25 -62
right_child=2 3 8 7 12 10 9 18 27 11 13 14 43 36 24 16 25 26 21 32 35 34 23 59 41 -27 -28 -29 -30 45 -32 37 -34 38 -36 -37 49 -39 39 -41 -42 -43 -44 -45 -46 -47 -48 -49 57 50 51 52 -54 -55 -56 -57 -58 -59 -60 -61 61 -63
leaf_value=0 0 0 0 0 0 0 0 0 0.016313830287802419 0 0 0 0 0 0 0 0 0 0 0 0 0 0 0 0 0 0 -0.00058084668526084133 0 0 0 0 0 0 0 0.028192594217150025 0 0 0 0 0 0 0 0 0 0 0 0 0 0 0 0 0 0 0 0 0 0 0 0 0 0
leaf_weight=10934 1807 2098 25429 7065 3285 5601 1711 2577 38582 5901 4318 15123 115 8215 3813 6041 5257 1447 18134 565 18958 756 8980 1191 4166 135 3840 36414 801 2290 417 4908 4468 3563 131 340 512 19886 1890 1833 5698 5101 3651 696 7348 1222 8206 10395 8891 2779 11327 1739 4032 3043 5850 8614 226 975 3365 7025 1147 389
leaf_count=10934 1807 2098 25429 7065 3285 5601 1711 2577 38582 5901 4318 15123 115 8215 3813 6041 5257 1447 18134 565 18958 756 8980 1191 4166 135 3840 36414 801 2290 417 4908 4468 3563 131 340 512 19886 1890 1833 5698 5101 3651 696 7348 1222 8206 10395 8891 2779 11327 1739 4032 3043 5850 8614 226 975 3365 7025 1147 389
internal_value=-0.00685839 -0.0113156 -0.00159403 -0.00977712 -0.016347 -0.0037252 -0.0112138 -0.00801112 2.2853e-05 -0.0105475 -0.0029939 -0.0108295 -0.0143372 -0.00324674 -0.0114194 -0.0180169 -0.0190861 -0.0123715 -0.00832837 -0.009274 -0.00563397 -0.00795284 -0.00804551 -0.00860352 -0.0105915 -0.0172314 -0.0125909 0.000455064 -0.0172151 -0.0174513 -0.0123108 -0.0128683 -0.0112042 -0.00982129 -0.00329087 -0.00593564 -0.00281934 -0.0130466 -0.0092064 -0.0107309 -0.0086035 -0.0111553 -0.0119405 -0.0130344 -0.0046259 -0.0153049 -0.0155227 -0.00849861 -0.012768 -0.00312789 -0.00271429 -0.00241467 -0.0038411 -0.00751325 -0.00396621 -0.00924963 -0.0150531 -0.0128788 -0.00272608 -0.00743786 -0.00907892 -0.00741016
internal_weight=385216 208600 176616 159752 48848 76191 88089 71663 100425 55910 55086 51156 22168 49485 32271 26680 11433 32179 64598 18231 21105 46367 45480 27346 16731 5392 30081 74996 15247 14446 15540 26241 5259 18885 887 19298 37819 24794 12984 3723 9261 12918 7817 10677 11666 3512 11491 12972 9981 29604 19877 17098 5771 4754 9727 17594 791 9866 3877 9752 2727 1536
internal_count=385216 208600 176616 159752 48848 76191 88089 71663 100425 55910 55086 51156 22168 49485 32271 26680 11433 32179 64598 18231 21105 46367 45480 27346 16731 5392 30081 74996 15247 14446 15540 26241 5259 18885 887 19298 37819 24794 12984 3723 9261 12918 7817 10677 11666 3512 11491 12972 9981 29604 19877 17098 5771 4754 9727 17594 791 9866 3877 9752 2727 1536
cat_boundaries=0 1 2 3 4 5 6 7 8 9 10 11 12 13 14 15
cat_threshold=32801 103553 131073 491553 202760 131108 1 393264 197384 98305 776 540674 132001 6296 2064
is_linear=0
shrinkage=0.03


Tree=21
num_leaves=63
num_cat=20
split_feature=6 6 6 6 24 24 6 15 6 15 12 24 6 10 24 10 20 15 17 17 24 6 15 12 27 17 24 12 6 24 20 15 15 24 12 24 15 24 12 6 24 21 25 12 22 20 21 24 17 22 17 25 21 25 24 24 17 24 17 15 23 24
split_gain=9877.78 1686.69 733.28 349.204 223.22 151.675 89.5664 77.3762 73.3137 63.4829 57.2777 34.1806 32.9888 28.1527 28.0555 27.3053 26.6917 26.3449 25.5532 25.3466 29.7048 23.5665 22.0316 21.1665 20.0267 23.1565 19.776 17.8298 17.6079 15.5298 15.4455 15.2671 15.2405 14.2373 14.0004 13.9101 13.71 13.0949 12.8539 12.0518 11.538 13.613 12.0917 11.3817 11.4767 11.0869 11.0546 10.9691 10.7199 10.6998 10.5879 9.82042 9.7954 9.76253 14.6556 11.5394 11.9305 9.59914 9.51097 9.34852 9.20632 8.80178
threshold=1.6250000000000002 0.69642856717109691 2.7678571939468388 1.0892856717109682 0 1 3.6964285373687749 0.91289180517196666 0.48214285075664526 0.79698431491851818 0.62500000000000011 2 2.0892857313156132 0.59491118788719188 3 1.4148896932601931 2.5000000000000004 0.8609888255596162 2.5000000000000004 2.5000000000000004 4 2.0178571939468388 0.80553331971168529 0.87500000000000011 5 5.5000000000000009 6 2.6250000000000004 4.9821429252624521 7 2.5000000000000004 0.82927751541137706 0.83485752344131481 8 2.3750000000000004 9 0.9991869628429414 10 3.3750000000000004 0.30357143282890325 11 24.500000000000004 12 0.62500000000000011 1.0000000180025095e-35 1.5000000000000002 30.500000000000004 13 3.5000000000000004 1.0000000180025095e-35 4.5000000000000009 14 26.500000000000004 15 16 17 4.5000000000000009 18 1.5000000000000002 0.84091734886169445 1.5000000000000002 19
decision_type=2 2 2 2 1 1 2 2 2 2 2 1 2 2 1 2 2 2 2 2 1 2 2 2 1 2 1 2 2 1 2 2 2 1 2 1 2 1 2 2 1 2 1 2 2 2 2 1 2 2 2 1 2 1 1 1 2 1 2 2 2 1
left_child=1 4 5 9 8 21 36 -5 18 29 14 19 17 -6 -9 26 23 -7 46 20 -11 33 50 -13 30 -26 -12 53 -8 -3 -20 -15 -23 -2 52 38 -4 -18 49 -32 60 58 -43 -39 -45 -22 -1 -38 -24 -19 -10 -50 61 55 -55 -17 -57 -47 -42 -35 -33 -34
right_child=2 3 6 7 13 12 28 10 22 11 15 16 -14 31 -16 27 37 35 24 -21 45 32 48 -25 25 -27 -28 -29 -30 -31 39 40 34 59 -36 -37 47 43 -40 -41 41 42 -44 44 -46 57 -48 -49 51 -51 -52 -53 -54 54 -56 56 -58 -59 -60 -61 -62 -63
leaf_value=0 0 0 0.02269289874889473 0 0 0 0.00010719283988224487 0 0 0 0 0 0 0 0 0 0 0 0 0 0 0 0 0 0 0 0 0 0.015824415379168344 0 0 0 0 -0.00056248882052551471 0 0 0 0 0 0 0 0 0 0 0 0 0 0 0 0 0 0 0 0 0 0 0 0 0 0 0 0
leaf_weight=9809 1299 1057 3780 7250 2423 1590 40803 2583 540 6975 4703 5346 9271 1206 8240 1516 6277 11939 2036 19514 1468 2215 7065 5069 3826 1263 23323 2923 31575 2209 2066 6890 2040 434 12506 7831 1074 6569 790 4144 2952 1319 1483 11679 297 5244 264 32694 1273 291 186 4067 2215 1875 14509 4170 1505 876 7487 6647 194 10636
leaf_count=9809 1299 1057 3780 7250 2423 1590 40803 2583 540 6975 4703 5346 9271 1206 8240 1516 6277 11939 2036 19514 1468 2215 7065 5069 3826 1263 23323 2923 31575 2209 2066 6890 2040 434 12506 7831 1074 6569 790 4144 2952 1319 1483 11679 297 5244 264 32694 1273 291 186 4067 2215 1875 14509 4170 1505 876 7487 6647 194 10636
internal_value=-0.0068652 -0.0113543 -0.00172538 -0.00960055 -0.015563 -0.00413245 -0.000199061 -0.00812939 -0.0170509 -0.0110721 -0.00845561 -0.0112647 -0.00566465 -0.0132807 -0.0104491 -0.0080599 -0.0105799 -0.00628836 -0.018062 -0.0119661 -0.0110225 -0.00285127 -0.0152614 -0.00930821 -0.0189235 -0.0204034 -0.0087127 -0.00736946 0.000417724 -0.00698469 -0.0180102 -0.0129412 -0.00245455 -0.00425656 -0.00264806 -0.0065722 -0.00138798 -0.0111177 -0.00594474 -0.0187536 -0.0131358 -0.0125196 -0.0106724 -0.0115497 -0.0110055 -0.0123633 -0.0169216 -0.00157978 -0.0155586 -0.00618888 -0.0101818 -0.016573 -0.00326956 -0.00764348 -0.00806746 -0.00665699 -0.00729551 -0.0129412 -0.0130274 -0.00478452 -0.0142498 -0.0035912
internal_weight=385300 205670 179630 145177 60493 69704 109926 72597 36539 72580 65347 69314 31712 23954 10823 54524 35237 22441 23408 34077 14563 37992 13131 10415 13335 5089 28026 26498 72378 3266 8246 21531 29612 8380 27397 20851 37548 24822 13020 6210 20325 13241 2802 18545 11976 7588 10073 33768 12405 12230 726 5340 14891 23575 16384 7191 5675 6120 10439 7081 7084 12676
internal_count=385300 205670 179630 145177 60493 69704 109926 72597 36539 72580 65347 69314 31712 23954 10823 54524 35237 22441 23408 34077 14563 37992 13131 10415 13335 5089 28026 26498 72378 3266 8246 21531 29612 8380 27397 20851 37548 24822 13020 6210 20325 13241 2802 18545 11976 7588 10073 33768 12405 12230 726 5340 14891 23575 16384 7191 5675 6120 10439 7081 7084 12676
cat_boundaries=0 1 2 3 4 5 6 7 8 9 10 11 12 13 14 15 16 17 18 19 20
cat_threshold=131105 551242 426021 131121 163841 1 528648 21 548864 70273 71688 32772 12 66688 8 1 163872 557704 262148 256
is_linear=0
shrinkage=0.03


Tree=22
num_leaves=63
num_cat=10
split_feature=6 6 6 6 6 6 6 15 15 12 15 6 12 15 15 23 12 12 6 6 17 6 15 25 27 12 23 23 15 9 23 23 25 23 25 14 9 23 23 14 11 14 14 17 27 12 15 17 15 27 17 14 14 23 25 27 14 27 15 27 15 12
split_gain=9810.66 1709.47 747.105 305.072 291.253 139.234 93.8196 75.2624 53.8237 50.573 37.165 32.9953 28.3206 24.7734 24.3868 22.3982 20.3219 19.1876 18.7382 17.8559 19.942 16.9707 16.1702 15.8666 19.2419 13.6822 12.9211 12.5158 12.5066 11.6047 11.2898 10.4649 10.3598 9.64115 8.63153 8.061 7.85765 7.80432 7.5537 7.54403 8.29307 7.47221 7.44101 7.34959 7.50734 7.25682 7.881 7.1922 6.6671 6.66321 9.28903 7.40611 6.53293 6.48871 6.46976 12.5931 6.39864 6.35115 6.18849 6.0755 6.02816 5.99571
threshold=1.6250000000000002 0.73214286565780651 2.7678571939468388 1.0892856717109682 0.44642856717109686 2.0178571939468388 3.6250000000000004 0.91289180517196666 0.86604186892509472 1.3750000000000002 0.8609888255596162 0.5892857313156129 0.87500000000000011 0.84593328833580028 0.83485752344131481 1.0000000180025095e-35 0.62500000000000011 2.8750000000000004 4.8392858505249032 0.33928571641445165 2.5000000000000004 0.94642856717109691 0.9991869628429414 0 1 1.8750000000000002 2.5000000000000004 1.0000000180025095e-35 0.82199543714523327 1.3486573100090029 2.5000000000000004 1.0000000180025095e-35 2 2.5000000000000004 3 1.0468839406967165 1.2837224602699282 1.5000000000000002 2.5000000000000004 1.0245097279548647 0.41071428358554846 1.0360628962516787 1.0175150632858279 3.5000000000000004 4 1.6250000000000002 0.70940351486206066 2.5000000000000004 0.79887476563453685 5 2.5000000000000004 1.0186840295791628 1.0235444307327273 1.0000000180025095e-35 6 7 1.000000059604645 8 1.0290234684944155 9 0.89709714055061351 1.6250000000000002
decision_type=2 2 2 2 2 2 2 2 2 2 2 2 2 2 2 2 2 2 2 2 2 2 2 1 1 2 2 2 2 2 2 2 1 2 1 2 2 2 2 2 2 2 2 2 1 2 2 2 2 1 2 2 2 2 1 1 2 1 2 1 2 2
left_child=1 4 5 8 15 10 22 45 39 16 -2 28 27 41 -7 19 37 61 47 20 34 31 -4 -18 -25 53 29 -10 -6 -11 42 -14 -22 49 60 43 -37 52 -23 48 -41 -13 -26 44 -15 46 -5 57 -3 51 58 -30 59 54 -12 -56 -33 -8 -51 -9 -1 -16
right_child=2 3 6 7 11 14 18 9 12 26 25 13 21 35 17 -17 23 -19 -20 -21 32 38 -24 24 30 -27 -28 -29 33 -31 -32 56 -34 -35 -36 36 -38 -39 -40 40 -42 -43 -44 -45 -46 -47 -48 -49 -50 50 -52 -53 -54 -55 55 -57 -58 -59 -60 -61 -62 -63
leaf_value=0 0 0 0.022505945001876377 0 0 0 0.017556458079717629 0 0 0 0 0 0 0 0 0 0 0 0.015349682917793296 0 0 0 0 0 0 0 0 0 0 0 0 0 0 0 0 0 0 0 0 0 0 0 0 0 0 0 0 0.018380574416285465 0 0 0 0 0 0 0 0 0 -0.0017227067655655774 0 0 0 0
leaf_weight=331 2190 1751 3506 335 1150 2853 6854 1278 31231 14141 6280 1165 15347 5790 10739 672 7384 11324 35126 11773 827 13186 31405 4565 8270 11116 542 892 6189 13205 280 116 6617 347 2750 3707 239 276 218 508 1588 395 6273 7399 3926 2231 4688 22634 921 2240 3526 5506 4457 352 467 8501 254 10165 396 4765 2386 15965
leaf_count=331 2190 1751 3506 335 1150 2853 6854 1278 31231 14141 6280 1165 15347 5790 10739 672 7384 11324 35126 11773 827 13186 31405 4565 8270 11116 542 892 6189 13205 280 116 6617 347 2750 3707 239 276 218 508 1588 395 6273 7399 3926 2231 4688 22634 921 2240 3526 5506 4457 352 467 8501 254 10165 396 4765 2386 15965
internal_value=-0.00687826 -0.011345 -0.00175064 -0.00944106 -0.0152671 -0.00417727 -0.000206764 -0.00810029 -0.0109175 -0.00842169 -0.00577084 -0.0137335 -0.0111565 -0.0129555 -0.00305049 -0.0178057 -0.00914046 -0.00325118 0.000392717 -0.0179528 -0.0187233 -0.0104789 -0.00149085 -0.00869767 -0.00916517 -0.00607883 -0.00745396 -0.0117707 -0.0146429 -0.00754487 -0.00864542 -0.0111477 -0.0197337 -0.0148345 -0.0173475 -0.0132257 -0.014448 -0.0102405 -0.00969472 -0.00784732 -0.00919466 -0.00930769 -0.0087603 -0.0129439 -0.0124014 -0.00520099 -0.00583337 -5.42455e-05 -0.00679042 -0.0149308 -0.0141324 -0.0153514 -0.0103714 -0.00665192 -0.00674488 -0.00729182 -0.00616216 -0.000520183 -0.0127853 -0.00972878 -0.0156909 -0.00369001
internal_weight=385510 206033 179477 138702 67331 69787 109690 72690 66012 65436 28906 41975 61244 22621 40881 25356 37548 38028 74779 24684 12911 29121 34911 26772 19388 26716 27888 32123 19354 27346 14823 15717 7444 18204 5467 21061 3946 10776 13404 4768 2096 1560 14543 17115 9716 7254 5023 39653 2672 17857 6162 11695 10500 15600 15248 8968 370 17019 2636 6043 2717 26704
internal_count=385510 206033 179477 138702 67331 69787 109690 72690 66012 65436 28906 41975 61244 22621 40881 25356 37548 38028 74779 24684 12911 29121 34911 26772 19388 26716 27888 32123 19354 27346 14823 15717 7444 18204 5467 21061 3946 10776 13404 4768 2096 1560 14543 17115 9716 7254 5023 39653 2672 17857 6162 11695 10500 15600 15248 8968 370 17019 2636 6043 2717 26704
cat_boundaries=0 1 2 3 4 5 6 7 8 9 10
cat_threshold=1 4 2 10 1 1 1 4 1 2
is_linear=0
shrinkage=0.03


Tree=23
num_leaves=63
num_cat=2
split_feature=6 6 6 6 6 6 6 15 15 13 12 15 12 15 22 15 12 13 12 19 6 19 12 23 19 13 18 12 6 15 27 22 22 13 19 10 23 13 13 21 15 22 15 12 15 19 27 13 10 19 15 19 19 12 6 21 21 21 19 19 6 15
split_gain=9815.38 1691.93 743.375 299.863 291.424 140.223 83.0329 79.1968 54.4282 53.6923 50.0744 35.8883 31.4428 26.8275 23.8372 20.6467 20.6225 20.0532 19.7841 19.5642 18.0529 17.6275 17.5735 16.7342 17.025 23.2733 16.7214 15.7507 14.3294 14.2588 13.5828 12.7333 12.6206 13.0995 12.626 12.3007 12.266 11.9101 15.2842 10.215 9.89263 9.8506 9.66176 9.60164 9.57523 9.52558 9.40605 9.39215 9.14078 8.89745 8.71909 13.1012 8.56919 8.49044 8.33656 8.32539 8.29662 8.29548 8.4566 8.06646 8.05465 8.04288
threshold=1.6250000000000002 0.73214286565780651 2.7678571939468388 1.0892856717109682 0.44642856717109686 2.0178571939468388 3.6964285373687749 0.91289180517196666 0.83881488442420971 3.2350000143051152 1.1250000000000002 0.8609888255596162 0.87500000000000011 0.84593328833580028 1.0000000180025095e-35 0.83485752344131481 0.37500000000000006 10.444999694824221 1.6250000000000002 47.500000000000007 5.0892858505249032 28.500000000000004 2.8750000000000004 2.5000000000000004 25.500000000000004 3.685000061988831 5.5000000000000009 0.62500000000000011 0.30357143282890325 0.9991869628429414 0 1.0000000180025095e-35 1.0000000180025095e-35 3.4850000143051152 22.500000000000004 1.1583746671676638 2.5000000000000004 4.6150000095367441 7.9149999618530282 27.500000000000004 0.71422553062438976 1.0000000180025095e-35 0.72387105226516735 1.6250000000000002 0.7833717167377473 14.500000000000002 1 9.0199999809265154 1.0360217094421389 19.500000000000004 0.99001988768577587 5.5000000000000009 37.500000000000007 2.3750000000000004 0.62500000000000011 25.500000000000004 26.500000000000004 20.500000000000004 45.500000000000007 41.500000000000007 1.5178571343421938 0.80118870735168468
decision_type=2 2 2 2 2 2 2 2 2 2 2 2 2 2 2 2 2 2 2 2 2 2 2 2 2 2 2 2 2 2 1 2 2 2 2 2 2 2 2 2 2 2 2 2 2 2 1 2 2 2 2 2 2 2 2 2 2 2 2 2 2 2
left_child=1 4 5 8 14 11 29 42 -3 26 27 -2 32 40 17 -7 47 21 55 41 49 50 36 24 25 39 -6 -9 61 -4 -29 37 33 -10 -35 -26 60 43 46 -14 -11 -18 -5 -13 -28 -40 -39 -15 -21 -8 -1 -52 -47 -48 56 -17 -49 58 -36 -30 -12 -23
right_child=2 3 6 7 9 15 20 10 12 13 22 31 23 16 -16 18 19 -19 -20 48 -22 28 -24 -25 35 -27 44 30 59 -31 -32 -33 -34 34 57 -37 -38 38 45 -41 -42 -43 -44 -45 -46 52 53 54 -50 -51 51 -53 -54 -55 -56 -57 -58 -59 -60 -61 -62 -63
leaf_value=0 0 0 0.021847609637719874 0 0 0 0.017044953009738135 0 0 0 0 0 0 0 0 0 0 0 0 0 0.014889192430259495 0 0 0 0 0 0 0 0 0 0 0 0 0 0 0 0 0 0 0 0 0 0 0 0 0 0 0 0 -0.0012799653731596077 0 0 0 0 0 0 0 0 0 0 0 0
leaf_weight=598 2155 3988 3757 1139 3616 2868 13246 10772 1842 220 27458 1915 953 5190 687 8774 16830 7271 27282 2531 28981 191 2307 525 11938 9132 248 5127 4286 33619 13065 669 902 8433 11253 6853 679 706 2051 104 2053 413 6108 1836 5245 5634 8923 2757 280 30068 835 2536 2139 2810 1763 1988 489 7218 2959 4222 6131 4686
leaf_count=598 2155 3988 3757 1139 3616 2868 13246 10772 1842 220 27458 1915 953 5190 687 8774 16830 7271 27282 2531 28981 191 2307 525 11938 9132 248 5127 4286 33619 13065 669 902 8433 11253 6853 679 706 2051 104 2053 413 6108 1836 5245 5634 8923 2757 280 30068 835 2536 2139 2810 1763 1988 489 7218 2959 4222 6131 4686
internal_value=-0.00686879 -0.0113395 -0.00173991 -0.00945115 -0.0152571 -0.00416129 -0.000199934 -0.00812274 -0.0109139 -0.0137138 -0.00845181 -0.00576344 -0.0111321 -0.0131437 -0.0177957 -0.00303197 -0.0133799 -0.0179494 -0.00321701 -0.0128213 0.000393596 -0.0173953 -0.00771388 -0.0104225 -0.0105186 -0.00953116 -0.0157496 -0.00938365 -0.017916 -0.00134798 -0.00884532 -0.0060642 -0.0117741 -0.0118737 -0.0117222 -0.0110541 -0.0078845 -0.00616929 -0.00590581 -0.0137455 -0.0100004 -0.0131996 -0.00514682 -0.00773314 -0.0167925 -0.00679031 -0.00520725 -0.0144782 -0.0105005 5.81809e-06 -0.0156395 -0.0162317 -0.00727017 -0.00540961 -0.0154049 -0.00430626 -0.0163068 -0.0121092 -0.0125298 -0.0171728 -0.0079652 -0.0192124
internal_weight=385254 205833 179421 138886 66947 69750 109671 72786 66100 41635 65539 28838 62112 32526 25312 40912 30253 24625 38044 20054 72295 17354 36575 29505 28980 10189 9109 28964 13385 37376 18192 26683 32607 31705 29863 18791 34268 26014 22263 1057 2273 17243 7247 3751 5493 9824 12439 10199 2811 43314 3969 3371 7773 11733 5009 10762 3246 21430 14212 8508 33589 4877
internal_count=385254 205833 179421 138886 66947 69750 109671 72786 66100 41635 65539 28838 62112 32526 25312 40912 30253 24625 38044 20054 72295 17354 36575 29505 28980 10189 9109 28964 13385 37376 18192 26683 32607 31705 29863 18791 34268 26014 22263 1057 2273 17243 7247 3751 5493 9824 12439 10199 2811 43314 3969 3371 7773 11733 5009 10762 3246 21430 14212 8508 33589 4877
cat_boundaries=0 1 2
cat_threshold=4 4
is_linear=0
shrinkage=0.03


Tree=24
num_leaves=63
num_cat=15
split_feature=7 7 7 7 7 24 12 24 7 12 12 19 19 22 21 18 12 24 7 18 19 21 19 24 19 24 18 13 23 23 24 12 24 24 24 19 13 24 25 19 19 13 24 25 13 13 19 7 12 12 21 24 21 18 24 22 13 18 19 22 13 21
split_gain=10049.7 1903.07 525.913 396.634 327.605 72.2326 67.7098 62.2585 54.913 51.6492 32.7216 32.1447 30.1717 29.8294 23.9848 23.4946 23.3427 23.1662 22.7845 22.5416 19.2717 19.1868 18.9662 18.5581 18.0076 15.6658 15.6037 15.4681 17.1845 14.2725 13.9713 13.4168 13.3125 12.8834 12.8746 12.6358 12.3768 11.7912 10.8816 10.6595 10.5864 10.5229 10.2084 9.57001 9.44062 9.35097 14.4665 9.00604 8.96794 8.87995 8.8226 8.81753 8.57203 8.44162 8.59398 8.60975 8.40728 8.38599 8.37639 8.18726 8.1142 7.93684
threshold=1.741071403026581 0.81250000000000011 2.991071462631226 0.50892856717109691 1.151785731315613 0 0.62500000000000011 1 3.8303570747375493 1.3750000000000002 2.6250000000000004 25.500000000000004 47.500000000000007 1.0000000180025095e-35 19.500000000000004 4.5000000000000009 1.8750000000000002 2 0.36607143282890325 10.500000000000002 18.500000000000004 25.500000000000004 15.500000000000002 3 25.500000000000004 4 5.5000000000000009 8.9049997329711932 2.5000000000000004 2.5000000000000004 5 1.6250000000000002 6 7 8 43.500000000000007 6.4749999046325692 9 10 6.5000000000000009 27.500000000000004 6.4049999713897714 11 12 9.9049997329711932 5.9949998855590829 51.500000000000007 0.75892856717109691 0.37500000000000006 2.1250000000000004 21.500000000000004 13 5.5000000000000009 1.5000000000000002 14 1.0000000180025095e-35 9.7699999809265154 10.500000000000002 15.500000000000002 1.0000000180025095e-35 5.9749999046325692 2.5000000000000004
decision_type=2 2 2 2 2 1 2 1 2 2 2 2 2 2 2 2 2 1 2 2 2 2 2 1 2 1 2 2 2 2 1 2 1 1 1 2 2 1 1 2 2 2 1 1 2 2 2 2 2 2 2 1 2 2 1 2 2 2 2 2 2 2
left_child=1 3 5 13 9 16 17 22 -4 11 15 25 21 18 35 30 36 -6 57 27 -7 37 -5 41 -10 38 44 28 -17 34 -8 51 -28 -12 -11 59 -2 39 50 -9 -36 -16 -22 -15 -20 46 -14 -24 -39 -44 -3 -21 -42 -23 -55 56 -56 -1 -38 -13 -26 -51
right_child=2 4 8 7 6 20 10 12 24 29 33 14 45 43 23 19 -18 -19 26 31 42 53 47 -25 60 -27 32 -29 -30 -31 -32 -33 -34 -35 40 -37 58 48 -40 -41 52 -43 49 -45 -46 -47 -48 -49 -50 61 -52 -53 -54 54 55 -57 -58 -59 -60 -61 -62 -63
leaf_value=0 0 0 0 0 0 0 0 0 0.014442516657351709 0 0 0 0 0 0 0 0 0 0 0 0 0 0 0 0.017261382485320696 0 0 0 0 0 0 0 0 0 0 0 0 0 0 0 0 0 0 0 0 0 0 0 0 0.029999999999999999 0 0 0 0 0 0 0 0 0 0 -0.001296286475738801 0
leaf_weight=8636 4839 1661 30823 3674 5104 8537 7095 686 36541 6372 1344 12545 1528 150 141 22480 28259 7008 2135 1437 5268 142 11554 8455 11369 14527 1644 11908 429 255 9273 2963 9806 4429 3573 6921 2051 2433 1253 11152 642 3914 5716 633 1759 2504 250 1711 6033 268 688 3825 3882 207 2866 201 786 4135 9264 362 21514 3721
leaf_count=8636 4839 1661 30823 3674 5104 8537 7095 686 36541 6372 1344 12545 1528 150 141 22480 28259 7008 2135 1437 5268 142 11554 8455 11369 14527 1644 11908 429 255 9273 2963 9806 4429 3573 6921 2051 2433 1253 11152 642 3914 5716 633 1759 2504 250 1711 6033 268 688 3825 3882 207 2866 201 786 4135 9264 362 21514 3721
internal_value=-0.00685992 -0.0111242 -0.0013547 -0.0150052 -0.0090915 -0.00339283 -0.00777042 -0.0132665 2.62453e-05 -0.0106579 -0.00738768 -0.011114 -0.0123854 -0.0177565 -0.0116809 -0.00759721 -0.00267881 -0.00983025 -0.0179173 -0.0079651 -0.00473852 -0.0127957 -0.0147479 -0.0106523 0.000494094 -0.0101028 -0.0171382 -0.00829879 -0.0078429 -0.00909454 -0.00662977 -0.00655258 -0.0176961 -0.00523142 -0.00921854 -0.0123298 -0.00358908 -0.0131776 -0.0119834 -0.0138687 -0.0100554 -0.00885978 -0.0053891 -0.0119808 -0.0154977 -0.0100663 -0.01173 -0.015285 -0.0121805 -0.00597684 -0.010582 -0.0074618 -0.0110318 -0.0109505 -0.011202 -0.0115224 -0.011885 -0.0188534 -0.00413213 -0.0128844 -1.52357e-05 -0.00489672
internal_weight=385281 217111 168170 74625 142486 67923 77295 45727 100247 65191 65183 50467 28788 28898 32338 59410 44413 12112 28115 43042 23510 24506 16939 12510 69424 18129 15344 34817 22909 14724 16368 8225 11450 5773 14469 19828 16154 20304 3602 11838 8097 4055 14973 783 3894 4282 1778 13265 8466 9705 2349 5262 4524 4202 4060 3853 3652 12771 11315 12907 32883 3989
internal_count=385281 217111 168170 74625 142486 67923 77295 45727 100247 65191 65183 50467 28788 28898 32338 59410 44413 12112 28115 43042 23510 24506 16939 12510 69424 18129 15344 34817 22909 14724 16368 8225 11450 5773 14469 19828 16154 20304 3602 11838 8097 4055 14973 783 3894 4282 1778 13265 8466 9705 2349 5262 4524 4202 4060 3853 3652 12771 11315 12907 32883 3989
cat_boundaries=0 1 2 3 4 5 6 7 8 9 10 11 12 13 14 15
cat_threshold=551242 32801 229425 203784 131120 461840 295440 268293 199064 262276 10 4096 2 145 65792
is_linear=0
shrinkage=0.03


Tree=25
num_leaves=63
num_cat=7
split_feature=7 7 7 7 7 7 7 18 7 18 18 7 7 21 22 22 18 6 18 25 18 7 22 6 18 18 18 22 7 26 18 22 18 7 18 18 22 18 25 21 22 25 21 11 18 18 25 21 22 6 9 21 25 7 6 6 22 25 18 21 9 21
split_gain=9981.33 1793.92 674.734 407.078 265.875 120.092 60.4379 37.8716 31.761 30.2705 28.0356 25.4293 24.3141 19.9032 18.5129 17.8545 17.2673 16.4272 16.3251 14.9349 14.7893 14.145 13.8418 13.4325 11.3466 11.2004 15.699 10.4693 9.46042 8.75848 8.59956 8.86175 8.55492 8.36145 8.13072 7.70515 8.73382 7.70496 7.5165 7.34126 6.89357 6.78716 6.64606 6.63613 7.21582 8.05422 6.51807 10.7657 6.47261 6.41213 6.10795 5.92407 5.58109 5.55259 5.50516 5.4987 5.33622 5.33595 5.33516 5.28462 5.26962 5.22126
threshold=1.6339285969734194 0.81250000000000011 2.991071462631226 0.50892856717109691 1.1339285969734194 1.9732142686843874 3.6517857313156132 6.5000000000000009 0.65178570151329052 4.5000000000000009 10.500000000000002 2.4196429252624516 0.36607143282890325 20.500000000000004 1.0000000180025095e-35 1.0000000180025095e-35 11.500000000000002 4.9821429252624521 5.5000000000000009 0 2.5000000000000004 1.3482142686843874 1.0000000180025095e-35 1.1250000000000002 2.5000000000000004 10.500000000000002 5.5000000000000009 1.0000000180025095e-35 1.7589285969734194 1 10.500000000000002 1.0000000180025095e-35 6.5000000000000009 0.99107143282890331 4.5000000000000009 10.500000000000002 1.0000000180025095e-35 2.5000000000000004 2 14.500000000000002 1.0000000180025095e-35 3 26.500000000000004 0.16071429103612903 9.5000000000000018 4.5000000000000009 4 12.500000000000002 1.0000000180025095e-35 0.44642856717109686 0.49743582308292394 1.5000000000000002 5 0.93750000000000011 1.303571403026581 0.55357143282890331 1.0000000180025095e-35 6 4.5000000000000009 1.5000000000000002 0.88926002383232128 2.5000000000000004
decision_type=2 2 2 2 2 2 2 2 2 2 2 2 2 2 2 2 2 2 2 1 2 2 2 2 2 2 2 2 2 1 2 2 2 2 2 2 2 2 1 2 2 1 2 2 2 2 1 2 2 2 2 2 1 2 2 2 2 1 2 2 2 2
left_child=1 3 5 12 7 22 37 33 25 51 21 43 35 30 16 18 20 58 39 -12 60 32 24 40 -2 26 -5 -21 -26 46 31 53 -11 48 -13 36 -1 -4 -17 -14 -15 -36 -22 -7 45 57 47 -23 -3 -20 -27 -6 -47 -9 -53 -41 -31 -45 -8 -43 -10 -28
right_child=2 4 6 8 9 11 17 13 14 10 19 34 15 23 -16 38 -18 -19 49 27 42 29 -24 -25 28 50 61 -29 -30 56 -32 -33 -34 -35 41 -37 -38 -39 -40 55 -42 59 -44 44 -46 52 -48 -49 -50 -51 -52 54 -54 -55 -56 -57 -58 -59 -60 -61 -62 -63
leaf_value=0 0 0 0.022237049456434736 0 0 0 0.016183923367882769 0 0 0 0 0 0 0 0 0 0 0.014009241157631157 0 0 0 0 0 0 0 0 0 0.013947286645071203 0 0 0 0 0 0 0 0 0 0 0 0 0 0 0 0 0 0 0 0 0 0 0 0 0 0 0 0 0 0 -0.00069177519529007886 0 0 0
leaf_weight=8662 2085 12586 1924 5550 592 5052 10887 6661 420 7810 5546 8831 1671 10670 692 116 2860 31538 6928 4362 17590 604 537 2172 8540 438 641 136 10056 16910 8853 390 13462 10548 6928 4211 255 23497 279 1778 548 551 3165 2092 5095 2142 1708 884 362 4435 3832 6806 7023 9253 12513 374 528 1960 32623 15734 1042 9559
leaf_count=8662 2085 12586 1924 5550 592 5052 10887 6661 420 7810 5546 8831 1671 10670 692 116 2860 31538 6928 4362 17590 604 537 2172 8540 438 641 136 10056 16910 8853 390 13462 10548 6928 4211 255 23497 279 1778 548 551 3165 2092 5095 2142 1708 884 362 4435 3832 6806 7023 9253 12513 374 528 1960 32623 15734 1042 9559
internal_value=-0.0068628 -0.0113128 -0.00162616 -0.0150444 -0.00923668 -0.00374653 -8.98774e-06 -0.0106754 -0.0132884 -0.00799456 -0.00837575 -0.00301159 -0.017845 -0.011254 -0.012592 -0.0170436 -0.0127256 0.000419252 -0.0172074 -0.00695221 -0.013008 -0.00871694 -0.00566576 -0.0103196 -0.00578923 -0.0141848 -0.0145543 -0.00826664 -0.00602452 -0.00815731 -0.0117514 -0.0121601 -0.00925978 -0.009726 -0.0024628 -0.0187962 -0.0192956 -0.00127324 -0.0107468 -0.0155116 -0.0107377 -0.00275755 -0.0132134 -0.00376425 -0.00402982 -0.00439956 -0.00970742 -0.00801469 -0.0102368 -0.017778 -0.012822 -0.007 -0.00489198 -0.0122696 -0.00709058 -0.0166701 -0.00786314 -0.00328578 4.13699e-05 -0.00309389 -0.0100917 -0.0152529
internal_weight=385497 208402 177095 74498 133904 76626 100469 62043 45789 71861 51950 55408 28709 38547 25769 15581 25077 75048 15186 10044 22217 41906 21218 13390 20681 20020 15750 4498 18596 20634 25157 16304 21272 23496 32044 13128 8917 25421 395 3823 11218 23213 20755 23364 18312 13217 3196 1488 12948 11363 4270 19911 9165 15914 19319 2152 17438 4052 43510 16285 1462 10200
internal_count=385497 208402 177095 74498 133904 76626 100469 62043 45789 71861 51950 55408 28709 38547 25769 15581 25077 75048 15186 10044 22217 41906 21218 13390 20681 20020 15750 4498 18596 20634 25157 16304 21272 23496 32044 13128 8917 25421 395 3823 11218 23213 20755 23364 18312 13217 3196 1488 12948 11363 4270 19911 9165 15914 19319 2152 17438 4052 43510 16285 1462 10200
cat_boundaries=0 1 2 3 4 5 6 7
cat_threshold=1 8 2 4 1 6 5
is_linear=0
shrinkage=0.03


Tree=26
num_leaves=63
num_cat=14
split_feature=7 7 7 7 7 7 15 24 12 15 7 12 15 19 19 17 24 15 6 24 23 24 21 15 19 12 12 24 6 12 19 23 24 24 22 21 22 24 21 17 24 21 17 17 24 19 24 17 17 17 24 21 24 19 19 21 14 19 19 21 19 24
split_gain=10012.1 1776.27 675.604 406.784 260.219 123.781 77.0193 67.1386 64.1961 53.263 51.8442 42.3306 29.6923 29.0121 27.213 27.1807 35.1038 26.7759 24.683 23.3307 25.525 23.0919 22.3693 20.6694 20.4531 18.4364 18.256 17.6604 17.327 16.8044 16.6913 15.9925 15.8468 15.1866 14.7982 14.6921 14.5816 14.3374 15.3195 14.1959 14.1076 13.2495 13.1244 12.5416 19.5798 12.3786 11.782 18.5825 11.7791 11.4517 15.7608 11.4396 11.4382 11.1921 15.4089 11.1831 11.1756 11.1136 20.245 13.6674 11.0435 10.972
threshold=1.6339285969734194 0.81250000000000011 3.0267857313156132 0.50892856717109691 1.1339285969734194 2.0982142686843877 0.91289180517196666 0 0.62500000000000011 0.87994369864463817 3.6517857313156132 1.3750000000000002 0.8609888255596162 47.500000000000007 25.500000000000004 3.5000000000000004 1 0.89709714055061351 0.48214285075664526 2 2.5000000000000004 3 13.500000000000002 0.91289180517196666 15.500000000000002 2.3750000000000004 2.1250000000000004 4 5.0535714626312265 1.8750000000000002 22.500000000000004 2.5000000000000004 5 6 1.0000000180025095e-35 25.500000000000004 1.0000000180025095e-35 7 15.500000000000002 1.0000000180025095e-35 8 9.5000000000000018 4.5000000000000009 3.5000000000000004 9 22.500000000000004 10 1.0000000180025095e-35 4.5000000000000009 2.5000000000000004 11 5.5000000000000009 12 23.500000000000004 38.500000000000007 26.500000000000004 1.0590905547142031 36.500000000000007 25.500000000000004 3.5000000000000004 15.500000000000002 13
decision_type=2 2 2 2 2 2 2 1 2 2 2 2 2 2 2 2 1 2 2 1 2 1 2 2 2 2 2 1 2 2 2 2 1 1 2 2 2 1 2 2 1 2 2 2 1 2 1 2 2 2 1 2 1 2 2 2 2 2 2 2 2 1
left_child=1 3 5 15 9 12 -6 24 27 -3 -4 14 -2 23 32 18 -17 -7 34 20 26 -19 41 -9 -5 40 30 -8 49 55 -10 33 -11 48 -1 56 -18 38 -24 -37 45 -16 52 46 53 -14 -21 -48 -13 50 -12 -32 -31 -45 -55 -23 -25 58 59 -49 -42 -27
right_child=2 4 10 7 6 17 8 13 19 11 28 31 25 -15 22 16 36 21 -20 43 -22 29 37 35 -26 61 -28 -29 -30 42 51 -33 -34 -35 -36 39 -38 -39 -40 -41 60 -43 -44 44 -46 -47 47 57 -50 -51 -52 -53 -54 54 -56 -57 -58 -59 -60 -61 -62 -63
leaf_value=0 0 0 0 0 0 0 0 0 0 0 -0.0022657227581634833 0 0 0 0 0 0 0 0 0 0 0 0 0 0 0 0 0 0.013588963922902222 0 0 0 0 0 0 0 0 0 0 0 0 0 0 0 0 0 0 0 0 0.016999287858520697 0.01683412084756879 0 0 0 0 0 0 0 0 0 0 0
leaf_weight=13131 2206 5117 24064 3707 7027 5116 4742 2628 7588 7259 8756 5135 1368 4299 8421 6219 5966 8468 2866 9569 547 9843 628 16229 13271 1396 4978 6041 29669 7367 1866 209 8506 5539 386 465 130 10732 5108 3163 4050 3772 6614 3967 3386 1021 1508 264 1761 25889 10616 11305 10276 2830 1212 1752 2056 905 1307 2640 13256 5229
leaf_count=13131 2206 5117 24064 3707 7027 5116 4742 2628 7588 7259 8756 5135 1368 4299 8421 6219 5966 8468 2866 9569 547 9843 628 16229 13271 1396 4978 6041 29669 7367 1866 209 8506 5539 386 465 130 10732 5108 3163 4050 3772 6614 3967 3386 1021 1508 264 1761 25889 10616 11305 10276 2830 1212 1752 2056 905 1307 2640 13256 5229
internal_value=-0.0068513 -0.0113075 -0.00160369 -0.0150199 -0.009241 -0.00369249 -0.00800904 -0.0132657 -0.00833323 -0.0106611 4.13359e-05 -0.010924 -0.00526614 -0.0123536 -0.0113598 -0.0178206 -0.0188855 -0.00278445 -0.0170201 -0.00791031 -0.00724911 -0.00302166 -0.0119105 -0.0127561 -0.014799 -0.00554635 -0.00738816 -0.0104462 0.000430402 -0.00268596 -0.00777942 -0.00939244 -0.0103587 -0.00953076 -0.0175563 -0.0130576 -0.0170655 -0.0111893 -0.00985416 -0.0113137 -0.00600685 -0.0128845 -0.00223766 -0.00853453 -0.00930013 -0.00821717 -0.00800105 -0.0090199 -0.00851607 6.1046e-05 -0.000490605 -0.0084251 -0.00181041 -0.00843659 -0.00955814 -0.00362613 -0.0134036 -0.00817084 -0.00881905 -0.00742355 -0.00569369 -0.00417736
internal_weight=385341 208385 176956 74516 133869 77962 71682 45818 64655 62187 98994 57070 28526 28840 44426 28698 12315 49436 16383 53872 26284 44320 28661 24541 16978 26320 25737 10783 74930 35852 20759 12644 15765 12435 13517 21913 6096 16468 5736 3628 19695 12193 24257 27588 11395 2389 16193 6624 6896 45261 19372 13171 17643 8009 4042 11595 18285 5116 4211 2904 17306 6625
internal_count=385341 208385 176956 74516 133869 77962 71682 45818 64655 62187 98994 57070 28526 28840 44426 28698 12315 49436 16383 53872 26284 44320 28661 24541 16978 26320 25737 10783 74930 35852 20759 12644 15765 12435 13517 21913 6096 16468 5736 3628 19695 12193 24257 27588 11395 2389 16193 6624 6896 45261 19372 13171 17643 8009 4042 11595 18285 5116 4211 2904 17306 6625
cat_boundaries=0 1 2 3 4 5 6 7 8 9 10 11 12 13 14
cat_threshold=32801 131073 5016 103552 229425 426032 231832 204040 131093 459780 166913 540928 19010 33812
is_linear=0
shrinkage=0.03


Tree=27
num_leaves=63
num_cat=18
split_feature=5 10 5 24 11 24 10 11 10 15 5 10 12 12 15 24 12 24 12 24 24 12 23 13 15 25 24 15 25 10 15 13 24 10 18 12 12 12 24 10 18 18 18 24 24 18 12 11 23 24 15 12 12 13 18 24 18 24 25 13 15 24
split_gain=9270.21 1650.57 706.692 352.864 349.809 213.28 110.447 89.8041 78.1267 59.7696 51.5215 50.1959 45.9234 41.4587 36.3168 34.0987 32.4888 31.5868 31.0584 28.3936 27.1695 25.5623 25.2193 23.2682 22.9246 22.742 42.8804 22.3577 21.2873 21.0406 20.9711 19.9821 18.1462 17.4655 17.2014 16.6912 15.8332 15.4559 15.3073 14.5772 14.4427 16.6884 14.3528 13.6403 13.3028 12.8075 12.0196 11.3722 11.3401 11.0777 10.8767 10.7014 10.4217 10.3599 10.1604 10.102 15.5645 9.82749 9.63717 12.8253 9.47222 9.30759
threshold=1.6785714626312258 0.93915662169456493 3.0357142686843877 0 0.41071428358554846 1 1.4800971746444704 0.62500000000000011 1.1755914092063906 0.87994369864463817 3.9642857313156132 0.59491118788719188 1.8750000000000002 2.3750000000000004 0.9991869628429414 2 0.87500000000000011 3 2.6250000000000004 4 5 1.1250000000000002 2.5000000000000004 2.120000004768372 0.83485752344131481 6 7 0.84593328833580028 8 0.78204792737960827 0.82199543714523327 2.4250000715255742 9 0.73148912191391002 5.5000000000000009 0.62500000000000011 4.6250000000000009 0.62500000000000011 10 1.8348587751388552 5.5000000000000009 11.500000000000002 4.5000000000000009 11 12 6.5000000000000009 0.87500000000000011 0.55357143282890331 2.5000000000000004 13 0.85759276151657116 3.1250000000000004 1.8750000000000002 7.5950000286102304 4.5000000000000009 14 5.5000000000000009 15 16 7.0650000572204599 0.72767218947410595 17
decision_type=2 2 2 1 2 1 2 2 2 2 2 2 2 2 2 1 2 1 2 1 1 2 2 2 2 1 1 2 1 2 2 2 1 2 2 2 2 2 1 2 2 2 2 1 1 2 2 2 2 1 2 2 2 2 2 1 2 1 1 2 2 1
left_child=1 3 5 7 6 13 9 29 17 -3 43 -5 19 24 38 -11 54 37 25 57 -18 55 27 -9 -2 42 -27 47 -21 60 -19 -32 39 -25 -28 -29 -12 53 -10 -26 -33 -42 61 -4 -14 -37 -30 -13 -22 -47 -44 -45 -40 -6 -16 56 -17 -8 59 -31 -1 -7
right_child=2 4 10 11 8 18 12 23 14 15 36 22 44 -15 16 21 20 30 -20 28 48 -23 -24 33 32 26 34 35 46 58 31 40 -34 -35 -36 45 -38 -39 52 -41 41 -43 50 51 -46 49 -48 -49 -50 -51 -52 -53 -54 -55 -56 -57 -58 -59 -60 -61 -62 -63
leaf_value=0 0 0 0 0 0 0 0 0 0 0 -0.00070536902349392649 0 0 0 0 0 0 0 0 0 0 0 0 0 0 0 0 0 0 0 0 0 0 0 0 0 0.013181295005215156 0 0 0 0 0 0 0 0 0 0 0 0.021909303776046427 0 0 0 0 0 0 0 0 0 0 0 0 0
leaf_weight=111 1657 4245 924 2415 2636 2876 624 6119 1066 12013 29976 1011 2949 22655 3422 2818 7231 1258 6881 4175 8635 15672 620 14344 4138 4406 5164 13526 2738 708 2318 4824 10130 4109 3857 4096 31166 6066 1983 7512 12997 1824 603 15793 6660 5968 4838 728 149 3683 7104 19448 325 1400 11353 7497 3955 5063 3130 2045 6971 1071
leaf_count=111 1657 4245 924 2415 2636 2876 624 6119 1066 12013 29976 1011 2949 22655 3422 2818 7231 1258 6881 4175 8635 15672 620 14344 4138 4406 5164 13526 2738 708 2318 4824 10130 4109 3857 4096 31166 6066 1983 7512 12997 1824 603 15793 6660 5968 4838 728 149 3683 7104 19448 325 1400 11353 7497 3955 5063 3130 2045 6971 1071
internal_value=-0.00686935 -0.0111163 -0.00177575 -0.0148959 -0.00924757 -0.00390214 -0.00781191 -0.0168791 -0.0108058 -0.00870325 -7.00771e-05 -0.0125638 -0.00628938 -0.00259433 -0.00979768 -0.00904648 -0.0101215 -0.0118393 -0.0057855 -0.00720702 -0.00918545 -0.00959816 -0.0122288 -0.0179495 -0.0034795 -0.00627714 -0.00712949 -0.0123567 -0.00805773 -0.0148635 -0.0124707 -0.0126918 -0.00373829 -0.0184811 -0.00832433 -0.012567 0.000460829 -0.0103653 -0.00684292 -0.00454888 -0.012381 -0.0128451 -0.00528446 -0.000967648 -0.0046241 -0.0118309 -0.00903006 -0.00905865 -0.00801546 -0.0124274 -0.00604243 -0.00087223 -0.00822088 -0.0118142 -0.011136 -0.01052 -0.00956966 -0.00542549 -0.0135375 -0.0119511 -0.015965 -0.00381784
internal_weight=385679 210318 175361 69584 140734 78054 73247 37537 67487 46200 97307 32047 27047 46092 34164 41955 30790 33323 31962 17438 16015 29942 29632 24572 23437 25081 13427 29012 11751 12965 23221 21963 21780 18453 9021 27273 61142 10102 3374 11650 19645 14821 11654 36165 9609 13747 7576 1739 8784 9651 7707 35241 2308 4036 14775 14270 6773 5687 5883 2753 7082 3947
internal_count=385679 210318 175361 69584 140734 78054 73247 37537 67487 46200 97307 32047 27047 46092 34164 41955 30790 33323 31962 17438 16015 29942 29632 24572 23437 25081 13427 29012 11751 12965 23221 21963 21780 18453 9021 27273 61142 10102 3374 11650 19645 14821 11654 36165 9609 13747 7576 1739 8784 9651 7707 35241 2308 4036 14775 14270 6773 5687 5883 2753 7082 3947
cat_boundaries=0 1 2 3 4 5 6 7 8 9 10 11 12 13 14 15 16 17 18
cat_threshold=131105 551242 547208 72080 553292 295973 1 4096 1 2312 7940 99456 551242 296068 263684 548928 3 99968
is_linear=0
shrinkage=0.03


Tree=28
num_leaves=63
num_cat=16
split_feature=7 7 7 7 7 24 15 12 15 24 7 12 15 18 12 18 23 12 15 15 7 18 24 24 24 12 14 24 15 24 18 24 18 18 18 18 24 24 15 23 13 13 13 7 15 10 13 12 24 14 24 12 25 25 10 7 14 18 25 14 23 24
split_gain=10047.9 1949.58 522.671 417.288 311.812 76.6528 73.5286 60.3859 60.1574 58.0218 55.6893 46.6982 30.6781 28.2726 28.1996 27.4258 24.6693 24.2746 23.3221 22.1207 21.5955 21.5084 19.3111 19.0671 18.4642 18.2843 18.1036 17.3671 16.7007 16.3795 15.3533 14.5523 14.5121 14.2106 13.9455 13.2852 14.542 12.5861 13.037 12.486 11.9299 11.7337 11.1344 10.9471 10.7594 10.6844 10.659 10.3338 10.2272 10.1777 12.1486 9.92571 9.80197 9.47616 9.24524 9.01356 8.92749 8.65225 11.7744 8.55781 8.49379 8.24074
threshold=1.741071403026581 0.81250000000000011 3.0267857313156132 0.50892856717109691 1.151785731315613 0 0.88805964589118969 0.62500000000000011 0.87994369864463817 1 3.6517857313156132 1.3750000000000002 0.84179055690765392 6.5000000000000009 2.6250000000000004 11.500000000000002 1.0000000180025095e-35 1.8750000000000002 0.71422553062438976 0.91289180517196666 0.36607143282890325 4.5000000000000009 2 3 4 4.3750000000000009 1.0468839406967165 5 0.82468372583389293 6 5.5000000000000009 7 5.5000000000000009 5.5000000000000009 10.500000000000002 2.5000000000000004 8 9 0.77564415335655224 2.5000000000000004 6.2400000095367441 9.9049997329711932 6.4749999046325692 1.8482142686843874 0.88169273734092724 1.2087581753730776 5.9949998855590829 2.6250000000000004 10 1.0150708556175234 11 1.0000000180025095e-35 12 13 0.93915662169456493 0.65178570151329052 1.0417471528053286 6.5000000000000009 14 1.0127370953559878 1.5000000000000002 15
decision_type=2 2 2 2 2 1 2 2 2 1 2 2 2 2 2 2 2 2 2 2 2 2 1 1 1 2 2 1 2 1 2 1 2 2 2 2 1 1 2 2 2 2 2 2 2 2 2 2 1 2 1 2 1 1 2 2 2 2 1 2 2 1
left_child=1 3 5 16 8 12 56 23 49 28 -4 13 -2 24 21 18 20 42 -11 -7 -1 27 34 -8 51 -12 35 -9 -5 60 -21 -15 41 -30 57 54 -37 -34 -39 53 47 -22 -14 -19 -43 -33 -17 -32 -16 61 -51 -10 -18 -24 -20 -35 -6 -23 -59 -25 -13 -3
right_child=2 4 10 9 6 19 7 14 11 15 25 29 17 31 48 46 52 43 26 30 32 22 39 59 -26 -27 -28 -29 33 -31 40 45 37 55 -36 36 -38 38 -40 -41 -42 44 -44 -45 -46 -47 -48 -49 -50 50 -52 -53 -54 -55 -56 -57 -58 58 -60 -61 -62 -63
leaf_value=0 0.023900813017215271 0 0 0 0 0 0 0 0 0 -0.00054300059170949019 0 0 0 0 0 0 0 0 0 0 0 0 0 0 0.013202456075919975 0 0 0 0 0 0 0 0 0 0 0 0 0 -0.00032137955553881 0 0 0 0 0 0 0 0 0 0 0 0 0 0 0 0 0 0 0 0 0 0
leaf_weight=12765 3266 1043 23983 850 5167 2214 4771 7389 561 298 35395 5955 4620 468 1308 1579 158 581 742 10303 2140 6797 5883 2550 9190 39528 4203 7196 5837 7357 5018 19438 1613 6551 2272 4836 14496 253 9544 449 4430 200 10655 26392 1569 9425 2164 1649 3939 1939 1228 7284 643 17008 618 3756 1927 3522 3441 3653 133 1219
leaf_count=12765 3266 1043 23983 850 5167 2214 4771 7389 561 298 35395 5955 4620 468 1308 1579 158 581 742 10303 2140 6797 5883 2550 9190 39528 4203 7196 5837 7357 5018 19438 1613 6551 2272 4836 14496 253 9544 449 4430 200 10655 26392 1569 9425 2164 1649 3939 1939 1228 7284 643 17008 618 3756 1927 3522 3441 3653 133 1219
internal_value=-0.00687772 -0.0111373 -0.00136858 -0.0150589 -0.00907856 -0.00336992 -0.00778916 -0.00808339 -0.0106058 -0.0132822 3.02106e-05 -0.0108802 -0.00264823 -0.0113316 -0.00770451 -0.0124322 -0.0178842 -0.00286537 -0.0127925 -0.00475779 -0.0180323 -0.00790869 -0.00827324 -0.0101274 -0.0103596 0.000432965 -0.0128923 -0.00692458 -0.0147135 -0.00932354 -0.00505514 -0.0118962 -0.0172729 -0.0149379 -0.00910136 -0.0125277 -0.0127294 -0.0178133 -0.0182879 -0.00769722 -0.00582941 -0.0156953 -0.00382095 -0.00232421 -0.0175031 -0.0119829 -0.0100403 -0.0050276 -0.00560492 -0.00758206 -0.00867982 -0.0114825 -0.0126929 -0.00779769 -0.00966176 -0.0156077 -0.00487849 -0.00946657 -0.0102098 -0.0112685 -0.0080938 -0.00604509
internal_weight=385361 217327 168034 74815 142512 69128 77272 70178 65240 45930 98906 59811 45514 46366 59204 28936 28885 42248 25193 23614 28084 53957 39372 10974 17035 74923 24895 14585 16994 13445 21400 29331 15319 16144 16032 20692 19332 11410 9797 23340 11097 3909 15275 26973 1769 28863 3743 6667 5247 5429 3167 7845 801 22891 1360 10307 7094 13760 6963 6203 6088 2262
internal_count=385361 217327 168034 74815 142512 69128 77272 70178 65240 45930 98906 59811 45514 46366 59204 28936 28885 42248 25193 23614 28084 53957 39372 10974 17035 74923 24895 14585 16994 13445 21400 29331 15319 16144 16032 20692 19332 11410 9797 23340 11097 3909 15275 26973 1769 28863 3743 6667 5247 5429 3167 7845 801 22891 1360 10307 7094 13760 6963 6203 6088 2262
cat_boundaries=0 1 2 3 4 5 6 7 8 9 10 11 12 13 14 15 16
cat_threshold=551242 32801 492069 269452 426032 5005 203160 4104 197376 295440 265221 363544 2 1 1 427052
is_linear=0
shrinkage=0.03


Tree=29
num_leaves=63
num_cat=4
split_feature=7 7 7 7 7 7 15 12 7 15 12 13 15 20 15 12 15 22 12 17 22 6 21 13 22 12 6 7 20 20 7 17 15 20 13 12 17 27 27 27 27 12 6 12 21 21 13 17 15 20 20 13 21 17 13 17 12 22 7 21 17 17
split_gain=10012.2 1853.63 605.06 401.112 301.953 88.5475 84.1665 65.8672 58.8109 51.0352 46.3974 45.976 32.8722 32.632 30.8969 25.2714 24.9486 23.6739 23.3687 21.6996 19.626 19.0135 18.7633 18.5164 17.5683 16.7545 16.6787 15.4623 14.568 24.0763 14.4243 12.8151 12.5422 12.198 11.8786 11.2011 10.8141 11.8956 11.0121 10.6869 10.6364 10.3162 10.193 9.93215 9.64732 9.40307 9.07869 8.88895 13.2377 8.53769 12.0837 14.8801 8.63042 8.37125 8.03162 13.75 8.07084 7.99417 7.94637 7.91465 7.82818 11.4683
threshold=1.6875000000000002 0.81250000000000011 2.991071462631226 0.49107143282890325 1.1339285969734194 2.1696429252624516 0.91289180517196666 0.62500000000000011 3.6517857313156132 0.86604186892509472 1.6250000000000002 3.2350000143051152 0.8609888255596162 2.5000000000000004 0.91289180517196666 2.6250000000000004 0.89709714055061351 1.0000000180025095e-35 0.37500000000000006 3.5000000000000004 1.0000000180025095e-35 0.48214285075664526 19.500000000000004 9.8750000000000018 1.0000000180025095e-35 1.8750000000000002 5.0178570747375497 1.901785731315613 2.5000000000000004 3.5000000000000004 0.59821429848670971 2.5000000000000004 0.71422553062438976 2.5000000000000004 10.619999885559084 0.87500000000000011 5.5000000000000009 0 1 2 3 1.6250000000000002 1.1250000000000002 2.3750000000000004 25.500000000000004 1.5000000000000002 2.4250000715255742 5.5000000000000009 0.80754438042640697 1.5000000000000002 3.5000000000000004 5.8199999332427987 8.5000000000000018 3.5000000000000004 11.670000076293947 1.5000000000000002 0.87500000000000011 1.0000000180025095e-35 0.41964286565780645 26.500000000000004 1.0000000180025095e-35 1.5000000000000002
decision_type=2 2 2 2 2 2 2 2 2 2 2 2 2 2 2 2 2 2 2 2 2 2 2 2 2 2 2 2 2 2 2 2 2 2 2 2 2 1 1 1 1 2 2 2 2 2 2 2 2 2 2 2 2 2 2 2 2 2 2 2 2 2
left_child=1 3 5 17 9 12 -6 57 -4 39 13 47 -2 46 32 24 -7 19 -16 21 30 -1 35 58 28 44 31 -14 -9 45 33 40 -13 -20 49 -15 38 -38 -25 -3 -10 -31 -24 -29 -18 -30 -11 48 -5 -32 51 59 -52 -37 56 -56 -48 -8 -21 -51 -53 -62
right_child=2 4 8 11 6 16 7 15 26 10 -12 14 27 22 18 -17 25 -19 20 23 -22 -23 42 36 -26 -27 -28 43 29 41 34 -33 -34 -35 -36 53 37 -39 -40 -41 -42 -43 -44 -45 -46 -47 54 -49 -50 50 52 60 -54 -55 55 -57 -58 -59 -60 -61 61 -63
leaf_value=0 0 0 0 0 0 0 0 0 0.016192310582129943 0 0 0 0 0 0 0 0 0 0 0 0 0 0 0 0 0 0.012389782472781103 0 0 0 0 0.016347872487587223 0 0 0 0 0 0 0 0 -0.0021602999869624762 0 0 0 0 0 0 0 0 0 0 0 0 0 0 0 0 0 0 0 0 0
leaf_weight=12606 2096 1953 25443 331 7566 4579 10968 26250 7972 416 7803 320 11153 11484 10596 4764 10852 732 1379 3488 625 2142 10120 1372 1436 26838 30699 9400 554 7287 1913 25321 3281 3673 1671 4569 630 1143 2460 2680 11062 3613 1671 4286 2382 13843 9790 1440 8152 3148 2023 465 4720 3548 194 672 7400 281 2023 537 651 2991
leaf_count=12606 2096 1953 25443 331 7566 4579 10968 26250 7972 416 7803 320 11153 11484 10596 4764 10852 732 1379 3488 625 2142 10120 1372 1436 26838 30699 9400 554 7287 1913 25321 3281 3673 1671 4569 630 1143 2460 2680 11062 3613 1671 4286 2382 13843 9790 1440 8152 3148 2023 465 4720 3548 194 672 7400 281 2023 537 651 2991
internal_value=-0.00686242 -0.0112045 -0.00147848 -0.0150217 -0.00915624 -0.0035862 -0.00789431 -0.00822369 2.28963e-05 -0.0107071 -0.0109504 -0.0133818 -0.00494468 -0.0112871 -0.0129069 -0.00781459 -0.00276672 -0.0179761 -0.0131837 -0.0181267 -0.0126619 -0.0173723 -0.0118758 -0.0191276 -0.00800277 -0.00300644 0.000445439 -0.00524912 -0.00809395 -0.0086077 -0.0128034 7.33853e-05 -0.010263 -0.0142209 -0.0124081 -0.0124446 -0.0203417 -0.0184044 -0.021238 -0.00767775 -0.000514763 -0.00754404 -0.0109301 -0.00457343 -0.00388001 -0.009413 -0.0102866 -0.0152001 -0.0155701 -0.012653 -0.0129009 -0.0137056 -0.0119711 -0.0115916 -0.0101856 -0.0130046 -0.0100436 -0.0103239 -0.0178928 -0.0123216 -0.0149474 -0.0144794
internal_weight=385457 213374 172083 74512 138862 71586 76562 68996 100497 62300 57667 47916 26935 49864 37993 57747 44651 26596 34392 25864 23796 14748 31392 11116 52983 40072 75054 24839 51547 25297 23171 44355 3601 5052 18119 19601 5605 1773 3832 4633 19034 10900 11791 13686 13234 14397 18472 9923 8483 16448 14535 7792 6743 8117 18056 866 17190 11249 5511 3685 4107 3642
internal_count=385457 213374 172083 74512 138862 71586 76562 68996 100497 62300 57667 47916 26935 49864 37993 57747 44651 26596 34392 25864 23796 14748 31392 11116 52983 40072 75054 24839 51547 25297 23171 44355 3601 5052 18119 19601 5605 1773 3832 4633 19034 10900 11791 13686 13234 14397 18472 9923 8483 16448 14535 7792 6743 8117 18056 866 17190 11249 5511 3685 4107 3642
cat_boundaries=0 1 2 3 4
cat_threshold=1 1 1 1
is_linear=0
shrinkage=0.03


Tree=30
num_leaves=63
num_cat=2
split_feature=7 7 7 7 7 7 15 15 7 12 7 12 15 12 17 13 12 13 15 6 15 13 12 10 17 17 10 27 13 7 12 14 14 7 17 10 12 14 13 10 14 17 15 15 13 17 13 10 14 13 17 15 15 7 27 13 17 5 13 10 13 6
split_gain=10073 1791.5 668.78 457.204 173.276 117.216 76.006 71.7809 70.3154 59.7635 56.9424 39.2903 32.86 30.5565 26.9584 33.7011 24.292 20.3773 18.9939 18.1825 17.3299 16.2334 14.8379 13.1209 12.4624 12.114 11.7252 11.514 11.4653 11.0126 10.6197 10.6128 10.5367 10.027 11.3226 9.83997 9.7932 10.9572 9.77145 9.33709 8.82069 8.61139 9.0301 8.41235 8.28998 11.242 9.1955 9.03496 8.40912 8.11116 19.2935 8.40641 7.95473 7.83105 7.7282 7.64849 7.93034 7.5079 7.44088 7.43671 7.28233 9.70143
threshold=1.6339285969734194 0.65178570151329052 2.991071462631226 1.1339285969734194 0.49107143282890325 1.9732142686843874 0.84091734886169445 0.91289180517196666 0.8303571641445161 0.62500000000000011 3.6517857313156132 1.6250000000000002 0.89709714055061351 1.8750000000000002 2.5000000000000004 8.8949999809265154 2.6250000000000004 3.685000061988831 0.8933892846107484 5.1250000000000009 0.94937798380851757 8.1350002288818377 0.62500000000000011 1.1755914092063906 3.5000000000000004 2.5000000000000004 0.90209394693374645 0 3.5149999856948857 0.20535714179277423 0.62500000000000011 1.0333452224731448 1.0543610453605654 2.4196429252624516 4.5000000000000009 1.3216696381568911 0.62500000000000011 1.0005040764808657 5.9949998855590829 1.2894279956817629 1.0357472300529482 5.5000000000000009 0.80118870735168468 0.72169047594070446 10.340000152587892 1.5000000000000002 10.275000095367433 0.85676679015159618 1.0111656785011294 10.444999694824221 5.5000000000000009 0.87583890557289135 0.9991869628429414 2.2053570747375493 1 4.4849998950958261 5.5000000000000009 0.75000000000000011 11.230000019073488 1.4989365935325625 10.275000095367433 0.30357143282890325
decision_type=2 2 2 2 2 2 2 2 2 2 2 2 2 2 2 2 2 2 2 2 2 2 2 2 2 2 2 1 2 2 2 2 2 2 2 2 2 2 2 2 2 2 2 2 2 2 2 2 2 2 2 2 2 2 1 2 2 2 2 2 2 2
left_child=1 4 5 6 14 18 27 40 22 -9 52 23 -7 53 26 29 21 -6 -2 25 -19 54 -8 36 35 38 -1 39 -24 -16 -20 -30 44 -15 -35 -23 37 -10 -12 -3 41 -5 -43 -29 46 48 -22 -47 -46 51 -51 -17 -4 -14 -11 56 -38 -26 -13 -18 61 -53
right_child=2 3 10 7 17 12 8 9 11 16 19 58 13 33 15 49 59 20 30 -21 32 24 28 -25 57 -27 -28 43 31 -31 -32 -33 -34 34 -36 -37 55 -39 -40 -41 -42 42 -44 -45 45 47 -48 -49 -50 50 -52 60 -54 -55 -56 -57 -58 -59 -60 -61 -62 -63
leaf_value=0 0 0 0.021510702021323515 0 0 0 0 0 0 0 0.015991862500616422 0 0 0 0 0 0 0 0 0.01201808899859767 0 0 0 0 0 0.015428252899365594 0 0 0 0 0 0 0 0 0 0 0 0 -0.0020787410298142217 0 0 0 0 0 0 0 0 0 0 0 0 0 0 0 0 0 0 0 0 0 0 0
leaf_weight=10821 1778 2193 2239 4038 6888 5581 12831 10791 4585 5050 5812 6244 5620 11298 307 370 1204 1400 1663 28018 9147 5588 2017 17976 382 26871 603 598 8757 6063 17606 3086 2487 14706 5557 7695 3613 6658 14340 461 2473 288 283 2304 194 503 723 550 209 3442 1134 1160 23279 12490 21954 14605 612 9100 1409 2970 445 2293
leaf_count=10821 1778 2193 2239 4038 6888 5581 12831 10791 4585 5050 5812 6244 5620 11298 307 370 1204 1400 1663 28018 9147 5588 2017 17976 382 26871 603 598 8757 6063 17606 3086 2487 14706 5557 7695 3613 6658 14340 461 2473 288 283 2304 194 503 723 550 209 3442 1134 1160 23279 12490 21954 14605 612 9100 1409 2970 445 2293
internal_value=-0.0068626 -0.0113297 -0.00159623 -0.00979373 -0.0163644 -0.00371411 -0.0112439 -0.00801774 -0.011473 -0.00833145 1.07102e-05 -0.0108663 -0.00298838 -0.00323362 -0.0179937 -0.0188207 -0.00792375 -0.0144006 -0.00561928 0.000427007 -0.0137876 -0.00810812 -0.012739 -0.0111843 -0.00869822 6.6542e-05 -0.0168923 -0.00784773 -0.0120584 -0.017157 -0.00589304 -0.0117024 -0.01411 -0.00266997 -0.00227069 -0.00810517 -0.0115676 -0.0122682 -0.00048948 -0.00927581 -0.00515024 -0.0043747 -0.00782312 -0.0065417 -0.0137217 -0.0116085 -0.0140334 -0.0132393 -0.00734739 -0.020019 -0.0208964 -0.0190783 -0.0012135 -0.0042159 -0.00761065 -0.0111492 -0.0122734 -0.009529 -0.00886985 -0.00572544 -0.0194885 -0.019954
internal_weight=385362 208504 176858 159765 48739 76299 87949 71816 82393 64734 100559 55702 55252 49671 26638 15214 53943 22101 21047 75041 15213 49769 26691 48049 22765 47023 11424 5556 13860 6370 19269 11843 13813 31561 20263 13283 30073 11243 20152 2654 7082 4609 571 2902 11326 1456 9870 1053 403 8844 4576 4268 25518 18110 27004 18830 4225 9482 7653 4174 3898 3453
internal_count=385362 208504 176858 159765 48739 76299 87949 71816 82393 64734 100559 55702 55252 49671 26638 15214 53943 22101 21047 75041 15213 49769 26691 48049 22765 47023 11424 5556 13860 6370 19269 11843 13813 31561 20263 13283 30073 11243 20152 2654 7082 4609 571 2902 11326 1456 9870 1053 403 8844 4576 4268 25518 18110 27004 18830 4225 9482 7653 4174 3898 3453
cat_boundaries=0 1 2
cat_threshold=1 2
is_linear=0
shrinkage=0.03


Tree=31
num_leaves=63
num_cat=5
split_feature=7 7 7 7 7 7 15 15 7 7 18 15 7 22 17 21 18 18 15 18 22 10 18 15 17 18 25 22 25 18 10 14 14 14 26 17 17 22 15 14 25 17 17 17 18 22 25 17 18 18 18 15 10 10 15 17 21 18 14 17 15 17
split_gain=9991.4 1788.87 678.406 456.739 184.432 114.397 82.2583 75.3188 67.614 55.7326 39.8212 31.4894 27.8102 27.1391 26.8612 26.4678 23.0605 23.6453 21.8533 18.4152 17.6745 16.0985 15.5269 14.7044 14.113 14.0604 13.6409 13.5092 12.4185 12.2127 12.1785 11.5175 11.3689 17.0285 16.3817 11.3815 11.3421 11.8337 11.3196 10.8199 10.0259 9.81787 14.0833 9.52091 13.1512 9.37829 9.29899 14.374 9.93047 9.00315 9.8558 11.4954 8.94765 8.57694 8.54514 8.91701 8.48536 9.22935 8.47558 8.31393 8.40502 8.23637
threshold=1.6339285969734194 0.65178570151329052 2.991071462631226 1.1339285969734194 0.49107143282890325 1.9375000000000002 0.8447212576866151 0.91289180517196666 0.8303571641445161 3.866071462631226 6.5000000000000009 0.89709714055061351 2.4196429252624516 1.0000000180025095e-35 3.5000000000000004 19.500000000000004 4.5000000000000009 10.500000000000002 0.8609888255596162 11.500000000000002 1.0000000180025095e-35 1.2573741078376772 1.5000000000000002 0.9293062984943391 4.5000000000000009 6.5000000000000009 0 1.0000000180025095e-35 1 2.5000000000000004 0.90209394693374645 1.022957503795624 1.0263267159461977 1.0264415144920351 2 4.5000000000000009 3.5000000000000004 1.0000000180025095e-35 0.86604186892509472 1.023218631744385 3 1.0000000180025095e-35 3.5000000000000004 2.5000000000000004 10.500000000000002 1.0000000180025095e-35 4 1.0000000180025095e-35 7.5000000000000009 11.500000000000002 6.5000000000000009 0.79378628730773937 0.5168704390525819 1.2573741078376772 0.9991869628429414 1.5000000000000002 11.500000000000002 10.500000000000002 1.0423223376274111 5.5000000000000009 0.80118870735168468 1.5000000000000002
decision_type=2 2 2 2 2 2 2 2 2 2 2 2 2 2 2 2 2 2 2 2 2 2 2 2 2 2 1 2 1 2 2 2 2 2 1 2 2 2 2 2 1 2 2 2 2 2 1 2 2 2 2 2 2 2 2 2 2 2 2 2 2 2
left_child=1 4 5 6 14 18 39 58 19 54 -10 61 -13 16 20 36 53 32 -2 22 30 -17 -8 31 46 -11 -19 29 -16 -20 49 -6 34 -34 35 40 37 38 -12 -3 -18 -36 -43 -40 -45 -24 48 56 -14 50 51 -1 -51 -9 -4 -56 57 -48 59 -5 -61 -7
right_child=2 3 9 7 23 11 8 13 10 25 15 12 24 -15 28 21 17 26 27 -21 -22 -23 45 -25 -26 -27 -28 -29 -30 -31 -32 -33 33 -35 41 -37 -38 -39 43 -41 -42 42 -44 44 -46 -47 47 -49 -50 52 -52 -53 -54 -55 55 -57 -58 -59 -60 60 -62 -63
leaf_value=0 0 0 0.020043244044347625 0 0 0 0 0 0 0.012055874783796602 0 0 0 0 0 0 0 0 0 0 0 0 0 0 0 0.013833787205487641 0 0 0 0 0 0 0 0 0 0 0 0 0 0 0 0 0 0 0 0 0 0 0 0 0 0 0 0 0 0 0 0 0 0 0 0
leaf_weight=135 1496 3255 2727 4526 1294 1798 907 4168 21149 37223 163 22648 4700 1718 1938 9152 4945 4703 1798 3018 417 3846 22082 19842 8294 30689 4062 457 9436 15473 808 1028 140 15119 1277 3491 9458 220 8539 2453 4109 4073 3990 1803 1092 592 817 11492 1205 630 7780 4279 1174 13081 8274 21305 1901 189 1910 327 334 3958
leaf_count=135 1496 3255 2727 4526 1294 1798 907 4168 21149 37223 163 22648 4700 1718 1938 9152 4945 4703 1798 3018 417 3846 22082 19842 8294 30689 4062 457 9436 15473 808 1028 140 15119 1277 3491 9458 220 8539 2453 4109 4073 3990 1803 1092 592 817 11492 1205 630 7780 4279 1174 13081 8274 21305 1901 189 1910 327 334 3958
internal_value=-0.00685547 -0.0113022 -0.00160174 -0.00976665 -0.0163316 -0.00373471 -0.0112198 -0.00799537 -0.0114621 2.05952e-05 -0.0108654 -0.00305979 -0.0032961 -0.00831636 -0.0180159 -0.0114971 -0.00841756 -0.00876893 -0.00573595 -0.0127055 -0.0171918 -0.0104305 -0.0129879 -0.0143105 -0.00267417 0.000508541 -0.00736737 -0.00602978 -0.0191189 -0.0061645 -0.0173634 -0.0120517 -0.00909967 -0.00972823 -0.00866141 -0.00791039 -0.0121488 -0.0115291 -0.0116598 -0.00773756 -0.0084778 -0.00965134 -0.00927459 -0.0117717 -0.010285 -0.0131418 -0.00224823 -0.0018324 -0.00325359 -0.0175701 -0.0178627 -0.0167304 -0.015592 -0.00748235 -0.00100514 -0.00115328 -0.00371827 -0.00594632 -0.00506115 -0.00443204 -0.00757489 -0.000955872
internal_weight=384907 208463 176444 159702 48761 76226 87729 71973 82021 100218 55422 57002 51246 64876 26597 34273 63158 45909 19224 26599 15223 12998 23581 22164 28598 67912 8765 17728 11374 17271 14806 2322 37144 15259 21885 12545 21275 11817 11597 5708 9054 9340 8063 11434 2895 22674 20304 14399 5905 13998 12194 4414 1804 17249 32306 29579 2907 1006 7097 5187 661 5756
internal_count=384907 208463 176444 159702 48761 76226 87729 71973 82021 100218 55422 57002 51246 64876 26597 34273 63158 45909 19224 26599 15223 12998 23581 22164 28598 67912 8765 17728 11374 17271 14806 2322 37144 15259 21885 12545 21275 11817 11597 5708 9054 9340 8063 11434 2895 22674 20304 14399 5905 13998 12194 4414 1804 17249 32306 29579 2907 1006 7097 5187 661 5756
cat_boundaries=0 1 2 3 4 5
cat_threshold=1 2 5 9 1
is_linear=0
shrinkage=0.03


Tree=32
num_leaves=63
num_cat=15
split_feature=7 7 7 7 7 7 24 15 7 15 20 19 24 17 24 24 15 15 6 15 19 24 19 19 6 19 19 24 17 24 7 22 22 17 15 24 14 17 24 15 19 22 20 24 24 19 9 7 19 19 22 19 24 24 19 13 19 22 24 17 17 24
split_gain=10151.1 1821.84 669.069 411.242 274.2 122.252 73.5766 73.4596 55.0669 52.8741 38.4825 32.1841 31.516 27.5878 29.796 26.1164 25.9945 24.8499 23.3876 23.3169 22.009 20.9119 18.2136 17.6107 17.1592 15.7396 20.4994 15.5088 15.9569 20.5253 14.9429 14.3158 13.6383 13.2174 12.789 12.6254 12.3585 12.269 18.8312 11.7394 11.6246 10.9882 10.7114 11.8687 10.6521 10.6512 11.5827 10.5153 10.5077 10.3467 12.5395 10.2994 11.3956 9.90663 9.80354 9.60717 9.57897 9.45749 9.21287 8.87357 14.4728 12.9117
threshold=1.6339285969734194 0.81250000000000011 2.991071462631226 0.49107143282890325 1.1339285969734194 2.0446429252624516 0 0.91289180517196666 3.616071462631226 0.86604186892509472 2.5000000000000004 47.500000000000007 1 3.5000000000000004 2 3 0.91289180517196666 0.8933892846107484 0.48214285075664526 0.83881488442420971 15.500000000000002 4 42.500000000000007 19.500000000000004 5.1250000000000009 18.500000000000004 45.500000000000007 5 4.5000000000000009 6 1.8125000000000002 1.0000000180025095e-35 1.0000000180025095e-35 1.0000000180025095e-35 0.82468372583389293 7 1.0473437905311587 2.5000000000000004 8 0.71422553062438976 19.500000000000004 1.0000000180025095e-35 2.5000000000000004 9 10 28.500000000000004 1.1791118979454043 0.74107143282890331 8.5000000000000018 12.500000000000002 1.0000000180025095e-35 24.500000000000004 11 12 51.500000000000007 6.2400000095367441 8.5000000000000018 1.0000000180025095e-35 13 1.0000000180025095e-35 4.5000000000000009 14
decision_type=2 2 2 2 2 2 1 2 2 2 2 2 1 2 1 1 2 2 2 2 2 1 2 2 2 2 2 1 2 1 2 2 2 2 2 1 2 2 1 2 2 2 2 1 1 2 2 2 2 2 2 2 1 1 2 2 2 2 1 2 2 1
left_child=1 3 5 13 9 17 20 -6 56 -3 21 16 19 18 -15 49 39 -2 32 -7 -5 -11 44 -14 37 35 27 41 33 -30 48 -16 -1 40 -22 -17 51 38 -10 -8 -29 -27 -21 -44 45 -12 -47 -36 -19 -9 -51 -18 -53 -13 -55 -25 -4 58 -28 -45 -61 -62
right_child=2 4 8 6 7 12 11 15 24 10 22 53 23 14 31 25 36 30 -20 42 34 -23 -24 55 -26 26 57 28 29 -31 -32 -33 -34 -35 47 -37 -38 -39 -40 -41 -42 -43 43 59 -46 46 -48 -49 -50 50 -52 52 -54 54 -56 -57 -58 -59 -60 60 61 -63
leaf_value=0 0 0 0.02193287488956017 0 0 0.023183788626698811 0 0 -0.0024481423726238046 0 0 0 0 0 0 0 0 0 0 0 0 0 0 0 0.011295870085125843 0 0 0 0 0 0 0 0 0 0 0 0 0.014739799607248322 0.014977580963047977 0 0 0 0 0 0 0 0 0 0 0 0 0 0 0 0 0 0 -0.00032782233043090721 0 0 0 0
leaf_weight=12764 2125 4692 1764 3820 6983 2694 283 1771 9173 9876 495 1058 4584 6087 5268 5912 5191 1179 2248 14524 825 11820 14063 5335 27881 12260 2097 164 926 3507 11735 125 374 8858 11607 10130 3764 27674 11542 2371 2113 363 5382 2216 16877 3047 1303 2141 10327 14220 429 3848 9720 2941 393 2669 22328 202 1688 8881 1574 2971
leaf_count=12764 2125 4692 1764 3820 6983 2694 283 1771 9173 9876 495 1058 4584 6087 5268 5912 5191 1179 2248 14524 825 11820 14063 5335 27881 12260 2097 164 926 3507 11735 125 374 8858 11607 10130 3764 27674 11542 2371 2113 363 5382 2216 16877 3047 1303 2141 10327 14220 429 3848 9720 2941 393 2669 22328 202 1688 8881 1574 2971
internal_value=-0.00687289 -0.0113532 -0.00157889 -0.0151019 -0.00925664 -0.00369838 -0.0134374 -0.0079913 3.02506e-05 -0.0107143 -0.0109643 -0.0124802 -0.0028495 -0.0180735 -0.0191864 -0.00830709 -0.0128978 -0.00539943 -0.0172431 -0.00241854 -0.0149612 -0.00996737 -0.0115687 -0.00415352 0.0004252 -0.0086666 -0.00905109 -0.00933585 -0.010001 -0.0115297 -0.00568336 -0.017322 -0.0177269 -0.00940144 -0.0155007 -0.00790076 -0.0132287 8.36348e-05 -0.000468501 -0.0100897 -0.0114401 -0.00850083 -0.0026231 -0.00305594 -0.0121132 -0.0106869 -0.0102345 -0.0157184 -0.00645159 -0.00724163 -0.00750788 -0.012914 -0.0133488 -0.0101148 -0.0109593 -0.005006 -0.00122007 -0.00703762 -0.00737516 -0.00263123 -0.00234262 -0.00371947
internal_weight=385182 208624 176558 74828 133796 76196 47962 71623 100362 62173 57481 29569 50830 26866 11480 64640 25177 25366 15386 38242 18393 21696 35785 12588 76270 48220 32178 28191 15568 4433 23241 5393 13138 11135 14573 16042 22523 48389 20715 2654 2277 12623 35548 21024 21722 4845 4350 13748 11506 16420 14649 18759 13568 4392 3334 8004 24092 3987 3785 15642 13426 4545
internal_count=385182 208624 176558 74828 133796 76196 47962 71623 100362 62173 57481 29569 50830 26866 11480 64640 25177 25366 15386 38242 18393 21696 35785 12588 76270 48220 32178 28191 15568 4433 23241 5393 13138 11135 14573 16042 22523 48389 20715 2654 2277 12623 35548 21024 21722 4845 4350 13748 11506 16420 14649 18759 13568 4392 3334 8004 24092 3987 3785 15642 13426 4545
cat_boundaries=0 1 2 3 4 5 6 7 8 9 10 11 12 13 14 15
cat_threshold=32801 551242 131073 4488 426032 265232 131108 131588 540928 264 203016 67328 260 101888 540674
is_linear=0
shrinkage=0.03


Tree=33
num_leaves=63
num_cat=22
split_feature=7 7 7 7 7 7 24 7 19 18 18 19 22 24 22 22 17 24 24 17 24 10 24 19 24 7 24 21 10 24 18 19 17 24 18 17 19 21 24 17 24 24 17 24 24 17 19 21 17 11 21 10 17 24 24 24 24 17 24 17 24 24
split_gain=10030.7 1909.17 577.448 405.036 312.902 84.9925 62.2172 53.2463 42.7194 33.3416 31.7513 29.1062 24.8383 24.5747 24.187 23.6293 23.479 36.1875 22.1813 21.9841 29.1606 20.129 18.7729 18.0783 17.8157 16.5936 15.8157 15.6896 15.4971 15.1975 15.1077 17.2304 13.377 13.2416 12.9921 12.8857 12.288 11.8718 11.6772 11.6355 12.3128 11.6203 11.0935 39.3279 12.5946 12.1817 11.0801 10.701 10.6721 10.4903 10.4004 10.1614 10.1031 32.2391 20.7603 10.047 9.99489 9.95295 12.6725 9.88441 15.493 9.78791
threshold=1.7053571343421938 0.81250000000000011 3.0267857313156132 0.50892856717109691 1.151785731315613 2.1696429252624516 0 3.616071462631226 25.500000000000004 4.5000000000000009 10.500000000000002 47.500000000000007 1.0000000180025095e-35 1 1.0000000180025095e-35 1.0000000180025095e-35 2.5000000000000004 2 3 4.5000000000000009 4 1.2894279956817629 5 6.5000000000000009 6 4.7767856121063241 7 13.500000000000002 0.90209394693374645 8 5.5000000000000009 42.500000000000007 1.0000000180025095e-35 9 4.5000000000000009 3.5000000000000004 22.500000000000004 13.500000000000002 10 2.5000000000000004 11 12 4.5000000000000009 13 14 2.5000000000000004 18.500000000000004 25.500000000000004 1.0000000180025095e-35 0.41071428358554846 19.500000000000004 1.1007876396179201 4.5000000000000009 15 16 17 18 5.5000000000000009 19 1.5000000000000002 20 21
decision_type=2 2 2 2 2 2 1 2 2 2 2 2 2 1 2 2 2 1 1 2 1 2 1 2 1 2 1 2 2 1 2 2 2 1 2 2 2 2 1 2 1 1 2 1 1 2 2 2 2 2 2 2 2 1 1 1 1 2 1 2 1 1
left_child=1 3 5 12 8 29 30 -4 22 26 13 23 16 15 21 42 28 -18 36 37 -21 27 -3 51 47 39 -6 57 -1 -2 -5 -32 61 -12 -20 -35 -7 46 -13 40 -9 50 44 -44 -11 -46 -15 -25 -49 -22 -23 -8 54 -54 -24 -34 -29 -10 -59 -39 -61 -31
right_child=2 4 7 6 9 18 11 25 14 10 33 38 -14 19 -16 -17 17 -19 34 20 49 41 52 24 -26 -27 -28 56 -30 32 31 -33 55 35 -36 -37 -38 59 -40 -41 -42 -43 43 -45 45 -47 -48 48 -50 -51 -52 -53 53 -55 -56 -57 -58 58 -60 60 -62 -63
leaf_value=0 0 0 0 0 0 0 0 -0.0026297923966659351 0 0 0 0 0 0 0 0 0 0 0 0 0 0 0 0 0 0.011373593903433338 0 0 0 0 0 0 0 0 0 0 0 0 0 0.013797880425241001 -0.0003861447372531723 0 0 0 0 0 0 0 0 0 0 0 0 0 0 0 0 0 0 0 0 0
leaf_weight=11240 4491 2233 22728 5389 9387 3995 1399 5271 10795 5484 2162 2242 787 896 1225 702 8075 7862 9547 1221 3024 2303 6271 13107 9836 36360 11754 4384 741 724 6790 1425 933 4555 28684 3390 3736 2967 2527 22842 11784 6337 2378 4423 7078 4795 5328 381 2419 1126 1392 391 3349 2823 9241 17036 12984 485 1296 2636 1680 2302
leaf_count=11240 4491 2233 22728 5389 9387 3995 1399 5271 10795 5484 2162 2242 787 896 1225 702 8075 7862 9547 1221 3024 2303 6271 13107 9836 36360 11754 4384 741 724 6790 1425 933 4555 28684 3390 3736 2967 2527 22842 11784 6337 2378 4423 7078 4795 5328 381 2419 1126 1392 391 3349 2823 9241 17036 12984 485 1296 2636 1680 2302
internal_value=-0.00686177 -0.0111752 -0.00142766 -0.0150516 -0.00911079 -0.00348304 -0.0133038 5.59177e-05 -0.0106322 -0.00778961 -0.008186 -0.0125589 -0.0178469 -0.00853619 -0.0112176 -0.00789264 -0.0179951 -0.0187494 -0.00271254 -0.00937452 -0.011003 -0.0113449 -0.00962366 -0.0129376 -0.0131403 0.000435776 -0.00678005 -0.0117345 -0.0169917 -0.00487256 -0.015052 -0.0158728 -0.00452392 -0.00667053 -0.00241382 -0.00606977 -0.00418124 -0.00873392 -0.010399 1.33094e-05 -0.000579595 -0.0101818 -0.00805348 -0.00702647 -0.0084559 -0.00786342 -0.00969602 -0.0138141 -0.0121393 -0.0122163 -0.0087004 -0.0100223 -0.00933106 -0.010362 -0.00892689 -0.00483683 -0.0111502 -0.0125415 -0.0146193 -0.00791171 -0.00699537 -0.00268077
internal_weight=385148 214715 170433 74611 140104 71448 45906 98985 65118 74986 53845 32302 28705 43738 41201 24860 27918 15937 45962 18878 5371 39976 23917 27533 25743 76257 21141 29944 11981 25486 13604 8215 20995 10107 38231 7945 7731 13507 4769 39897 17055 10032 24158 6801 17357 11873 6224 15907 2800 4150 3695 1790 21684 6172 15512 17969 17368 12576 1781 7283 4316 3026
internal_count=385148 214715 170433 74611 140104 71448 45906 98985 65118 74986 53845 32302 28705 43738 41201 24860 27918 15937 45962 18878 5371 39976 23917 27533 25743 76257 21141 29944 11981 25486 13604 8215 20995 10107 38231 7945 7731 13507 4769 39897 17055 10032 24158 6801 17357 11873 6224 15907 2800 4150 3695 1790 21684 6172 15512 17969 17368 12576 1781 7283 4316 3026
cat_boundaries=0 1 2 3 4 5 6 7 8 9 10 11 12 13 14 15 16 17 18 19 20 21 22
cat_threshold=33 7576 131073 103552 131108 131104 295044 330769 132117 393233 66948 24832 464905 4112 272 360449 263188 540736 203016 262149 328193 65856
is_linear=0
shrinkage=0.03


Tree=34
num_leaves=63
num_cat=21
split_feature=10 10 11 24 11 24 10 11 24 15 10 25 24 12 10 15 12 24 24 25 24 24 12 12 15 12 17 10 22 18 12 24 11 15 27 24 12 18 17 18 15 10 24 24 18 24 25 18 17 12 18 24 12 18 17 11 18 24 24 17 24 17
split_gain=9108.31 1522.43 886.216 341.835 322.015 221.801 130.144 90.8905 83.6927 70.22 62.4929 54.2505 52.3545 48.5056 43.6485 42.53 36.194 34.7533 34.6406 31.8582 37.3328 30.974 30.8937 28.5491 28.2114 28.1689 28.1577 26.9008 25.097 25.0579 22.9925 22.7298 22.2186 21.3486 21.026 20.4842 20.3925 20.2825 18.9609 18.7124 18.4814 16.7469 16.1418 15.1888 15.038 14.9814 14.7886 14.5715 14.2625 14.2442 13.6608 13.486 13.3143 13.1255 12.8857 12.8582 12.4241 12.0505 11.9285 18.3635 11.8161 11.5812
threshold=1.6342942714691164 0.93915662169456493 0.19642857462167743 0 0.41071428358554846 1 2.8413627147674565 0.66071426868438732 2 0.91289180517196666 1.2505096793174746 3 4 1.6250000000000002 0.59491118788719188 0.86914184689521801 2.1250000000000004 5 6 7 8 9 2.8750000000000004 2.8750000000000004 0.78626844286918651 2.3750000000000004 2.5000000000000004 0.78204792737960827 1.0000000180025095e-35 6.5000000000000009 0.87500000000000011 10 0.5892857313156129 0.84593328833580028 11 12 0.62500000000000011 5.5000000000000009 5.5000000000000009 6.5000000000000009 0.9991869628429414 2.5056059360504155 13 14 6.5000000000000009 15 16 7.5000000000000009 3.5000000000000004 0.62500000000000011 4.5000000000000009 17 1.1250000000000002 11.500000000000002 3.5000000000000004 0.51785713434219371 6.5000000000000009 18 19 3.5000000000000004 20 4.5000000000000009
decision_type=2 2 2 1 2 1 2 2 1 2 2 1 1 2 2 2 2 1 1 1 1 1 2 2 2 2 2 2 2 2 2 1 2 2 1 1 2 2 2 2 2 2 1 1 2 1 1 2 2 2 2 1 2 2 2 2 2 1 1 2 1 2
left_child=1 3 6 7 8 12 16 27 21 52 17 18 -4 19 -5 -12 45 53 -7 20 44 -3 37 -8 -19 41 -9 -1 32 35 -26 46 33 -16 47 48 -17 -13 -36 -22 -20 -14 -38 -18 -11 -2 54 -28 -21 -41 -42 -34 -10 55 -15 -6 -25 -39 -32 -60 -31 -44
right_child=2 4 5 14 10 11 23 26 9 13 15 22 25 31 28 36 43 24 40 29 39 -23 -24 56 30 -27 34 -29 -30 60 58 -33 51 -35 38 -37 42 57 -40 49 50 -43 61 -45 -46 -47 -48 -49 -50 -51 -52 -53 -54 -55 -56 -57 -58 -59 59 -61 -62 -63
leaf_value=0 0 0 0 0 0 0 -0.00068420795278910872 0 0 0 0 0 0 0 0 0 0 0 0 0 0 0 0 0.010615786165469068 0 0 0 0 0 0 0 0 0 0 0 0 0 0 0 0 0 0 0 0 0 0 0 0 0 0 0 0 0 0 0 0 0 0 0 0 0 0
leaf_weight=9769 2668 1141 13421 2471 4183 552 15728 8910 2588 963 1735 6670 11860 3545 1285 6720 13088 1240 1212 4699 2566 11892 1458 33258 16704 6908 2074 6931 841 5978 3678 6093 3315 19367 3571 5934 5397 2521 1166 546 2705 1807 6016 20324 3444 11268 3832 5115 4306 1584 7314 4698 3209 544 1861 5147 26713 4405 6153 2969 4605 2109
leaf_count=9769 2668 1141 13421 2471 4183 552 15728 8910 2588 963 1735 6670 11860 3545 1285 6720 13088 1240 1212 4699 2566 11892 1458 33258 16704 6908 2074 6931 841 5978 3678 6093 3315 19367 3571 5934 5397 2521 1166 546 2705 1807 6016 20324 3444 11268 3832 5115 4306 1584 7314 4698 3209 544 1861 5147 26713 4405 6153 2969 4605 2109
internal_value=-0.00688461 -0.0113005 -0.00206009 -0.0148909 -0.00940088 -0.00502213 -0.000595699 -0.0168421 -0.00798407 -0.00849203 -0.0109578 -0.00706146 -0.00340916 -0.00885623 -0.0125913 -0.00966915 -0.00182935 -0.0116551 -0.00551946 -0.00947827 -0.00790311 -0.00580012 -0.00826394 0.000175921 -0.0111308 -0.00436119 -0.0181682 -0.0151976 -0.0122745 -0.0100331 -0.0113208 -0.00745137 -0.0124244 -0.0119041 -0.0191214 -0.0092458 -0.0100555 -0.00871447 -0.0206732 -0.00978793 -0.00514785 -0.00515248 -0.00938426 -0.00129367 -0.00587707 -0.00311366 -0.00647881 -0.0180989 -0.00829118 -0.0118873 -0.00557571 -0.0137653 -0.00536812 -0.0132626 -0.00543058 -0.0135402 0.000474279 -0.00985157 -0.0103641 -0.0109849 -0.0111538 -0.00847634
internal_weight=384774 200894 183880 69513 131381 60833 123047 37536 68786 55753 62595 26837 33996 49956 31977 21977 47348 40618 11783 34625 9103 13033 15054 75699 30744 20575 20836 16700 29506 25522 29504 15331 28665 20652 11926 14939 20242 13596 4737 4696 11231 13667 13522 33412 4407 13936 9238 7189 9005 2130 10019 8013 5797 9874 5406 9330 59971 6926 12800 9122 10583 8125
internal_count=384774 200894 183880 69513 131381 60833 123047 37536 68786 55753 62595 26837 33996 49956 31977 21977 47348 40618 11783 34625 9103 13033 15054 75699 30744 20575 20836 16700 29506 25522 29504 15331 28665 20652 11926 14939 20242 13596 4737 4696 11231 13667 13522 33412 4407 13936 9238 7189 9005 2130 10019 8013 5797 9874 5406 9330 59971 6926 12800 9122 10583 8125
cat_boundaries=0 1 2 3 4 5 6 7 8 9 10 11 12 13 14 15 16 17 18 19 20 21
cat_threshold=131105 555338 553288 1 548930 37 1 1 99968 532544 230032 1 3717 300068 542726 540674 5 32772 98816 69904 3217
is_linear=0
shrinkage=0.03


Tree=35
num_leaves=63
num_cat=22
split_feature=7 7 7 7 7 24 24 7 19 23 7 19 23 6 19 19 19 18 7 24 17 24 19 24 14 17 24 19 19 19 24 17 24 24 17 24 24 17 23 24 24 14 17 24 24 25 19 19 17 25 17 24 14 24 19 25 17 24 6 17 24 17
split_gain=10256.3 1950.95 521.921 393.211 331.941 82.2105 59.0503 39.1944 39.1206 35.272 31.9178 29.5202 27.2757 28.1303 25.4697 24.131 24.0932 21.1325 19.3987 18.8833 17.0314 32.9784 16.696 15.8516 15.7519 15.575 15.4051 13.6327 13.1575 16.5753 12.6806 12.2547 34.3342 16.3149 15.6937 12.1188 12.0179 11.9092 11.5203 15.0232 11.2157 10.7242 10.5456 11.2326 10.2594 10.1142 10.038 10.0335 10.8854 9.97746 9.96248 15.2902 10.787 9.59554 9.33146 9.03774 8.96008 9.09469 8.90523 8.85008 8.8025 15.6952
threshold=1.741071403026581 0.81250000000000011 2.991071462631226 0.50892856717109691 1.151785731315613 0 1 3.8303570747375493 25.500000000000004 2.5000000000000004 1.4196428656578066 47.500000000000007 1.0000000180025095e-35 0.48214285075664526 42.500000000000007 18.500000000000004 16.500000000000004 5.5000000000000009 2.2232142686843877 2 2.5000000000000004 3 25.500000000000004 4 1.0516129136085512 3.5000000000000004 5 24.500000000000004 22.500000000000004 45.500000000000007 6 4.5000000000000009 7 8 1.0000000180025095e-35 9 10 3.5000000000000004 2.5000000000000004 11 12 1.0608651638031008 1.0000000180025095e-35 13 14 15 37.500000000000007 36.500000000000007 1.0000000180025095e-35 16 5.5000000000000009 17 1.0346115827560427 18 31.500000000000004 19 3.5000000000000004 20 2.6964285373687749 3.5000000000000004 21 3.5000000000000004
decision_type=2 2 2 2 2 1 1 2 2 2 2 2 2 2 2 2 2 2 2 1 2 1 2 1 2 2 1 2 2 2 1 2 1 1 2 1 1 2 2 1 1 2 2 1 1 1 2 2 2 1 2 1 2 1 2 1 2 1 2 2 1 2
left_child=1 3 5 12 8 18 17 -4 23 10 26 24 13 20 -10 45 42 -5 -2 -18 -1 -22 -9 -3 27 46 50 -8 40 60 -11 33 -33 34 -25 59 54 -15 44 -40 -28 -20 53 -44 -16 56 -21 -19 -49 -14 -6 52 -52 -12 -27 -38 -7 -58 -17 -29 61 -30
right_child=2 4 7 6 9 15 11 22 14 30 16 -13 49 37 38 58 19 47 41 25 21 -23 -24 31 -26 36 28 35 29 -31 -32 32 -34 -35 -36 -37 55 -39 39 -41 -42 -43 43 -45 -46 -47 -48 48 -50 -51 51 -53 -54 -55 -56 -57 57 -59 -60 -61 -62 -63
leaf_value=0 0 0 0 0 0 0 0 0.010297312580504994 0 0 0 0 0 0 0 0 0 0 0 0 0 0 -0.00066221491654084165 0 0 0 0 0 0 0 0 0 0 0 0 0 0 0 0 0 0 0 0 0 0 0 0 0 0 0 0 0 0 0 0 0 0 0 0 0 0 0
leaf_weight=9871 10333 2270 30940 6209 6562 3655 5779 36611 25370 807 572 4280 155 2834 5395 14019 8092 6452 31632 6484 7184 6011 32934 518 3875 1182 5287 2950 4378 3099 653 1656 4504 12855 2122 9694 1786 2121 261 287 8762 2326 2356 5118 9877 1942 3367 624 3764 638 365 488 173 645 1747 2623 1331 1529 1012 2272 9441 3262
leaf_count=9871 10333 2270 30940 6209 6562 3655 5779 36611 25370 807 572 4280 155 2834 5395 14019 8092 6452 31632 6484 7184 6011 32934 518 3875 1182 5287 2950 4378 3099 653 1656 4504 12855 2122 9694 1786 2121 261 287 8762 2326 2356 5118 9877 1942 3367 624 3764 638 365 488 173 645 1747 2623 1331 1529 1012 2272 9441 3262
internal_value=-0.0068643 -0.0111734 -0.0013052 -0.0150993 -0.00911303 -0.00333957 -0.0133749 6.7025e-05 -0.0106909 -0.00778305 -0.00787203 -0.0125146 -0.0178461 -0.0180014 -0.0112513 -0.00477513 -0.00718898 -0.0148146 -0.00257662 -0.00765741 -0.0184419 -0.019147 0.000462219 -0.00972602 -0.0129194 -0.00706977 -0.00842693 -0.0125907 -0.00813818 -0.00863132 -0.00316438 -0.00945142 -0.0105877 -0.00900581 -0.0112528 -0.01307 -0.0081202 -0.0159506 -0.0103066 -0.00603285 -0.00743562 -0.00223087 -0.00582637 -0.00624806 -0.0104599 -0.00349521 -0.00629449 -0.0156227 -0.014516 -0.0123594 -0.00970597 -0.0124678 -0.0160511 -0.00323665 -0.00652365 -0.00914528 -0.00291264 -0.00417482 -0.00549844 -0.011719 -0.00899754 -0.00815686
internal_weight=385341 217077 168264 74713 142364 67779 45899 100485 65115 77249 75789 28850 28814 28021 41190 23488 33972 17049 44291 25281 23066 13195 69545 23925 24570 17189 41817 20695 34229 20180 1460 21655 6160 15495 2640 14916 7338 4955 15820 548 14049 33958 8691 7474 15272 8457 9851 10840 4388 793 7588 1026 538 1217 2929 4409 6515 2860 15031 5222 17081 7640
internal_count=385341 217077 168264 74713 142364 67779 45899 100485 65115 77249 75789 28850 28814 28021 41190 23488 33972 17049 44291 25281 23066 13195 69545 23925 24570 17189 41817 20695 34229 20180 1460 21655 6160 15495 2640 14916 7338 4955 15820 548 14049 33958 8691 7474 15272 8457 9851 10840 4388 793 7588 1026 538 1217 2929 4409 6515 2860 15031 5222 17081 7640
cat_boundaries=0 1 2 3 4 5 6 7 8 9 10 11 12 13 14 15 16 17 18 19 20 21 22
cat_threshold=551242 32801 362516 131073 131104 393513 7064 7444 20 198400 4360 493569 4612 165904 432136 5 2 262145 66837 1 5632 6288
is_linear=0
shrinkage=0.03


Tree=36
num_leaves=63
num_cat=10
split_feature=6 6 6 6 6 6 6 12 6 12 12 22 6 23 19 6 17 12 25 19 27 27 12 26 23 6 19 25 22 23 17 17 17 19 19 14 12 27 23 17 27 12 18 25 17 14 14 19 23 19 9 14 18 27 17 12 19 19 26 17 19 14
split_gain=9998.85 1626.63 832.961 292.923 277.465 121.79 80.5624 57.3196 29.9288 27.893 24.2971 23.4366 22.8656 20.523 18.4177 17.0128 16.6197 16.1803 15.9837 28.4995 15.6742 15.2262 14.9848 14.2045 14.2038 13.9142 13.6166 12.0862 11.5747 11.2446 10.958 14.9906 10.6465 10.4284 11.0954 10.044 9.59327 9.55586 9.38341 9.17169 8.48313 8.46248 8.33113 8.03559 7.92645 9.43747 7.92343 8.8515 7.56056 7.52288 7.31437 6.81269 6.7298 7.96275 8.30542 6.72615 6.71353 11.2283 6.63629 9.50113 6.09102 6.06685
threshold=1.5892856717109682 0.73214286565780651 2.6607142686843877 0.44642856717109686 1.053571403026581 1.9821428656578066 3.553571462631226 0.87500000000000011 0.5892857313156129 0.87500000000000011 2.6250000000000004 1.0000000180025095e-35 4.8750000000000009 2.5000000000000004 47.500000000000007 0.33928571641445165 2.5000000000000004 1.6250000000000002 0 24.500000000000004 1 2 2.3750000000000004 3 2.5000000000000004 0.94642856717109691 22.500000000000004 4 1.0000000180025095e-35 2.5000000000000004 4.5000000000000009 1.5000000000000002 3.5000000000000004 20.500000000000004 42.500000000000007 1.0468839406967165 1.6250000000000002 5 2.5000000000000004 5.5000000000000009 6 0.62500000000000011 6.5000000000000009 7 3.5000000000000004 0.99999991059303295 1.0536592006683352 27.500000000000004 2.5000000000000004 18.500000000000004 1.8721898198127749 1.0131027698516848 5.5000000000000009 8 2.5000000000000004 1.6250000000000002 34.500000000000007 18.500000000000004 9 2.5000000000000004 28.500000000000004 1.040339529514313
decision_type=2 2 2 2 2 2 2 2 2 2 2 2 2 2 2 2 2 2 1 2 1 1 2 1 2 2 2 1 2 2 2 2 2 2 2 2 2 1 2 2 1 2 2 1 2 2 2 2 2 2 2 2 2 1 2 2 2 2 1 2 2 2
left_child=1 3 5 11 9 22 -4 20 29 28 13 15 49 18 35 16 27 -7 23 21 61 30 38 -9 25 39 -22 -1 33 52 31 -20 40 -3 -35 44 -21 55 41 46 -25 -2 -27 -19 45 -10 47 51 60 -8 -12 -11 -5 -54 -55 -34 57 -45 -51 -60 -28 -6
right_child=2 4 6 8 7 17 12 10 14 24 50 -13 -14 -15 -16 -17 -18 43 19 36 26 -23 -24 32 -26 42 48 -29 -30 -31 -32 -33 37 34 -36 -37 -38 -39 -40 -41 -42 -43 -44 56 -46 -47 -48 -49 -50 58 -52 -53 53 54 -56 -57 -58 -59 59 -61 -62 -63
leaf_value=0 0 0 0 0 0 0 0.013126008569465084 0 0 0 0 0 0.0099883932030898435 0 0 0 0 0 0 0 0 0 0 0 0 0 0 0 0 0 0 0 0 0 0 0 0 0 0 0 0 0 0 0 0 0 0 0 0 0.016080685545879252 0 0 0 0 0 0 0 0 -0.0019231387360610877 -0.0010273998836899212 0 0
leaf_weight=2726 2206 8563 38297 5177 3638 11289 12095 2407 1071 2611 3256 675 34130 945 2867 11796 7402 11382 1257 10475 7629 12868 6794 1468 504 4139 2642 2726 914 364 1180 2306 987 15125 7349 3719 6168 2846 452 2090 5029 20629 6442 4265 6906 8028 1850 8010 243 7886 754 2036 8828 2074 2802 568 4734 5727 9751 13024 8319 992
leaf_count=2726 2206 8563 38297 5177 3638 11289 12095 2407 1071 2611 3256 675 34130 945 2867 11796 7402 11382 1257 10475 7629 12868 6794 1468 504 4139 2642 2726 914 364 1180 2306 987 15125 7349 3719 6168 2846 452 2090 5029 20629 6442 4265 6906 8028 1850 8010 243 7886 754 2036 8828 2074 2802 568 4734 5727 9751 13024 8319 992
internal_value=-0.00685326 -0.0114393 -0.00176226 -0.0152575 -0.00954841 -0.00440908 -0.000211672 -0.0083462 -0.013716 -0.0110801 -0.00779541 -0.0178039 0.000348282 -0.00798095 -0.0129754 -0.017955 -0.01871 -0.00326601 -0.00806794 -0.00842248 -0.00957895 -0.00758373 -0.00583016 -0.00714345 -0.0103831 -0.0104756 -0.00996341 -0.017453 -0.011684 -0.0145853 -0.00903669 -0.00820685 -0.00665897 -0.011782 -0.0121215 -0.013302 -0.00931509 -0.00780436 -0.00619182 -0.0110176 -0.00589334 -0.00627655 -0.00962546 -0.00285568 -0.0129756 -0.012394 -0.0107499 -0.0104819 -0.0106291 -0.000113949 -0.00555112 -0.00944028 -0.014686 -0.0150342 -0.0140611 -0.00591318 -0.00332125 -0.00376441 -0.000363882 -0.000623436 -0.0107451 -0.00801512
internal_weight=385432 202771 182661 67161 135610 67478 115183 75977 41836 59633 52514 25325 76886 48504 22591 24650 12854 37397 47559 34254 23463 17611 30081 13305 27682 27178 18833 5452 31951 19245 4743 3563 10898 31037 22474 19724 16643 4401 23287 16597 6497 22835 10581 26108 16005 9099 14507 12657 11204 42756 4010 4647 18881 13704 4876 1555 14726 9992 30661 22775 10961 4630
internal_count=385432 202771 182661 67161 135610 67478 115183 75977 41836 59633 52514 25325 76886 48504 22591 24650 12854 37397 47559 34254 23463 17611 30081 13305 27682 27178 18833 5452 31951 19245 4743 3563 10898 31037 22474 19724 16643 4401 23287 16597 6497 22835 10581 26108 16005 9099 14507 12657 11204 42756 4010 4647 18881 13704 4876 1555 14726 9992 30661 22775 10961 4630
cat_boundaries=0 1 2 3 4 5 6 7 8 9 10
cat_threshold=1 2 4 1 10 2 1 6 1 1
is_linear=0
shrinkage=0.03


Tree=37
num_leaves=63
num_cat=5
split_feature=7 7 7 7 7 7 13 7 20 23 19 19 23 19 19 6 19 17 13 23 13 7 7 17 14 13 13 19 25 13 17 27 25 19 7 13 23 19 7 17 7 7 19 17 13 13 17 17 25 19 13 17 17 19 25 13 17 19 19 17 20 23
split_gain=10207.5 1948.29 543.129 389.195 328.824 70.683 45.8479 41.6476 38.595 37.5861 34.4527 31.8707 27.5516 26.8534 25.2409 24.8226 24.4149 20.9961 27.0363 17.9674 17.8651 17.6768 17.1156 16.9756 15.5322 15.3953 24.1357 14.2639 13.7115 13.5672 12.7041 22.9484 17.0024 12.1732 12.0601 11.8933 10.6615 10.6389 14.4809 10.6043 10.4775 10.2544 9.58327 9.57359 9.51648 9.94593 10.0093 9.40876 13.5639 9.33572 9.1703 10.9642 8.95796 8.68446 8.61322 8.54606 8.54373 9.93175 8.50025 8.70733 8.00507 7.90809
threshold=1.741071403026581 0.81250000000000011 2.991071462631226 0.50892856717109691 1.151785731315613 2.3839285373687749 3.2350000143051152 4.1517856121063241 2.5000000000000004 2.5000000000000004 47.500000000000007 17.500000000000004 1.0000000180025095e-35 43.500000000000007 42.500000000000007 0.51785713434219371 6.5000000000000009 2.5000000000000004 10.444999694824221 1.5000000000000002 2.4250000715255742 1.9375000000000002 1.3839285969734194 5.5000000000000009 1.0473437905311587 10.370000362396242 10.204999923706056 21.500000000000004 0 9.0850000381469744 4.5000000000000009 1 2 25.500000000000004 0.20535714179277423 10.444999694824221 2.5000000000000004 5.5000000000000009 0.66964283585548412 1.0000000180025095e-35 0.99107143282890331 1.4196428656578066 20.500000000000004 5.5000000000000009 10.045000076293947 9.9049997329711932 2.5000000000000004 4.5000000000000009 3 27.500000000000004 8.0700001716613787 4.5000000000000009 1.0000000180025095e-35 21.500000000000004 4 8.3200001716613787 1.0000000180025095e-35 44.500000000000007 10.500000000000002 1.0000000180025095e-35 2.5000000000000004 1.5000000000000002
decision_type=2 2 2 2 2 2 2 2 2 2 2 2 2 2 2 2 2 2 2 2 2 2 2 2 2 2 2 2 1 2 2 1 1 2 2 2 2 2 2 2 2 2 2 2 2 2 2 2 1 2 2 2 2 2 1 2 2 2 2 2 2 2
left_child=1 3 5 12 8 21 27 -4 20 11 16 41 15 22 35 17 37 -1 34 24 42 -2 60 -20 25 26 -18 -5 -15 -24 40 -32 -33 -9 -19 36 -10 38 -8 -21 -22 43 -3 -6 45 -12 -47 48 52 -37 -41 -52 -7 -50 -14 -11 -27 -58 -43 -60 -13 -16
right_child=2 4 7 6 9 47 10 33 14 55 44 13 54 28 61 -17 19 18 23 39 30 -23 29 -25 -26 56 -28 -29 -30 -31 31 32 -34 -35 -36 49 -38 -39 -40 50 -42 58 -44 -45 -46 46 -48 -49 53 -51 51 -53 -54 -55 -56 -57 57 -59 59 -61 -62 -63
leaf_value=0 0 0 0 0 0 0 0 0.0096887414069971468 0 0 0 0 0 0 0 0 0 0 0 0 0 0 0 0 0 0 0 0 0 0 0 0 0 0.012458904321069764 0 0 0 0 0 0 0 0 0 0 0 0 0 0 0 0 0 0 0 0 0 0 0 0 0 0 0 0
leaf_weight=10498 10677 413 41006 4056 9850 2641 799 32546 19895 847 2872 8239 139 5845 15097 3494 19590 606 3373 268 9165 23222 16962 1057 5435 295 1900 4984 4430 5460 3173 2214 1371 26860 9072 277 343 242 862 290 8259 3846 174 1684 1609 199 286 9686 4682 4116 154 102 10485 6278 621 619 1552 249 844 5095 13335 674
leaf_count=10498 10677 413 41006 4056 9850 2641 799 32546 19895 847 2872 8239 139 5845 15097 3494 19590 606 3373 268 9165 23222 16962 1057 5435 295 1900 4984 4430 5460 3173 2214 1371 26860 9072 277 343 242 862 290 8259 3846 174 1684 1609 199 286 9686 4682 4116 154 102 10485 6278 621 619 1552 249 844 5095 13335 674
internal_value=-0.00683846 -0.0111398 -0.00128967 -0.0150662 -0.0090802 -0.00336698 -0.0133451 0.000110306 -0.0106487 -0.00775361 -0.0128737 -0.00784588 -0.0177942 -0.00823197 -0.0112203 -0.0179466 -0.0132373 -0.0182826 -0.0190386 -0.0134475 -0.0097163 -0.00433473 -0.00855446 -0.0209797 -0.0135708 -0.0132376 -0.013477 -0.0152588 -0.00685109 -0.00797404 -0.00959077 -0.0106949 -0.00905021 0.000617917 -0.01815 -0.0118203 -0.0121275 -0.00994272 -0.0107989 -0.0090516 -0.00916253 -0.00686303 -0.0148876 -0.00746905 -0.0105501 -0.0114593 -0.015433 -0.00239559 -0.00207805 -0.0104054 -0.0114505 -0.0073125 -0.00142372 -0.00285779 -0.0121579 -0.00299591 -0.0107834 -0.0115586 -0.0061487 -0.00686025 -0.00915769 -0.0102832
internal_weight=384914 216831 168083 74604 142227 67671 45744 100412 65171 77056 36704 75590 28860 54271 40402 28100 31738 24606 14108 29835 24769 33899 43996 4430 29021 23586 21490 9040 10275 22422 24182 6758 3585 59406 9678 24631 20238 1903 1661 814 17424 21319 587 11534 4966 3357 485 33772 24086 4393 546 256 13126 10960 760 1466 2096 1801 9785 5939 21574 15771
internal_count=384914 216831 168083 74604 142227 67671 45744 100412 65171 77056 36704 75590 28860 54271 40402 28100 31738 24606 14108 29835 24769 33899 43996 4430 29021 23586 21490 9040 10275 22422 24182 6758 3585 59406 9678 24631 20238 1903 1661 814 17424 21319 587 11534 4966 3357 485 33772 24086 4393 546 256 13126 10960 760 1466 2096 1801 9785 5939 21574 15771
cat_boundaries=0 1 2 3 4 5
cat_threshold=1 4 10 6 2
is_linear=0
shrinkage=0.03


Tree=38
num_leaves=63
num_cat=18
split_feature=7 7 7 7 7 24 15 12 24 15 18 7 12 18 23 23 12 15 17 24 15 12 18 15 21 24 24 18 24 24 25 18 21 18 13 24 17 14 17 24 24 13 17 24 24 18 7 18 17 24 15 7 17 17 15 12 24 21 17 24 24 24
split_gain=10269 1947.69 526.229 389.675 308.38 80.1674 76.3906 67.6308 59.4807 57.5553 40.2479 36.9283 32.4109 29.3643 28.2343 27.7905 26.4382 26.3411 25.9758 39.9842 24.1443 23.9484 22.9763 22.4763 21.7668 20.466 19.8807 19.3051 18.0843 17.7381 17.1658 32.7487 17.1092 16.239 15.0666 14.9868 14.7985 14.733 14.5159 17.4488 14.1005 13.6275 13.3886 12.6715 12.6131 12.0145 18.1248 11.7502 11.3753 11.368 11.1634 12.2622 11.2672 11.1482 10.9398 10.8775 11.9612 10.6305 10.5646 13.9447 12.0498 10.5449
threshold=1.741071403026581 0.81250000000000011 2.991071462631226 0.50892856717109691 1.1339285969734194 0 0.91289180517196666 0.62500000000000011 1 0.86604186892509472 6.5000000000000009 4.1517856121063241 2.6250000000000004 11.500000000000002 1.0000000180025095e-35 2.5000000000000004 1.6250000000000002 0.91289180517196666 2.5000000000000004 2 0.89709714055061351 1.8750000000000002 4.5000000000000009 0.8933892846107484 19.500000000000004 3 4 5.5000000000000009 5 6 7 6.5000000000000009 26.500000000000004 5.5000000000000009 6.2400000095367441 8 1.0000000180025095e-35 1.0516129136085512 4.5000000000000009 9 10 5.9949998855590829 3.5000000000000004 11 12 5.5000000000000009 0.33035713434219366 6.5000000000000009 5.5000000000000009 13 0.83184513449668895 0.65178570151329052 3.5000000000000004 1.0000000180025095e-35 0.70940351486206066 0.62500000000000011 14 13.500000000000002 3.5000000000000004 15 16 17
decision_type=2 2 2 2 2 1 2 2 1 2 2 2 2 2 2 2 2 2 2 1 2 2 2 2 2 1 1 2 1 1 1 2 2 2 2 1 2 2 2 1 1 2 2 1 1 2 2 2 2 1 2 2 2 2 2 2 1 2 2 1 1 1
left_child=1 3 5 14 9 20 61 29 27 49 25 -4 15 17 18 22 24 54 45 -20 -2 -22 40 -7 55 -11 -26 -5 -24 -8 35 48 37 -25 53 42 -34 -19 -27 -40 -9 -15 -30 -17 -14 46 -1 -13 -32 -3 -29 -52 -53 -35 -10 56 -12 -41 60 -60 -57 -6
right_child=2 4 11 8 6 23 7 12 13 10 16 47 44 41 -16 43 -18 32 19 -21 21 -23 28 33 26 38 -28 50 30 -31 31 -33 36 34 -36 -37 -38 -39 39 57 -42 -43 -44 -45 -46 -47 -48 -49 -50 -51 51 52 -54 -55 -56 58 -58 -59 59 -61 -62 -63
leaf_value=0 0 0 0 0 0 0 0 0 0 0 0 0.0093980791647872326 0 0 0 0 0 0 0 0 0 0 0 0 0 0 0 0 0 0 0 0 0 0 0 0 0 0 0 0 0 0 0 0 0 0 0 0.012085137191437671 0 0 0 0 0 0 0 0 0 0 0 0 0 0
leaf_weight=1203 4519 2342 41103 6205 3924 2149 4831 6320 100 7326 2464 33659 787 1549 798 422 4370 16189 8130 7992 14556 25345 18814 10295 355 10315 11519 539 2734 6712 6321 6044 542 921 4416 2883 2891 2928 2097 911 8308 2134 2008 663 4556 8740 2033 25691 1004 2290 6486 2155 1595 5755 2572 2968 4984 1082 1309 4112 3596 3974
leaf_count=1203 4519 2342 41103 6205 3924 2149 4831 6320 100 7326 2464 33659 787 1549 798 422 4370 16189 8130 7992 14556 25345 18814 10295 355 10315 11519 539 2734 6712 6321 6044 542 921 4416 2883 2891 2928 2097 911 8308 2134 2008 663 4556 8740 2033 25691 1004 2290 6486 2155 1595 5755 2572 2968 4984 1082 1309 4112 3596 3974
internal_value=-0.00682899 -0.011141 -0.00126961 -0.0150611 -0.00908156 -0.00330849 -0.00785424 -0.00815983 -0.0133426 -0.0106702 -0.0109298 0.000109693 -0.00776055 -0.0124819 -0.0177901 -0.00797531 -0.0115497 -0.0128516 -0.0179481 -0.0187343 -0.00255638 -0.00279234 -0.00807006 -0.00472488 -0.0118548 -0.00991197 -0.0108428 -0.0147916 -0.00844368 -0.0102652 -0.00907056 -0.00974759 -0.0131854 -0.00502076 -0.00581717 -0.0078723 -0.0112354 -0.0135355 -0.00921228 -0.0107311 -0.00705332 -0.00998398 -0.00677904 -0.0032212 -0.00552892 -0.0168898 -0.0153282 0.000588374 -0.00840614 -0.00745337 -0.015568 -0.0157896 -0.014424 -0.00491791 -0.0100352 -0.0124732 -0.0133735 -0.0085327 -0.0119136 -0.0128937 -0.0111042 -0.00505267
internal_weight=385535 217126 168409 74781 142345 67956 80305 72407 45885 62040 57408 100453 60864 28905 28896 55521 35677 25222 28098 16122 44420 39901 54436 23536 31307 21731 11874 16980 39808 11543 20994 13369 22550 21387 11092 7625 3433 19117 14405 4090 14628 3683 4742 1085 5343 11976 3236 59350 7325 4632 10775 10236 3750 6676 2672 19433 7448 1993 11985 5421 6564 7898
internal_count=385535 217126 168409 74781 142345 67956 80305 72407 45885 62040 57408 100453 60864 28905 28896 55521 35677 25222 28098 16122 44420 39901 54436 23536 31307 21731 11874 16980 39808 11543 20994 13369 22550 21387 11092 7625 3433 19117 14405 4090 14628 3683 4742 1085 5343 11976 3236 59350 7325 4632 10775 10236 3750 6676 2672 19433 7448 1993 11985 5421 6564 7898
cat_boundaries=0 1 2 3 4 5 6 7 8 9 10 11 12 13 14 15 16 17 18
cat_threshold=551242 32801 131073 393264 6144 530840 265612 1 99840 98305 461840 492548 264197 363784 101384 65816 263700 398860
is_linear=0
shrinkage=0.03


Tree=39
num_leaves=63
num_cat=13
split_feature=7 7 7 7 7 24 15 12 24 15 12 18 7 18 15 7 18 15 24 21 18 17 24 24 24 15 14 24 12 18 10 24 15 10 17 12 21 24 18 13 21 18 24 24 17 25 17 15 7 17 12 14 15 14 14 18 15 21 21 7 24 21
split_gain=10131 1871.98 582.864 411.957 286.517 94.1517 74.4339 71.2139 66.1168 57.9159 44.3808 38.7501 38.1682 29.8218 26.355 25.9184 24.8428 24.7372 22.9593 22.6113 22.4334 22.1827 37.7277 22.1746 19.4667 18.3275 17.365 16.5511 16.2514 14.577 14.4835 14.297 13.6916 13.5665 13.4907 17.6033 13.4044 13.2797 13.2282 13.1005 14.8008 12.9111 12.8756 12.7993 12.6145 12.3017 12.1366 11.958 13.1932 12.1721 11.576 11.1901 11.2291 11.7592 10.995 10.7357 10.5273 10.3057 10.295 12.1694 10.1828 9.9152
threshold=1.6875000000000002 0.81250000000000011 2.991071462631226 0.49107143282890325 1.151785731315613 0 0.91289180517196666 0.62500000000000011 1 0.86604186892509472 1.6250000000000002 6.5000000000000009 4.1517856121063241 11.500000000000002 0.8933892846107484 2.1696429252624516 5.5000000000000009 0.71422553062438976 2 15.500000000000002 5.5000000000000009 2.5000000000000004 3 4 5 0.89709714055061351 1.0516129136085512 6 2.3750000000000004 4.5000000000000009 1.4148896932601931 7 0.91289180517196666 0.90209394693374645 3.5000000000000004 0.62500000000000011 26.500000000000004 8 6.5000000000000009 5.9949998855590829 24.500000000000004 6.5000000000000009 9 10 1.0000000180025095e-35 11 3.5000000000000004 0.83184513449668895 0.65178570151329052 3.5000000000000004 1.0000000180025095e-35 1.023218631744385 0.78626844286918651 1.0143793225288393 1.0423223376274111 10.500000000000002 1.2066444754600527 3.5000000000000004 20.500000000000004 0.7053571641445161 12 20.500000000000004
decision_type=2 2 2 2 2 1 2 2 1 2 2 2 2 2 2 2 2 2 1 2 2 2 1 1 1 2 2 1 2 2 2 1 2 2 2 2 2 1 2 2 2 2 1 1 2 1 2 2 2 2 2 2 2 2 2 2 2 2 2 2 1 2
left_child=1 3 5 21 9 15 54 24 20 51 11 27 -4 17 -7 -2 -16 -10 28 34 58 33 -23 61 -8 -17 32 50 29 -9 -20 -12 -19 -1 35 -13 56 -36 -14 40 -15 -27 -43 -18 -38 -31 -32 -22 -49 -50 -11 52 -3 -54 -6 -25 -34 -47 59 -5 -37 -21
right_child=2 4 12 8 6 14 7 18 13 10 31 19 38 39 16 25 43 26 30 23 47 22 -24 55 -26 41 -28 -29 -30 45 46 -33 36 -35 37 60 44 -39 -40 -41 -42 42 -44 -45 -46 57 -48 48 49 -51 -52 -53 53 -55 -56 -57 -58 -59 -60 -61 -62 -63
leaf_value=0 0 0 0 0 0 0 0 0 0 0 0 0 0.0091161367898436162 0 0 0 0 0 0 0 0 0 0 0 0 0 0 0 0 0 0 0 0 0 0 0 0 0 0.011722583075694541 0 0 0 0 0 0 0 0 0 0 0 0 0 0 0 0 0 0 0 0 0 0 0
leaf_weight=10766 9372 1581 41157 3075 5283 2390 4451 5915 283 550 3740 3291 33500 1373 11260 3633 6248 1847 13323 212 618 8033 7204 11180 6073 13330 4000 10421 3805 5200 8540 4560 15283 611 757 2031 494 6488 25576 2139 265 4313 14261 6518 2565 1323 5850 7634 2107 1645 8173 2141 873 270 1930 4807 1281 11909 2259 990 3492 421
leaf_count=10766 9372 1581 41157 3075 5283 2390 4451 5915 283 550 3740 3291 33500 1373 11260 3633 6248 1847 13323 212 618 8033 7204 11180 6073 13330 4000 10421 3805 5200 8540 4560 15283 611 757 2031 494 6488 25576 2139 265 4313 14261 6518 2565 1323 5850 7634 2107 1645 8173 2141 873 270 1930 4807 1281 11909 2259 990 3492 421
internal_value=-0.00681657 -0.0111856 -0.00139058 -0.0150217 -0.00912425 -0.00346351 -0.0078425 -0.00815697 -0.0133578 -0.0105759 -0.0108306 -0.0111568 8.44932e-05 -0.0124479 -0.00488542 -0.00262546 -0.00518613 -0.0128172 -0.00773051 -0.0117847 -0.0148089 -0.0180138 -0.0187622 -0.011009 -0.0104208 -0.00225593 -0.0129152 -0.010085 -0.00710724 -0.00739471 -0.00835808 -0.00879398 -0.0125771 -0.0170114 -0.0125875 -0.0117992 -0.0128095 -0.0135466 0.000573126 -0.00996267 -0.0119817 -0.00248583 -0.00299709 -0.00609212 -0.010985 -0.00781055 -0.00770118 -0.0155788 -0.0157994 -0.0143428 -0.0111017 -0.00742754 -0.00615198 -0.00841732 -0.00494815 -0.0112283 -0.0131465 -0.008314 -0.013371 -0.0124686 -0.0107643 -0.00521151
internal_weight=384620 213062 171558 74472 138590 71325 73602 66389 47858 64988 60123 51823 100233 29530 26416 44909 24026 25753 55865 32679 18328 26614 15237 16620 10524 35537 25470 19144 28152 24347 27713 8300 21470 11377 16059 8814 19623 7245 59076 3777 1638 31904 18574 12766 3059 18432 14390 12004 11386 3752 8723 4865 2724 1143 7213 15987 16564 13232 6324 4065 5523 633
internal_count=384620 213062 171558 74472 138590 71325 73602 66389 47858 64988 60123 51823 100233 29530 26416 44909 24026 25753 55865 32679 18328 26614 15237 16620 10524 35537 25470 19144 28152 24347 27713 8300 21470 11377 16059 8814 19623 7245 59076 3777 1638 31904 18574 12766 3059 18432 14390 12004 11386 3752 8723 4865 2724 1143 7213 15987 16564 13232 6324 4065 5523 633
cat_boundaries=0 1 2 3 4 5 6 7 8 9 10 11 12 13
cat_threshold=551242 32801 5016 131073 6152 229393 426032 199064 4376 264 4608 1 263444
is_linear=0
shrinkage=0.03


Tree=40
num_leaves=63
num_cat=2
split_feature=7 7 7 7 7 7 12 13 12 7 18 18 18 18 18 22 21 6 14 12 12 13 22 18 12 18 13 13 13 13 21 10 13 18 10 21 21 7 26 13 14 12 13 21 7 22 10 21 7 13 18 27 22 22 12 21 7 12 18 7 10 22
split_gain=10188.4 1876.02 610.625 401.418 273.706 102.671 59.8457 53.1504 46.9516 40.2682 31.7099 31.236 27.333 25.8627 24.0556 20.6414 19.9839 19.6362 19.3763 17.9122 17.8974 17.8933 18.8651 16.5791 15.5063 15.4417 14.0374 17.0799 13.912 12.3963 11.8134 11.7815 11.6819 11.6727 10.9059 10.294 10.1684 9.2771 9.21457 8.54485 8.49383 8.41057 8.57656 13.5688 8.33428 8.31906 8.12919 7.88098 7.77987 7.72672 7.63835 7.5752 7.56508 7.56282 7.48761 7.2458 7.77408 7.14557 7.14259 7.10702 7.09012 6.99641
threshold=1.6875000000000002 0.81250000000000011 2.991071462631226 0.49107143282890325 1.151785731315613 2.1696429252624516 0.62500000000000011 3.2350000143051152 1.6250000000000002 4.1517856121063241 6.5000000000000009 11.500000000000002 4.5000000000000009 2.5000000000000004 10.500000000000002 1.0000000180025095e-35 19.500000000000004 0.48214285075664526 1.0468839406967165 1.6250000000000002 2.3750000000000004 8.9049997329711932 1.0000000180025095e-35 10.500000000000002 1.8750000000000002 5.5000000000000009 10.370000362396242 10.204999923706056 2.4250000715255742 10.045000076293947 26.500000000000004 2.8413627147674565 2.120000004768372 6.5000000000000009 1.2505096793174746 8.5000000000000018 11.500000000000002 0.66964283585548412 0 9.3949999809265154 1.0580016970634463 0.87500000000000011 9.9649996757507342 15.500000000000002 1.9375000000000002 1.0000000180025095e-35 0.90597498416900646 26.500000000000004 2.4196429252624516 9.9049997329711932 4.5000000000000009 1 1.0000000180025095e-35 1.0000000180025095e-35 1.0000000180025095e-35 20.500000000000004 0.7053571641445161 1.1250000000000002 10.500000000000002 0.72321429848670971 0.68464544415473949 1.0000000180025095e-35
decision_type=2 2 2 2 2 2 2 2 2 2 2 2 2 2 2 2 2 2 2 2 2 2 2 2 2 2 2 2 2 2 2 2 2 2 2 2 2 2 1 2 2 2 2 2 2 2 2 2 2 2 2 1 2 2 2 2 2 2 2 2 2 2
left_child=1 3 5 15 8 20 38 25 10 -4 28 13 51 37 21 17 23 32 26 52 44 22 -14 45 31 55 27 30 50 49 35 47 -1 -11 -18 60 59 -9 53 -17 48 -30 -43 -44 -2 -12 -19 -7 -26 -13 -3 -8 -16 -6 -20 56 -5 -23 -38 -29 -15 -10
right_child=2 4 9 7 6 24 12 11 61 33 16 29 14 18 19 39 34 46 54 -21 -22 57 -24 -25 40 -27 -28 36 41 -31 -32 -33 -34 -35 -36 -37 58 -39 -40 -41 -42 42 43 -45 -46 -47 -48 -49 -50 -51 -52 -53 -54 -55 -56 -57 -58 -59 -60 -61 -62 -63
leaf_value=0 0 0 0 0 0 0 0 0 0 0.0088426526861483095 0 0 0 0 0 0 0 0 0 0 0 0 0 0 0 0 0 0 0 0 0 0 0 0.011370905583423706 0 0 0 0 0 0 0 0 0 0 0 0 0 0 0 0 0 0 -0.00032207594089937513 0 0 0 0 0 0 0 0 0
leaf_weight=3962 10906 206 41080 1923 4869 11322 9206 1209 8798 33417 13905 2523 22847 706 4996 322 9709 3077 806 3521 7400 4187 712 7544 6249 5643 2231 447 11523 1436 3221 1369 18250 25660 3669 12314 1067 1310 6596 421 3742 6061 1381 1368 8571 375 709 2026 20033 441 287 8334 158 147 5325 1583 805 7989 325 277 4455 203
leaf_count=3962 10906 206 41080 1923 4869 11322 9206 1209 8798 33417 13905 2523 22847 706 4996 322 9709 3077 806 3521 7400 4187 712 7544 6249 5643 2231 447 11523 1436 3221 1369 18250 25660 3669 12314 1067 1310 6596 421 3742 6061 1381 1368 8571 375 709 2026 20033 441 287 8334 158 147 5325 1583 805 7989 325 277 4455 203
internal_value=-0.00684713 -0.011225 -0.00140897 -0.0150542 -0.00915858 -0.0035242 -0.00790509 -0.0134146 -0.0105766 0.000103548 -0.0108997 -0.0129045 -0.00753462 -0.0132149 -0.00793065 -0.0180003 -0.0114486 -0.0181412 -0.0134512 -0.00651354 -0.00498973 -0.00827466 -0.00779205 -0.0120082 -0.00264382 -0.0153665 -0.0130811 -0.0133033 -0.00997177 -0.0105273 -0.0130408 -0.00344153 -0.0184816 0.000605159 -0.0105357 -0.0133485 -0.0158705 -0.010291 -0.0098815 -0.01307 -0.0022528 -0.00985103 -0.00915323 -0.0105431 -0.00546691 -0.0126092 -0.0161442 -0.00371337 -0.0020624 -0.0116356 -0.0149513 -0.00653193 -0.00764028 -0.0087887 -0.0149628 -0.0140146 -0.0130777 -0.00920844 -0.0143707 -0.0187541 -0.0122238 -0.00856538
internal_weight=385154 213379 171775 74788 138591 71618 73562 48047 65029 100157 56028 38093 61950 33693 44410 26741 35202 25998 31174 8675 26877 35735 23559 21824 44741 9954 25043 22812 20826 4400 20696 14717 22212 59077 13378 17475 2116 2519 11612 743 30024 20333 8810 2749 19477 14280 3786 13348 26282 2964 493 17540 5154 5016 6131 4311 2728 12176 1392 724 5161 9001
internal_count=385154 213379 171775 74788 138591 71618 73562 48047 65029 100157 56028 38093 61950 33693 44410 26741 35202 25998 31174 8675 26877 35735 23559 21824 44741 9954 25043 22812 20826 4400 20696 14717 22212 59077 13378 17475 2116 2519 11612 743 30024 20333 8810 2749 19477 14280 3786 13348 26282 2964 493 17540 5154 5016 6131 4311 2728 12176 1392 724 5161 9001
cat_boundaries=0 1 2
cat_threshold=6 1
is_linear=0
shrinkage=0.03


Tree=41
num_leaves=63
num_cat=20
split_feature=6 6 6 6 6 24 15 6 12 24 15 15 24 6 24 24 24 15 12 6 15 6 19 25 24 22 27 24 19 6 19 24 25 19 22 12 15 25 24 20 24 19 22 25 15 12 20 24 19 19 12 27 19 24 14 12 21 14 24 19 6 19
split_gain=9961.97 1690.79 785.796 298.371 288.789 141.099 76.3654 67.0599 61.9774 58.9152 52.2019 32.3037 30.7493 30.0812 29.3441 28.1415 26.2406 22.3745 23.3994 22.2073 21.7077 20.9258 20.7921 34.7273 19.8714 19.5995 18.6819 18.4705 17.0249 16.6252 15.6992 15.3815 22.542 15.1733 14.1298 12.8277 12.7264 12.3264 12.1807 11.7794 11.3489 11.1245 11.1085 11.0763 11.06 11.0445 10.7249 10.5339 13.0428 10.5706 11.4015 10.3331 10.1441 10.1097 10.021 9.83201 9.71139 10.1683 9.6206 9.37498 9.33673 8.9767
threshold=1.6250000000000002 0.73214286565780651 2.7321428060531621 1.053571403026581 0.44642856717109686 0 0.91289180517196666 3.553571462631226 0.62500000000000011 1 0.79698431491851818 0.8933892846107484 2 2.0892857313156132 3 4 5 0.83485752344131481 2.3750000000000004 0.5892857313156129 0.84593328833580028 4.8392858505249032 24.500000000000004 6 7 1.0000000180025095e-35 8 9 27.500000000000004 0.94642856717109691 18.500000000000004 10 11 47.500000000000007 1.0000000180025095e-35 1.3750000000000002 0.80553331971168529 12 13 2.5000000000000004 14 11.500000000000002 1.0000000180025095e-35 15 0.9991869628429414 1.1250000000000002 2.5000000000000004 16 42.500000000000007 33.500000000000007 0.62500000000000011 17 33.500000000000007 18 1.0260725021362307 1.1250000000000002 25.500000000000004 1.0169933438301089 19 38.500000000000007 0.30357143282890325 25.500000000000004
decision_type=2 2 2 2 2 1 2 2 2 1 2 2 1 2 1 1 1 2 2 2 2 2 2 1 1 2 1 1 2 2 2 1 1 2 2 2 2 1 1 2 1 2 2 1 2 2 2 1 2 2 2 1 2 1 2 2 2 2 1 2 2 2
left_child=1 4 5 10 16 17 -5 44 12 19 40 -7 -8 30 46 34 26 -2 27 36 -11 -9 38 24 -24 29 28 39 -1 41 37 -32 -33 -21 35 43 -6 58 -17 -19 -3 -16 60 -10 -4 -39 -12 49 -49 50 -43 -34 -48 -35 -42 -31 -22 -58 -13 -51 -30 -38
right_child=2 3 7 6 9 11 8 21 15 20 14 13 -14 -15 25 22 -18 18 -20 33 56 -23 23 -25 -26 -27 -28 -29 42 55 31 32 51 53 -36 -37 61 45 -40 -41 54 47 -44 -45 -46 -47 52 48 -50 59 -52 -53 -54 -55 -56 -57 57 -59 -60 -61 -62 -63
leaf_value=0 -0.0014125380493174224 0 0.018109789034890023 0 0 0 0 -0.00055273967374931047 0 0 0 0 0 0 0 0 0 0 0 0 0 0.0085773731055638625 0 0 0 0 0 0 0 0 0 0 0 0 0 0 0 0 0 0 0 0 0 0 0 0 0 0 0 0 0 0 0 0 0 0 0 0 0 0 0 0
leaf_weight=3352 2596 674 3525 7810 639 2772 3071 41695 2632 1096 4118 767 9221 8128 3423 5594 2360 4631 13731 8983 15190 35162 1957 11544 5236 1136 8406 8800 4185 8275 3018 6217 474 719 596 10115 4452 1197 13904 6743 1154 2066 309 7387 30896 3295 2024 9067 2374 2525 3266 3327 8064 257 816 4949 1860 1499 2307 5565 6639 7191
leaf_count=3352 2596 674 3525 7810 639 2772 3071 41695 2632 1096 4118 767 9221 8128 3423 5594 2360 4631 13731 8983 15190 35162 1957 11544 5236 1136 8406 8800 4185 8275 3018 6217 474 719 596 10115 4452 1197 13904 6743 1154 2066 309 7387 30896 3295 2024 9067 2374 2525 3266 3327 8064 257 816 4949 1860 1499 2307 5565 6639 7191
internal_value=-0.00684321 -0.0113485 -0.001674 -0.00945527 -0.015256 -0.00421468 -0.00824768 -0.000121372 -0.00855634 -0.0137283 -0.0110601 -0.00568621 -0.0104941 -0.00598643 -0.0112517 -0.00815238 -0.0177901 -0.00294232 -0.00314865 -0.0148158 -0.0124831 0.000371482 -0.00864466 -0.00936057 -0.00767055 -0.0116596 -0.0181262 -0.00379885 -0.0174812 -0.0117687 -0.00659616 -0.00722706 -0.00780275 -0.0137698 -0.00723674 -0.00737499 -0.0156761 -0.00550912 -0.00796112 -0.00460014 -0.00693949 -0.0121792 -0.0180455 -0.00813584 -0.00122184 -0.00652243 -0.0100121 -0.0124 -0.0131593 -0.0117342 -0.0107059 -0.00966597 -0.0105458 -0.0102172 -0.00809091 -0.0108907 -0.0127318 -0.0112721 -0.00399416 -0.0124265 -0.0182057 -0.0159023
internal_weight=384981 205700 179281 138563 67137 68003 79067 111278 71257 41886 59496 31502 12292 28730 56852 58965 25251 36501 33905 22241 19645 76857 38235 18737 7193 42646 22891 20174 14485 41510 20602 13036 10018 9959 20730 20134 12282 7566 19498 11374 2644 28286 11133 10019 34421 4492 14206 24863 11441 13422 5332 3801 10088 976 1970 13224 18549 3359 3074 8090 10824 11643
internal_count=384981 205700 179281 138563 67137 68003 79067 111278 71257 41886 59496 31502 12292 28730 56852 58965 25251 36501 33905 22241 19645 76857 38235 18737 7193 42646 22891 20174 14485 41510 20602 13036 10018 9959 20730 20134 12282 7566 19498 11374 2644 28286 11133 10019 34421 4492 14206 24863 11441 13422 5332 3801 10088 976 1970 13224 18549 3359 3074 8090 10824 11643
cat_boundaries=0 1 2 3 4 5 6 7 8 9 10 11 12 13 14 15 16 17 18 19 20
cat_threshold=551242 131109 131121 72072 545176 131109 1 262149 1 2312 4096 1 1 294945 70280 1 165392 4 131076 135172
is_linear=0
shrinkage=0.03


Tree=42
num_leaves=63
num_cat=16
split_feature=7 7 7 7 7 24 12 24 12 24 7 18 17 24 12 7 18 18 22 18 18 24 18 18 21 24 12 18 24 22 22 22 18 18 13 17 18 24 24 12 24 17 24 24 18 21 21 24 21 13 17 13 18 18 24 21 24 21 17 17 17 24
split_gain=10191.3 1925.51 528.813 389.611 311.724 82.2755 74.9818 68.4245 44.707 40.8721 40.4761 29.1999 28.3128 29.118 25.3378 22.7849 20.6625 20.7964 19.791 21.6413 17.5769 19.8795 16.3827 16.054 15.6502 17.3608 15.5525 15.3263 14.629 14.0949 14.0825 13.8184 12.9861 12.9575 12.9121 12.7289 12.4096 11.2643 11.2015 11.1756 11.1099 10.6127 18.8024 10.2974 10.2074 13.1375 9.99174 10.8655 10.8207 18.5621 10.0038 9.95585 14.9536 12.2455 9.57009 9.56429 9.46297 9.7424 9.37697 9.37139 9.25565 12.184
threshold=1.741071403026581 0.81250000000000011 2.991071462631226 0.49107143282890325 1.1339285969734194 0 1.1250000000000002 1 1.6250000000000002 2 4.1517856121063241 5.5000000000000009 3.5000000000000004 3 2.6250000000000004 2.2232142686843877 4.5000000000000009 10.500000000000002 1.0000000180025095e-35 11.500000000000002 2.5000000000000004 4 5.5000000000000009 5.5000000000000009 20.500000000000004 5 0.62500000000000011 5.5000000000000009 6 1.0000000180025095e-35 1.0000000180025095e-35 1.0000000180025095e-35 6.5000000000000009 5.5000000000000009 6.2400000095367441 1.0000000180025095e-35 6.5000000000000009 7 8 0.87500000000000011 9 3.5000000000000004 10 11 9.5000000000000018 2.5000000000000004 24.500000000000004 12 9.5000000000000018 9.5250000953674334 1.0000000180025095e-35 11.670000076293947 6.5000000000000009 11.500000000000002 13 27.500000000000004 14 23.500000000000004 1.5000000000000002 5.5000000000000009 4.5000000000000009 15
decision_type=2 2 2 2 2 1 2 1 2 1 2 2 2 1 2 2 2 2 2 2 2 1 2 2 2 1 2 2 1 2 2 2 2 2 2 2 2 1 1 2 1 2 1 1 2 2 2 1 2 2 2 2 2 2 1 2 1 2 2 2 2 1
left_child=1 3 5 12 8 15 9 22 11 26 -4 -3 31 -14 16 -2 43 56 19 20 -9 33 -5 -7 39 -26 -6 -11 -21 -15 -29 51 -17 -22 35 -25 -12 -16 59 -13 -10 54 -43 -8 -24 -46 48 -48 -23 50 -50 52 -1 -54 -41 -39 60 -58 -49 -34 -18 -62
right_child=2 4 10 7 6 23 14 18 40 27 36 24 13 29 37 32 17 -19 -20 28 21 46 44 34 25 -27 -28 30 -30 -31 -32 -33 38 -35 -36 -37 -38 55 -40 41 -42 42 -44 -45 45 -47 47 58 49 -51 -52 -53 53 -55 -56 -57 57 -59 -60 -61 61 -63
leaf_value=0 0 0 0 0 0 0 0 0 0 0 0.0083200519123969464 0 0 0 0 0 0 0 0 0 0 0 0 0 0 0 0 0 0 0 0 0 0 0 0 0 0.01077245722275408 0 0 0 0 0 0 0 0 0 0 0 0 0 0 0 0 0 0 0 0 0 0 0 0 0
leaf_weight=3410 10354 16350 41168 5547 5508 11383 4458 2200 4191 8073 33522 14401 6024 5256 1956 14354 8329 5642 903 870 1292 5172 6590 1013 362 12578 7623 12978 3191 127 265 416 8670 5960 4852 6251 25698 3489 9526 3193 4251 647 3684 6559 184 2468 267 1078 1150 1444 6733 2898 6958 1524 2539 457 9421 3065 2853 1431 753 1855
leaf_count=3410 10354 16350 41168 5547 5508 11383 4458 2200 4191 8073 33522 14401 6024 5256 1956 14354 8329 5642 903 870 1292 5172 6590 1013 362 12578 7623 12978 3191 127 265 416 8670 5960 4852 6251 25698 3489 9526 3193 4251 647 3684 6559 184 2468 267 1078 1150 1444 6733 2898 6958 1524 2539 457 9421 3065 2853 1431 753 1855
internal_value=-0.00683857 -0.0111326 -0.00129575 -0.0150411 -0.0090907 -0.00334195 -0.00785738 -0.0134242 -0.0106856 -0.0089157 8.69029e-05 -0.0110044 -0.0179514 -0.0190812 -0.00706459 -0.00257921 -0.00733481 -0.00775417 -0.012639 -0.0127656 -0.013061 -0.0132792 -0.0151634 -0.00477787 -0.0114666 -0.0106229 -0.0102547 -0.00808225 -0.0107183 -0.0172373 -0.00871411 -0.0171039 -0.00220438 -0.0147265 -0.00553995 -0.00473954 0.000589159 -0.00522941 -0.00270592 -0.0119129 -0.00865601 -0.0111459 -0.0122667 -0.00622846 -0.0159472 -0.0143756 -0.0127032 -0.0114212 -0.0130832 -0.0136935 -0.0142663 -0.0172556 -0.0168713 -0.0175459 -0.010299 -0.00426491 -0.00814802 -0.00753457 -0.0118211 -0.00200247 -0.00883338 -0.0104011
internal_weight=385364 217142 168222 74515 142627 67834 80431 47902 62196 34447 100388 53754 26613 11407 45984 44335 40082 29065 33113 32210 28149 25949 14789 23499 37404 12940 13131 21316 4061 5383 13243 15206 33981 7252 12116 7264 59220 5902 19627 24464 8442 10063 4331 11017 9242 2652 18697 4198 14499 9327 7883 14790 11892 8482 5732 3946 23423 12486 3931 10101 10937 2608
internal_count=385364 217142 168222 74515 142627 67834 80431 47902 62196 34447 100388 53754 26613 11407 45984 44335 40082 29065 33113 32210 28149 25949 14789 23499 37404 12940 13131 21316 4061 5383 13243 15206 33981 7252 12116 7264 59220 5902 19627 24464 8442 10063 4331 11017 9242 2652 18697 4198 14499 9327 7883 14790 11892 8482 5732 3946 23423 12486 3931 10101 10937 2608
cat_boundaries=0 1 2 3 4 5 6 7 8 9 10 11 12 13 14 15 16
cat_threshold=551242 33 229425 131073 32772 6144 260 269317 26626 199068 280 330788 65792 235657 363045 36
is_linear=0
shrinkage=0.03


Tree=43
num_leaves=63
num_cat=2
split_feature=7 7 7 7 7 7 12 13 12 7 18 18 17 13 25 18 18 22 12 13 13 12 7 18 22 22 13 13 18 22 18 17 7 12 10 12 10 14 22 17 13 7 12 12 18 12 18 13 17 10 17 25 13 7 13 17 17 13 13 17 18 7
split_gain=10184.9 1946.16 501.96 406.711 328.895 67.1564 61.7551 44.3803 41.4286 41.1895 33.631 32.0001 30.0958 30.203 29.5615 28.9756 25.8568 21.4444 18.3267 16 23.2027 15.7224 15.6108 15.1886 14.603 14.4505 17.9988 13.6921 13.5501 13.0686 12.4161 12.3291 11.9682 11.8717 11.8573 11.7107 11.125 10.7728 10.7187 12.6537 9.75936 9.51381 9.25737 8.78488 8.68941 8.65389 9.33426 8.49009 11.223 8.48101 8.47842 8.8124 8.36192 8.33376 7.95245 13.6126 7.81908 14.1818 7.60301 7.4986 8.10714 7.47583
threshold=1.7589285969734194 0.81250000000000011 2.991071462631226 0.49107143282890325 1.1339285969734194 2.3839285373687749 0.62500000000000011 2.4250000715255742 1.6250000000000002 4.1517856121063241 11.500000000000002 6.5000000000000009 2.5000000000000004 10.444999694824221 0 5.5000000000000009 2.5000000000000004 1.0000000180025095e-35 2.3750000000000004 10.370000362396242 10.204999923706056 1.8750000000000002 0.20535714179277423 5.5000000000000009 1.0000000180025095e-35 1.0000000180025095e-35 8.6849999427795428 10.045000076293947 10.500000000000002 1.0000000180025095e-35 6.5000000000000009 5.5000000000000009 1.3839285969734194 1.1250000000000002 1.1755914092063906 0.37500000000000006 0.90209394693374645 1.0832131505012514 1.0000000180025095e-35 2.5000000000000004 2.4250000715255742 1.5625000000000002 0.87500000000000011 1.3750000000000002 9.5000000000000018 2.6250000000000004 2.5000000000000004 7.9149999618530282 3.5000000000000004 2.0968266725540166 4.5000000000000009 1 8.5650000572204608 0.66964283585548412 9.9250001907348651 1.0000000180025095e-35 3.5000000000000004 9.5250000953674334 10.045000076293947 3.5000000000000004 11.500000000000002 2.0982142686843877
decision_type=2 2 2 2 2 2 2 2 2 2 2 2 2 2 1 2 2 2 2 2 2 2 2 2 2 2 2 2 2 2 2 2 2 2 2 2 2 2 2 2 2 2 2 2 2 2 2 2 2 2 2 1 2 2 2 2 2 2 2 2 2 2
left_child=1 3 5 12 8 18 -6 23 11 -4 16 40 29 22 32 33 53 21 61 20 35 41 -14 -5 28 59 -27 56 34 36 -11 -15 44 -16 -13 -18 -1 43 52 -40 -3 -17 -42 -7 -8 46 -34 -23 -49 -39 51 -45 -37 -9 -35 -56 -12 -58 -44 60 -24 -2
right_child=2 4 9 7 6 37 14 10 -10 30 27 24 13 31 15 17 19 -19 -20 -21 -22 47 25 -25 -26 26 -28 -29 -30 -31 -32 -33 45 54 -36 38 -38 49 39 -41 42 -43 58 50 -46 -47 -48 48 -50 -51 -52 -53 -54 -55 55 -57 57 -59 -60 -61 -62 -63
leaf_value=0 0 0 0 0 0 0 0 0 0 0.0080704503550250387 0 0 0 0 0 0 0 0 0 0 0 0 0 0 0 0 0 0 0 0 0.010449283506071457 0 0 0 0 0 0 0 0 0 0 0 0 0 0 0 0 0 0 0 0 0 0 0 0 0 0 0 0 0 0 0
leaf_weight=10472 13457 469 41045 4122 12922 4871 4721 1223 8413 33535 1611 15168 619 3385 6313 16293 8051 509 10566 2682 3290 4319 2037 5319 935 146 112 1467 10760 350 25657 1137 1757 10955 6857 10779 608 266 269 188 11203 2647 6251 5728 2701 1612 10351 1956 1005 933 7744 14279 6341 1354 362 2915 1141 203 2039 7313 384 8536
leaf_count=10472 13457 469 41045 4122 12922 4871 4721 1223 8413 33535 1611 15168 619 3385 6313 16293 8051 509 10566 2682 3290 4319 2037 5319 935 146 112 1467 10760 350 25657 1137 1757 10955 6857 10779 608 266 269 188 11203 2647 6251 5728 2701 1612 10351 1956 1005 933 7744 14279 6341 1354 362 2915 1141 203 2039 7313 384 8536
internal_value=-0.00683609 -0.0111035 -0.00125179 -0.0150335 -0.00905936 -0.00327523 -0.00780417 -0.0133863 -0.0107035 8.82011e-05 -0.0129354 -0.0110103 -0.0180123 -0.0188899 -0.00744492 -0.00786837 -0.0132539 -0.00852119 -0.00424777 -0.0134896 -0.0136951 -0.00863959 -0.018015 -0.0152301 -0.0115738 -0.0177286 -0.0107209 -0.0104735 -0.0116793 -0.0168504 0.000594607 -0.0209429 -0.0064913 -0.00702288 -0.0121056 -0.0133907 -0.0170307 -0.00233899 -0.0129566 -0.00842232 -0.0100583 -0.00909504 -0.00995542 -0.00223634 -0.00746483 -0.00596939 -0.0062443 -0.00745467 -0.008692 -0.00513178 -0.00203009 -0.00170385 -0.0130777 -0.0103644 -0.00654258 -0.00783918 -0.0116497 -0.0133393 -0.00919542 -0.0179143 -0.0164672 -0.0047411
internal_weight=384653 218036 166617 74603 143433 66380 81338 48040 62095 100237 38599 53682 26563 15133 68416 47274 34177 26729 32559 31600 28918 26220 10611 9441 33720 9992 258 4422 32785 11430 59192 4522 21142 20545 22025 25628 11080 33821 17577 457 19962 18940 19493 32622 7422 13720 12108 7280 2961 1199 27751 20007 17120 2577 14232 3277 2955 1344 8290 9734 2421 21993
internal_count=384653 218036 166617 74603 143433 66380 81338 48040 62095 100237 38599 53682 26563 15133 68416 47274 34177 26729 32559 31600 28918 26220 10611 9441 33720 9992 258 4422 32785 11430 59192 4522 21142 20545 22025 25628 11080 33821 17577 457 19962 18940 19493 32622 7422 13720 12108 7280 2961 1199 27751 20007 17120 2577 14232 3277 2955 1344 8290 9734 2421 21993
cat_boundaries=0 1 2
cat_threshold=1 1
is_linear=0
shrinkage=0.03


Tree=44
num_leaves=63
num_cat=13
split_feature=7 7 7 7 7 15 7 24 12 15 12 7 15 12 19 19 24 22 15 21 6 19 12 24 24 24 17 24 19 19 21 24 24 17 19 14 19 15 17 24 12 17 13 17 24 22 17 15 24 17 21 17 24 15 14 21 22 15 7 20 19 24
split_gain=10191.7 1932.33 531.638 411.103 326.312 77.4212 74.8642 66.9551 62.187 60.0312 47.9227 40.6664 35.4565 34.0031 30.9247 30.4595 30.3567 27.0972 27.0318 25.3095 23.5788 22.6735 22.2503 22.1767 20.9833 18.9075 16.5945 35.4715 15.2679 22.3108 15.1863 14.6681 14.222 14.0674 13.9095 13.1833 13.0531 13.0241 12.8894 21.0727 12.349 12.2555 15.5394 12.2269 11.6066 10.9791 10.3104 10.2286 10.0563 14.1485 12.5175 10.0045 9.91569 10.0057 10.1779 9.90827 9.86449 9.83533 10.1984 9.81956 9.7485 9.51684
threshold=1.741071403026581 0.81250000000000011 2.991071462631226 0.50892856717109691 1.151785731315613 0.91289180517196666 2.4553570747375493 0 0.62500000000000011 0.8750000298023225 1.3750000000000002 4.1517856121063241 0.84179055690765392 2.6250000000000004 47.500000000000007 25.500000000000004 1 1.0000000180025095e-35 0.91289180517196666 15.500000000000002 0.48214285075664526 15.500000000000002 2.3750000000000004 2 3 4 2.5000000000000004 5 22.500000000000004 37.500000000000007 25.500000000000004 6 7 1.0000000180025095e-35 18.500000000000004 1.0516129136085512 25.500000000000004 0.89709714055061351 4.5000000000000009 8 1.0000000180025095e-35 4.5000000000000009 8.9499998092651385 3.5000000000000004 9 1.0000000180025095e-35 3.5000000000000004 0.71422553062438976 10 2.5000000000000004 7.5000000000000009 1.0000000180025095e-35 11 0.78626844286918651 1.023218631744385 3.5000000000000004 1.0000000180025095e-35 0.82468372583389293 0.65178570151329052 2.5000000000000004 22.500000000000004 12
decision_type=2 2 2 2 2 2 2 1 2 2 2 2 2 2 2 2 1 2 2 2 2 2 2 1 1 1 2 1 2 2 2 1 1 2 2 2 2 2 2 1 2 2 2 2 1 2 2 2 1 2 2 2 1 2 2 2 2 2 2 2 2 1
left_child=1 3 6 17 9 -6 12 21 24 52 15 -4 -2 23 18 31 -14 20 47 56 26 -5 34 45 -7 -21 -1 -28 48 -30 35 40 41 -32 -18 -20 -13 61 -39 55 -11 -12 -43 -22 -36 60 -46 -9 -25 51 -51 -50 -3 54 -54 -40 -17 -23 -59 -34 -10 -8
right_child=2 4 11 7 5 8 37 14 13 10 32 36 16 -15 -16 19 22 -19 30 25 43 57 -24 28 -26 -27 27 -29 29 -31 33 -33 59 -35 44 -37 -38 38 39 -41 -42 42 -44 -45 46 -47 -48 -49 49 50 -52 -53 53 -55 -56 -57 -58 58 -60 -61 -62 -63
leaf_value=0 0 0 0 0 0 0 0 0 0 0 0 0.0078283368443742875 0 0 0 0 0 0 0 0 0 0 0 0 0 0 0 0 0 0 0 0 0 0 0 0 0.010135805000889314 0 0 0 0 0 0 0 0 0 0 0 0 0 0 0 0 0 0 0 0 0 0 0 0 0.0021243612407365496
leaf_weight=9812 2578 2464 41267 3681 7564 3321 190 286 4205 548 5654 32293 5776 5270 4312 14207 5989 787 15500 3876 2821 733 9252 12024 7506 11495 7222 6015 13722 7166 477 9103 2485 3176 10191 2798 26743 19428 415 4305 7132 1167 796 2160 1830 428 1824 2338 735 764 2376 1611 945 978 603 3086 446 7589 4964 3474 10555 2962
leaf_count=9812 2578 2464 41267 3681 7564 3321 190 286 4205 548 5654 32293 5776 5270 4312 14207 5989 787 15500 3876 2821 733 9252 12024 7506 11495 7222 6015 13722 7166 477 9103 2485 3176 10191 2798 26743 19428 415 4305 7132 1167 796 2160 1830 428 1824 2338 735 764 2376 1611 945 978 603 3086 446 7589 4964 3474 10555 2962
internal_value=-0.00684337 -0.0111345 -0.00129741 -0.0150444 -0.0090875 -0.00776741 -0.00334889 -0.0132797 -0.00808032 -0.0106474 -0.0109087 8.9818e-05 -0.00424679 -0.00769594 -0.0123701 -0.0113639 -0.00449785 -0.0178523 -0.0127856 -0.0119361 -0.0180064 -0.0148123 -0.00489284 -0.00792207 -0.0101699 -0.0110856 -0.0184109 -0.019104 -0.00831483 -0.00886471 -0.0131296 -0.0103403 -0.00933942 -0.0113635 -0.00546123 -0.0134821 0.000594857 -0.00224255 -0.00245384 -0.00348347 -0.011368 -0.00841078 -0.0104641 -0.0161347 -0.00598375 -0.00691907 -0.00747216 -0.00990777 -0.00766362 -0.00878493 -0.0101178 -0.00703836 -0.00748497 -0.00885331 -0.0073876 -0.00521134 -0.0128282 -0.0153983 -0.0155956 -0.0104947 -0.00706098 -0.000416878
internal_weight=385420 217291 168129 74671 142620 77247 67826 45854 69683 65373 60383 100303 37440 58856 28887 46807 34862 28817 24575 30024 28030 16967 29086 53586 10827 15371 23049 13237 38398 20888 21951 16783 13576 3653 19834 18298 59036 30386 27234 7806 7680 7617 1963 4981 13845 15188 3654 2624 17510 5486 3140 2346 4990 2526 1548 3501 14653 13286 12553 5959 14760 3152
internal_count=385420 217291 168129 74671 142620 77247 67826 45854 69683 65373 60383 100303 37440 58856 28887 46807 34862 28817 24575 30024 28030 16967 29086 53586 10827 15371 23049 13237 38398 20888 21951 16783 13576 3653 19834 18298 59036 30386 27234 7806 7680 7617 1963 4981 13845 15188 3654 2624 17510 5486 3140 2346 4990 2526 1548 3501 14653 13286 12553 5959 14760 3152
cat_boundaries=0 1 2 3 4 5 6 7 8 9 10 11 12 13
cat_threshold=32801 548928 4488 163857 72712 131073 426032 231832 41664 72456 67092 363528 33792
is_linear=0
shrinkage=0.03


Tree=45
num_leaves=63
num_cat=4
split_feature=7 7 7 7 7 7 12 13 7 12 19 18 12 18 22 19 25 14 12 6 7 19 22 19 13 13 18 14 12 19 19 7 12 27 19 13 6 19 13 14 14 7 19 25 13 13 7 7 13 12 13 27 7 7 13 19 18 12 9 19 19 19
split_gain=10223.4 1855.86 587.034 392.986 303.211 96.4148 64.6604 51.9265 41.4789 40.5884 38.5164 31.0244 30.6788 24.9715 24.3399 21.5599 21.3775 21.2652 18.8393 18.2336 16.204 15.9519 15.2923 14.2758 15.8838 15.1303 13.8519 13.1407 13.025 12.1476 11.3937 11.9223 10.4001 10.2011 10.6765 10.1852 10.15 9.69777 9.427 9.2345 9.10983 8.93309 8.88733 12.1374 8.63457 8.59956 8.33075 8.19959 9.56076 9.24185 8.0831 7.91166 7.8996 7.75541 7.67041 7.59778 7.56529 9.1516 7.528 7.37039 7.35835 7.33384
threshold=1.6875000000000002 0.81250000000000011 2.991071462631226 0.49107143282890325 1.1339285969734194 2.1696429252624516 0.62500000000000011 2.4250000715255742 3.866071462631226 1.6250000000000002 47.500000000000007 5.5000000000000009 2.6250000000000004 4.5000000000000009 1.0000000180025095e-35 42.500000000000007 0 1.0473437905311587 2.3750000000000004 0.48214285075664526 2.4553570747375493 25.500000000000004 1.0000000180025095e-35 6.5000000000000009 11.230000019073488 10.204999923706056 5.5000000000000009 1.0832131505012514 1.6250000000000002 37.500000000000007 5.5000000000000009 0.59821429848670971 0.37500000000000006 1 28.500000000000004 9.9949998855590838 0.66071426868438732 22.500000000000004 10.045000076293947 1.0134074687957766 1.1127845644950869 0.33035713434219366 14.500000000000002 2 9.9049997329711932 5.9749999046325692 1.3839285969734194 1.491071403026581 6.0750000476837167 1.3750000000000002 11.670000076293947 3 1.901785731315613 0.56250000000000011 11.550000190734865 43.500000000000007 2.5000000000000004 1.0000000180025095e-35 1.8412783145904543 19.500000000000004 18.500000000000004 33.500000000000007
decision_type=2 2 2 2 2 2 2 2 2 2 2 2 2 2 2 2 1 2 2 2 2 2 2 2 2 2 2 2 2 2 2 2 2 1 2 2 2 2 2 2 2 2 2 1 2 2 2 2 2 2 2 1 2 2 2 2 2 2 2 2 2 2
left_child=1 3 5 14 9 18 39 26 -4 11 17 50 13 -8 19 -13 29 23 42 35 60 -10 33 28 25 32 -5 -22 30 51 31 36 -25 34 -18 41 -9 59 44 -6 -17 -1 43 54 -12 -23 -36 49 -49 -39 56 -15 -20 -19 -2 -44 -3 -58 -29 -35 -7 -62
right_child=2 4 8 7 6 20 12 10 21 -11 38 15 -14 16 -16 40 22 53 52 -21 27 45 -24 24 -26 -27 -28 58 -30 -31 -32 -33 -34 37 46 -37 -38 47 -40 -41 -42 -43 55 -45 -46 -47 -48 48 -50 -51 -52 -53 -54 -55 -56 -57 57 -59 -60 -61 61 -63
leaf_value=0 0 0 0 0 0 0 0 0 0.0079116505807741242 0 0 0 0 0 0 0 0 0 0 0 0 0.010389789827144651 0 0 0 0 0 0 0 0 0 0 0 0 0 0 0 0 0 0 0 0 0 0 0 -0.0033092222237103993 0 0 0 0 0 0 0 0 0 0 0 0 0 0 0 0
leaf_weight=3970 1662 6120 32458 4197 5458 3164 16155 195 36167 8477 2916 24281 5286 1854 731 12909 2961 1356 2684 3751 29445 11237 857 6529 2145 2089 5304 272 141 7496 210 1291 14547 1909 1526 9942 128 8264 1675 6921 183 8219 13089 1719 499 21054 219 1590 3032 6264 662 3571 4669 4740 453 2375 522 9024 689 3246 5039 6028
leaf_count=3970 1662 6120 32458 4197 5458 3164 16155 195 36167 8477 2916 24281 5286 1854 731 12909 2961 1356 2684 3751 29445 11237 857 6529 2145 2089 5304 272 141 7496 210 1291 14547 1909 1526 9942 128 8264 1675 6921 183 8219 13089 1719 499 21054 219 1590 3032 6264 662 3571 4669 4740 453 2375 522 9024 689 3246 5039 6028
internal_value=-0.00682338 -0.011212 -0.00138579 -0.015029 -0.00916108 -0.00346981 -0.00789781 -0.0134067 8.63888e-05 -0.0107176 -0.0129161 -0.0110221 -0.00751518 -0.00771152 -0.0179525 -0.0114987 -0.00809093 -0.0132869 -0.00489764 -0.018105 -0.00261731 0.000505186 -0.00854294 -0.0129289 -0.0131201 -0.0133488 -0.0153928 -0.00222627 -0.0104656 -0.00703403 -0.0111447 -0.012 -0.0131074 -0.00866247 -0.00994093 -0.0184328 -0.0171548 -0.00841493 -0.0104853 -0.00988311 -0.0105174 -0.0178516 -0.00538999 -0.00409703 -0.0113895 2.05321e-05 -0.0118023 -0.00872585 -0.00762527 -0.00907599 -0.00993116 -0.00812074 -0.00360547 -0.0148888 -0.00253412 -0.00571055 -0.00979395 -0.0103218 -0.00567846 -0.00725994 -0.00345281 -0.00381757
internal_weight=385566 213362 172204 74575 138787 71288 76609 47962 100916 62178 38461 53701 64230 58944 26613 37373 42789 33371 26651 25882 44637 68458 29868 27275 25310 23165 9501 30406 1965 12921 1824 1614 21076 29011 4706 22131 323 24305 5090 12379 13092 12189 19298 3834 3415 32291 1745 19150 4622 14528 16328 5425 7353 6096 2115 15464 15666 9546 961 5155 14231 11067
internal_count=385566 213362 172204 74575 138787 71288 76609 47962 100916 62178 38461 53701 64230 58944 26613 37373 42789 33371 26651 25882 44637 68458 29868 27275 25310 23165 9501 30406 1965 12921 1824 1614 21076 29011 4706 22131 323 24305 5090 12379 13092 12189 19298 3834 3415 32291 1745 19150 4622 14528 16328 5425 7353 6096 2115 15464 15666 9546 961 5155 14231 11067
cat_boundaries=0 1 2 3 4
cat_threshold=1 4 1 2
is_linear=0
shrinkage=0.03


Tree=46
num_leaves=63
num_cat=22
split_feature=5 10 5 24 11 24 10 11 10 10 10 24 24 5 10 10 24 24 23 17 13 11 24 25 24 19 13 24 5 24 24 5 19 23 19 25 24 24 25 24 19 19 17 17 19 24 17 10 19 11 17 23 19 24 21 24 11 13 25 21 24 9
split_gain=9436.48 1530.5 872.367 325.432 297.493 202.978 118.626 95.7925 92.0668 72.4899 43.3005 42.123 37.909 36.3842 33.7924 30.1111 26.5898 26.3973 25.4789 24.5287 32.4243 23.4283 21.8765 20.4395 44.0239 21.1016 18.6456 18.5865 17.8357 17.6784 16.378 15.3737 15.8546 14.4206 14.0506 14.8305 28.0553 14.7321 13.9479 23.8549 13.5957 13.0012 12.8092 12.7752 12.7316 12.2964 15.5347 12.0134 11.9954 13.007 11.7667 11.581 10.8486 10.4009 11.9869 10.0022 9.77782 9.71203 10.481 9.41154 10.3522 9.3965
threshold=1.6071428656578066 0.93915662169456493 2.5357142686843877 0 0.41071428358554846 1 2.8413627147674565 0.66071426868438732 1.4148896932601931 1.2573741078376772 0.59491118788719188 2 3 3.3214286565780644 1.7885685563087466 0.78204792737960827 4 5 2.5000000000000004 2.5000000000000004 2.120000004768372 0.5892857313156129 6 7 8 19.500000000000004 9.7500000000000018 9 5.1071429252624521 10 11 0.60714286565780651 25.500000000000004 1.5000000000000002 24.500000000000004 12 13 14 15 16 25.500000000000004 18.500000000000004 4.5000000000000009 3.5000000000000004 8.5000000000000018 17 3.5000000000000004 0.72974225878715526 47.500000000000007 0.51785713434219371 4.5000000000000009 2.5000000000000004 42.500000000000007 18 29.500000000000004 19 0.30357143282890325 2.0599999427795415 20 25.500000000000004 21 0.63282987475395214
decision_type=2 2 2 1 2 1 2 2 2 2 2 1 1 2 2 2 1 1 2 2 2 2 1 1 1 2 2 1 2 1 1 2 2 2 2 1 1 1 1 1 2 2 2 2 2 1 2 2 2 2 2 2 2 1 2 1 2 2 1 2 1 2
left_child=1 3 5 7 8 14 13 15 17 11 -5 44 -10 29 27 -1 23 -3 21 -9 -21 55 -11 25 42 -7 -23 -2 -8 -4 -16 -13 -33 38 59 36 43 -37 -14 -40 -41 -26 -25 -36 -6 46 -24 -22 49 -46 57 -47 53 54 -34 61 -29 -17 -59 60 -19 -12
right_child=2 4 6 10 9 16 28 19 12 22 18 31 33 -15 30 50 -18 34 -20 20 47 26 45 24 41 -27 -28 56 -30 -31 -32 32 52 -35 35 37 -38 -39 39 40 -42 -43 -44 -45 48 51 -48 -49 -50 -51 -52 -53 -54 -55 -56 -57 -58 58 -60 -61 -62 -63
leaf_value=0 0 0 0 0 0 0 0 0 0 0 0 0 0 0 0 0 0 0 0 0 0 0 0 0 0 0 0 0 0.0073561372216198323 0 0 0 0 0 0 0 0 0 0 0 0 0 0 0 0 0 0 0 0 0 0 0 0 0 0 0 0 0 0 0 0 0
leaf_weight=9736 1732 3730 21568 2422 547 4217 48909 8899 3087 2874 601 5598 8791 16051 7711 803 8113 6513 627 2793 7440 5067 2237 3720 3420 7899 3046 4797 28922 4268 14177 8323 2709 613 1878 3539 2378 9945 5191 6348 3309 4162 1470 1415 4061 17835 1658 1678 657 4889 1993 325 6829 7983 133 16998 1450 1961 2200 2645 7206 3204
leaf_count=9736 1732 3730 21568 2422 547 4217 48909 8899 3087 2874 601 5598 8791 16051 7711 803 8113 6513 627 2793 7440 5067 2237 3720 3420 7899 3046 4797 28922 4268 14177 8323 2709 613 1878 3539 2378 9945 5191 6348 3309 4162 1470 1415 4061 17835 1658 1678 657 4889 1993 325 6829 7983 133 16998 1450 1961 2200 2645 7206 3204
internal_value=-0.00685211 -0.0113078 -0.0019052 -0.014918 -0.00942566 -0.00476675 -0.000402496 -0.0168235 -0.00800739 -0.0108424 -0.0126732 -0.0116071 -0.0066708 -0.00168976 -0.00297148 -0.0151351 -0.00638869 -0.00893839 -0.012361 -0.018186 -0.0190762 -0.0124907 -0.00956248 -0.00589228 -0.00674261 -0.00499109 -0.0138581 -0.00464381 0.000290283 -0.00238667 -0.00236321 -0.0110421 -0.0107383 -0.00707007 -0.00919454 -0.00974863 -0.0083642 -0.010317 -0.00719079 -0.00776794 -0.00866856 -0.00821048 -0.00458654 -0.00650954 -0.01334 -0.00989055 -0.0115429 -0.0199425 -0.0136066 -0.0138939 -0.0136279 -0.00952999 -0.0112472 -0.0118379 -0.0100435 -0.0119575 -0.00540499 -0.0128461 -0.0122632 -0.00855158 -0.00886748 -0.0103526
internal_weight=385300 202714 182586 69468 133246 62868 119718 37503 66588 66658 31965 41729 27339 41887 29867 16693 33001 39249 29543 20810 11911 28916 24929 24888 12772 12116 8113 7979 77831 25836 21888 31575 25977 24252 35519 19155 5671 13484 23639 14848 9657 7582 5190 3293 10154 22055 3895 9118 9607 8950 6957 18160 17654 10825 2842 20803 6247 4964 4161 16364 13719 3805
internal_count=385300 202714 182586 69468 133246 62868 119718 37503 66588 66658 31965 41729 27339 41887 29867 16693 33001 39249 29543 20810 11911 28916 24929 24888 12772 12116 8113 7979 77831 25836 21888 31575 25977 24252 35519 19155 5671 13484 23639 14848 9657 7582 5190 3293 10154 22055 3895 9118 9607 8950 6957 18160 17654 10825 2842 20803 6247 4964 4161 16364 13719 3805
cat_boundaries=0 1 2 3 4 5 6 7 8 9 10 11 12 13 14 15 16 17 18 19 20 21 22
cat_threshold=131105 551242 37 548936 104064 544776 6408 1 4096 532546 551754 264 1 100224 426752 1 6405 32800 71696 104712 3 3972
is_linear=0
shrinkage=0.03


Tree=47
num_leaves=63
num_cat=18
split_feature=7 7 7 7 7 7 15 24 15 7 18 15 17 24 22 18 18 24 15 24 17 24 22 18 18 24 7 24 6 22 17 24 24 15 15 24 17 24 22 18 24 17 24 18 18 24 17 17 15 18 18 24 17 22 24 17 17 7 17 7 24 24
split_gain=10210.1 1803.79 677.016 391.49 284.704 125.23 74.5006 62.8731 52.5835 39.1138 37.3073 34.9663 28.503 32.3636 26.1693 25.2271 26.3478 23.7559 21.9712 20.9276 24.6061 23.6498 20.5941 20.3274 21.0441 21.2962 19.8052 19.5996 19.471 18.1142 18.0311 17.6313 16.5902 15.9999 15.8035 15.7196 15.0132 38.0961 14.8062 14.1922 13.7943 12.7389 12.2301 12.1807 11.7767 18.5782 11.8001 12.533 11.5294 11.0685 10.8144 10.6344 10.5643 9.94987 9.78163 13.5082 10.667 9.44008 9.1667 8.9481 8.93632 8.78826
threshold=1.6339285969734194 0.81250000000000011 2.991071462631226 0.50892856717109691 1.1339285969734194 2.1696429252624516 0.91289180517196666 0 0.87994369864463817 4.1517856121063241 6.5000000000000009 0.8609888255596162 3.5000000000000004 1 1.0000000180025095e-35 4.5000000000000009 10.500000000000002 2 0.71422553062438976 3 4.5000000000000009 4 1.0000000180025095e-35 11.500000000000002 2.5000000000000004 5 1.866071403026581 6 0.48214285075664526 1.0000000180025095e-35 4.5000000000000009 7 8 0.89709714055061351 0.80553331971168529 9 4.5000000000000009 10 1.0000000180025095e-35 2.5000000000000004 11 1.0000000180025095e-35 12 6.5000000000000009 6.5000000000000009 13 1.0000000180025095e-35 4.5000000000000009 0.77564415335655224 5.5000000000000009 5.5000000000000009 14 5.5000000000000009 1.0000000180025095e-35 15 3.5000000000000004 2.5000000000000004 1.3839285969734194 1.5000000000000002 1.3125000000000002 16 17
decision_type=2 2 2 2 2 2 2 1 2 2 2 2 2 1 2 2 2 1 2 1 2 1 2 2 2 1 2 1 2 2 2 1 1 2 2 1 2 1 2 2 1 2 1 2 2 1 2 2 2 2 2 1 2 2 1 2 2 2 2 2 1 1
left_child=1 3 5 12 8 11 -6 34 60 -4 27 -2 28 -14 15 32 19 -7 -9 36 41 -22 -15 24 53 49 39 -10 29 -1 -29 -16 -8 -19 -5 -32 54 -38 40 -13 52 -21 -25 -11 -35 -46 -47 -48 -30 -26 -36 -18 58 -20 55 57 -56 -17 -12 -53 -3 -49
right_child=2 4 9 7 6 17 14 18 10 43 38 26 13 22 31 16 51 33 23 20 21 -23 -24 42 25 -27 -28 30 48 -31 35 -33 -34 44 50 -37 37 -39 -40 -41 -42 -43 -44 -45 45 46 47 61 -50 -51 -52 59 -54 -55 56 -57 -58 -59 -60 -61 -62 -63
leaf_value=0 0 0 0 0 0 0 0 0 0 0.0073310378603915743 0 0 0 0 0 0 0 0 0 0 0 0 0 0 0 0 0 0 0 0 0 0 0 0 0 0 0 0 0 0 0 0 0 0.0092993530393996986 0 0 0 0 0 0 0 0 0 0 0 0 0 0 0 0 0 0
leaf_weight=13174 2533 2522 41044 583 6968 7737 9219 310 7335 33578 1470 1498 6226 5960 423 2042 2018 3764 2100 2329 994 3668 140 1543 3449 9835 15253 10141 121 407 2126 1301 7951 14340 5146 1971 2022 3777 920 12551 29414 9731 2573 25535 4539 2026 8156 1429 2752 12369 7851 2683 722 100 5781 1022 3941 1874 3030 3974 2600 2792
leaf_count=13174 2533 2522 41044 583 6968 7737 9219 310 7335 33578 1470 1498 6226 5960 423 2042 2018 3764 2100 2329 994 3668 140 1543 3449 9835 15253 10141 121 407 2126 1301 7951 14340 5146 1971 2022 3777 920 12551 29414 9731 2573 25535 4539 2026 8156 1429 2752 12369 7851 2683 722 100 5781 1022 3941 1874 3030 3974 2600 2792
internal_value=-0.00682687 -0.0113219 -0.00152236 -0.0150593 -0.0092397 -0.00364504 -0.00795123 -0.0133381 -0.0107241 0.000101451 -0.0109852 -0.00508356 -0.0178019 -0.0188927 -0.00826842 -0.00836817 -0.00873543 -0.00262245 -0.0125895 -0.00908278 -0.00989864 -0.0117555 -0.0171309 -0.0126705 -0.0129613 -0.0132028 -0.00537588 -0.010001 -0.0169848 -0.0174595 -0.00930699 -0.00462181 -0.0073873 -0.0023044 -0.0150971 -0.0109932 -0.00840701 -0.00711899 -0.0115823 -0.00618855 -0.0116821 -0.00918905 -0.0107026 0.000595453 -0.00251469 -0.0030057 -0.00247214 -0.00212644 -0.014741 -0.0139333 -0.015325 -0.00724669 -0.0101078 -0.0101455 -0.00892224 -0.0100901 -0.00831011 -0.0109122 -0.00958667 -0.00662052 -0.00781218 -0.00345345
internal_weight=385383 208608 176775 74639 133969 76618 71718 45859 62251 100157 57129 31835 28780 12326 64750 63026 45856 44783 32279 37181 16722 4662 6100 31969 27853 25653 29302 21573 16454 13581 14238 1724 17170 37046 13580 4097 20459 5799 35556 14049 34636 12060 4116 59113 33282 18942 14403 12377 2873 15818 12997 8675 5222 2200 14660 4938 9722 3916 4500 6657 5122 4221
internal_count=385383 208608 176775 74639 133969 76618 71718 45859 62251 100157 57129 31835 28780 12326 64750 63026 45856 44783 32279 37181 16722 4662 6100 31969 27853 25653 29302 21573 16454 13581 14238 1724 17170 37046 13580 4097 20459 5799 35556 14049 34636 12060 4116 59113 33282 18942 14403 12377 2873 15818 12997 8675 5222 2200 14660 4938 9722 3916 4500 6657 5122 4221
cat_boundaries=0 1 2 3 4 5 6 7 8 9 10 11 12 13 14 15 16 17 18
cat_threshold=33 131073 103552 7576 131108 295044 393264 425989 168844 98305 4112 71688 66820 776 393233 272 363528 540674
is_linear=0
shrinkage=0.03


Tree=48
num_leaves=63
num_cat=2
split_feature=7 7 7 7 7 7 15 15 7 13 15 15 23 23 22 7 7 21 15 25 13 6 7 7 13 13 23 6 9 15 13 22 13 15 15 13 13 15 15 13 13 13 9 21 21 21 15 7 21 15 21 13 21 21 15 15 25 15 21 21 9 21
split_gain=10172.9 1817.91 687.706 410.941 269.636 128.461 75.3482 57.8419 48.0241 42.8794 33.9976 32.0069 27.48 26.0389 23.8726 21.0481 20.7536 20.0905 18.5432 18.3446 17.7476 14.5016 13.8873 13.3218 13.0121 19.8719 12.7642 12.5025 12.4723 11.7487 11.552 11.3474 11.1538 10.8614 10.3407 9.68246 9.28815 8.88357 8.29975 9.59658 11.1714 8.00457 7.9159 7.75878 7.61028 7.53663 7.47064 7.38569 7.27673 9.45859 7.14247 7.07819 6.80627 9.75621 6.73909 8.9942 6.7265 6.68981 6.64819 6.74876 6.58749 6.38827
threshold=1.6339285969734194 0.81250000000000011 2.9196429252624516 0.49107143282890325 1.1339285969734194 2.1696429252624516 0.91289180517196666 0.8750000298023225 3.866071462631226 3.2849999666213994 0.8609888255596162 0.91289180517196666 2.5000000000000004 1.5000000000000002 1.0000000180025095e-35 1.901785731315613 0.61607143282890331 15.500000000000002 0.89709714055061351 0 10.444999694824221 5.0892858505249032 2.4553570747375493 0.33035713434219366 9.0749998092651385 9.6849999427795428 2.5000000000000004 1.0892856717109682 1.5427559018135073 0.71422553062438976 8.9349999427795428 1.0000000180025095e-35 11.460000038146974 0.78139832615852367 0.80754438042640697 10.619999885559084 3.8549998998641972 0.9991869628429414 0.88449025154113781 10.444999694824221 11.889999866485597 10.204999923706056 0.68685498833656322 25.500000000000004 21.500000000000004 18.500000000000004 0.72387105226516735 1.241071403026581 20.500000000000004 0.87994369864463817 24.500000000000004 3.5149999856948857 16.500000000000004 24.500000000000004 0.75996127724647533 0.77564415335655224 1 0.8750000298023225 3.5000000000000004 30.500000000000004 3.0830340385437016 28.500000000000004
decision_type=2 2 2 2 2 2 2 2 2 2 2 2 2 2 2 2 2 2 2 1 2 2 2 2 2 2 2 2 2 2 2 2 2 2 2 2 2 2 2 2 2 2 2 2 2 2 2 2 2 2 2 2 2 2 2 2 1 2 2 2 2 2
left_child=1 3 5 14 7 10 46 52 37 34 -2 29 19 17 20 26 43 42 -7 24 23 -10 -20 57 36 50 -12 38 47 -11 -14 35 -32 -25 -5 41 -8 -4 -19 61 45 -18 -9 44 -13 -41 -6 -21 -48 -50 -26 -44 -3 -54 -31 -56 -16 -1 -49 -60 -24 -40
right_child=2 4 8 9 6 18 12 13 21 11 15 16 30 -15 56 -17 31 27 22 28 -22 -23 60 33 25 -27 -28 -29 -30 54 32 -33 -34 -35 -36 -37 -38 -39 39 40 -42 -43 51 -45 -46 -47 48 58 49 -51 -52 -53 53 -55 55 -57 -58 -59 59 -61 -62 -63
leaf_value=0 0 0 0.01924197629926085 0 0 0 0 0 0.0087000379160564623 0 0 0 0 0 0 0 0 0 0 0 0 0.0069155219691594888 0 0 0 0 0.027027115242963296 0 0 0 0 0 1.5803464250120983e-12 0 0 0 0 0 0 0 0 0 0 0 0 0 0 0 0 0 0 0 0 0 0 0 0 0 0 0 0 0
leaf_weight=318 2483 2520 3091 402 1186 4250 1159 1727 39221 312 15349 7204 860 1430 124 13621 19508 195 12734 10011 7805 28989 21977 315 713 5429 280 6831 13111 795 268 634 111 12547 9710 2189 10248 32243 15287 514 940 1500 999 1933 1329 2009 3667 2284 1903 318 190 24713 1193 1037 430 2057 596 4992 20014 439 2582 2779
leaf_count=318 2483 2520 3091 402 1186 4250 1159 1727 39221 312 15349 7204 860 1430 124 13621 19508 195 12734 10011 7805 28989 21977 315 713 5429 280 6831 13111 795 268 634 111 12547 9710 2189 10248 32243 15287 514 940 1500 999 1933 1329 2009 3667 2284 1903 318 190 24713 1193 1037 430 2057 596 4992 20014 439 2582 2779
internal_value=-0.00683678 -0.011321 -0.00154191 -0.0150715 -0.00923157 -0.00376593 -0.00798066 -0.0106784 3.19865e-05 -0.0134121 -0.00520313 -0.0129489 -0.00830142 -0.0109416 -0.0180552 -0.00548923 -0.0132312 -0.0110436 -0.0026681 -0.00838762 -0.0182045 0.000496995 -0.00288207 -0.0176906 -0.00753186 -0.00862666 -0.00624051 -0.0104866 -0.0087151 -0.0102554 -0.00387651 -0.0127421 -0.00824011 -0.0171687 -0.0151477 -0.0128503 -0.00693074 -0.000865682 -0.0108386 -0.0107828 -0.00933612 -0.0130482 -0.0116233 -0.0143447 -0.0147335 -0.00829608 -0.00504071 -0.00903005 -0.00547826 -0.00683341 -0.0127475 -0.0114913 -0.00749684 -0.00870404 -0.0107843 -0.0100157 -0.0126667 -0.0189548 -0.0087311 -0.00855967 -0.00246521 -0.0110601
internal_weight=385605 208785 176820 74700 134085 73276 71911 62174 103544 48003 31733 37891 64837 57424 26697 29250 34297 55994 41543 63598 25977 68210 37293 18172 17739 6332 15629 28555 45859 3594 1239 23831 379 12862 10112 23197 11407 35334 21724 21529 3463 21008 27439 10466 8533 2523 7074 32748 5888 2221 903 25712 4750 2230 3282 2487 720 5310 22737 20453 24559 18066
internal_count=385605 208785 176820 74700 134085 73276 71911 62174 103544 48003 31733 37891 64837 57424 26697 29250 34297 55994 41543 63598 25977 68210 37293 18172 17739 6332 15629 28555 45859 3594 1239 23831 379 12862 10112 23197 11407 35334 21724 21529 3463 21008 27439 10466 8533 2523 7074 32748 5888 2221 903 25712 4750 2230 3282 2487 720 5310 22737 20453 24559 18066
cat_boundaries=0 1 2
cat_threshold=1 2
is_linear=0
shrinkage=0.03


Tree=49
num_leaves=63
num_cat=1
split_feature=7 7 7 7 7 7 15 15 12 12 13 7 15 19 15 19 23 22 22 12 13 15 7 19 19 19 19 19 7 13 12 23 7 12 12 19 23 19 19 15 19 19 12 14 23 19 13 13 14 14 15 19 19 13 7 13 25 7 12 14 14 15
split_gain=10191.9 1785.87 691.21 331.429 304.926 131.748 74.5621 70.0475 60.2162 50.128 46.0126 41.7274 33.1391 31.5826 31.2957 29.4944 29.1828 24.2812 23.1441 20.8066 20.7603 20.5172 20.0414 19.1406 25.2706 17.2194 16.9057 16.0275 15.5389 14.8391 13.7701 13.4923 13.3475 13.0501 12.4138 11.9871 11.3742 11.0096 10.8811 13.5374 10.428 10.1215 10.0423 9.54636 9.51501 10.1256 9.49807 10.6189 9.18162 9.08899 8.87498 8.64337 8.52036 9.25158 8.37903 8.31303 8.28357 8.03146 7.79966 7.79971 7.70211 8.92008
threshold=1.6339285969734194 0.74107143282890331 2.991071462631226 1.1339285969734194 0.49107143282890325 2.1696429252624516 0.91289180517196666 0.86604186892509472 0.62500000000000011 1.6250000000000002 2.4250000715255742 4.1517856121063241 0.91289180517196666 20.500000000000004 0.8609888255596162 47.500000000000007 2.5000000000000004 1.0000000180025095e-35 1.0000000180025095e-35 2.6250000000000004 10.444999694824221 0.89709714055061351 1.866071403026581 22.500000000000004 37.500000000000007 24.500000000000004 25.500000000000004 42.500000000000007 0.59821429848670971 3.1750000715255742 1.6250000000000002 2.5000000000000004 0.8303571641445161 0.62500000000000011 1.6250000000000002 25.500000000000004 1.5000000000000002 49.500000000000007 5.5000000000000009 0.99001988768577587 25.500000000000004 15.500000000000002 2.3750000000000004 1.0379781723022463 2.5000000000000004 8.5000000000000018 8.9349999427795428 11.460000038146974 1.0354286432266238 1.1127845644950869 0.80118870735168468 21.500000000000004 45.500000000000007 9.3499999046325701 0.97321429848670971 10.204999923706056 0 0.81250000000000011 0.62500000000000011 1.0182204842567446 1.0005040764808657 0.89113023877143871
decision_type=2 2 2 2 2 2 2 2 2 2 2 2 2 2 2 2 2 2 2 2 2 2 2 2 2 2 2 2 2 2 2 2 2 2 2 2 2 2 2 2 2 2 2 2 2 2 2 2 2 2 2 2 2 2 2 2 1 2 2 2 2 2
left_child=1 4 5 7 17 14 48 -3 36 13 51 -4 43 32 -2 25 19 20 27 23 26 -7 33 -10 -25 -14 38 29 52 -15 -23 54 -9 -16 -26 57 -8 50 39 -1 -13 -32 -24 -12 45 -35 -18 -48 -5 -29 -28 -6 53 -27 -11 -17 -43 -31 59 -34 -37 -62
right_child=2 3 11 6 10 21 8 9 16 31 12 40 15 18 22 55 46 -19 -20 -21 -22 30 42 24 34 28 37 49 -30 35 41 -33 58 44 -36 60 -38 -39 -40 -41 -42 56 -44 -45 -46 -47 47 -49 -50 -51 -52 -53 -54 -55 -56 -57 -58 -59 -60 -61 61 -63
leaf_value=0 0 0 0 0 0 0 0 0 0 0 0 0.0067104728402942425 0 0 0 0 0 0 0 0 0 0 0 0 0 0 0 0 0 0 0 0.0029342786910051297 0 0 0 0 0 0 0 0 0.0089864099023352403 0 0 0 0.026233027822512769 0 0 9.6413866187539077e-06 0 0 0 0 0 0 0 0 0 0 0 0 0 0
leaf_weight=359 2513 5462 41107 4610 3306 4599 10571 2850 19800 4176 1975 32380 6659 650 1294 2482 734 751 1256 4099 7710 9786 10540 17177 7991 2514 453 14129 9391 565 6727 152 3064 1366 3782 9030 253 1640 2846 1188 26720 12148 4660 671 224 11287 220 107 2428 154 11718 5249 697 2318 4285 872 11089 3608 8559 1817 218 14353
leaf_count=359 2513 5462 41107 4610 3306 4599 10571 2850 19800 4176 1975 32380 6659 650 1294 2482 734 751 1256 4099 7710 9786 10540 17177 7991 2514 453 14129 9391 565 6727 152 3064 1366 3782 9030 253 1640 2846 1188 26720 12148 4660 671 224 11287 220 107 2428 154 11718 5249 697 2318 4285 872 11089 3608 8559 1817 218 14353
internal_value=-0.0068287 -0.0113126 -0.00151989 -0.00949404 -0.0155434 -0.0036727 -0.00803996 -0.0108981 -0.00835879 -0.0111575 -0.0137477 0.000117866 -0.0131514 -0.0114635 -0.00514358 -0.0134902 -0.0079488 -0.0179769 -0.0118816 -0.0080477 -0.018131 -0.00261523 -0.00541851 -0.00822031 -0.00871192 -0.013897 -0.0175784 -0.0119996 -0.0144631 -0.0124116 -0.00283472 -0.00901672 -0.0103352 -0.00623012 -0.0076413 -0.0123068 -0.0104008 -0.0180941 -0.0159574 -0.0179825 0.000628426 -0.00251562 -0.00466184 -0.00995918 -0.00594152 -0.00605003 -0.00302262 -0.00727523 -0.00510742 -0.0111798 -0.018405 -0.0156698 -0.0157249 -0.0161722 -0.00917587 -0.010873 -0.00281228 -0.0108246 -0.00993973 -0.0108967 -0.0125688 -0.0129955
internal_weight=385339 208899 176440 146100 62799 76233 71772 74328 64734 68866 36134 100207 27579 60253 31884 24933 53910 26665 43963 52849 25914 44349 29371 48750 28950 21579 18204 42707 14920 28424 39750 8613 16290 14171 11773 27774 10824 13811 4393 1547 59100 29964 15200 2646 12877 12653 1061 327 7038 14283 12171 8555 5529 4832 8461 3354 23237 4173 13440 4881 23601 14571
internal_count=385339 208899 176440 146100 62799 76233 71772 74328 64734 68866 36134 100207 27579 60253 31884 24933 53910 26665 43963 52849 25914 44349 29371 48750 28950 21579 18204 42707 14920 28424 39750 8613 16290 14171 11773 27774 10824 13811 4393 1547 59100 29964 15200 2646 12877 12653 1061 327 7038 14283 12171 8555 5529 4832 8461 3354 23237 4173 13440 4881 23601 14571
cat_boundaries=0 1
cat_threshold=6
is_linear=0
shrinkage=0.03


Tree=50
num_leaves=63
num_cat=21
split_feature=7 7 7 7 7 7 12 24 12 7 12 20 24 22 24 7 22 21 24 12 21 20 24 24 24 20 20 24 12 10 24 24 12 22 24 24 24 12 21 20 24 12 7 24 20 24 24 20 12 24 24 21 20 20 24 20 21 24 21 21 21 22
split_gain=10170.3 1938.49 525.676 402.58 311.845 76.7293 63.8986 59.0645 47.0312 42.4839 31.8497 30.4784 29.9641 28.4655 19.7169 19.1737 18.9361 18.3796 22.146 17.3055 16.7925 16.0837 15.7629 15.2389 14.0208 13.9912 19.5008 13.9425 13.857 13.0878 13.0376 12.4544 12.2149 18.7034 13.1478 12.2099 12.1721 12.0508 11.8456 11.4878 11.0569 10.5673 10.5663 10.4907 10.586 10.3548 10.118 9.65711 9.46679 8.91185 8.72939 8.26973 8.14334 7.93933 9.29072 7.72287 8.07272 7.68376 7.6595 7.55553 7.50956 7.36239
threshold=1.741071403026581 0.81250000000000011 2.991071462631226 0.50892856717109691 1.151785731315613 2.4196429252624516 0.62500000000000011 0 1.6250000000000002 4.1517856121063241 2.6250000000000004 2.5000000000000004 1 1.0000000180025095e-35 2 0.36607143282890325 1.0000000180025095e-35 19.500000000000004 3 2.3750000000000004 25.500000000000004 1.5000000000000002 4 5 6 2.5000000000000004 3.5000000000000004 7 0.62500000000000011 0.88207659125328075 8 9 0.37500000000000006 1.0000000180025095e-35 10 11 12 1.6250000000000002 1.5000000000000002 2.5000000000000004 13 0.87500000000000011 0.65178570151329052 14 3.5000000000000004 15 16 1.5000000000000002 1.3750000000000002 17 18 22.500000000000004 2.5000000000000004 3.5000000000000004 19 2.5000000000000004 5.5000000000000009 20 27.500000000000004 3.5000000000000004 20.500000000000004 1.0000000180025095e-35
decision_type=2 2 2 2 2 2 2 1 2 2 2 2 1 2 1 2 2 2 1 2 2 2 1 1 1 2 2 1 2 2 1 1 2 2 1 1 1 2 2 2 1 2 2 1 2 1 1 2 2 1 1 2 2 2 1 2 2 1 2 2 2 2
left_child=1 3 5 13 8 12 14 21 11 -4 16 24 -2 15 -6 -1 23 28 -19 22 32 60 -14 -8 -3 57 38 -22 30 31 -13 -17 -9 34 51 -10 -12 -28 49 -11 -18 -26 -23 -30 -45 -21 -7 -47 -48 -27 -40 -34 -33 -20 -55 56 -24 -25 -38 -36 -5 -57
right_child=2 4 9 7 6 46 10 20 35 39 36 17 19 -15 -16 29 40 18 53 45 27 42 55 25 41 26 37 -29 43 -31 -32 52 33 -35 59 -37 58 -39 50 -41 -42 -43 -44 44 -46 47 48 -49 -50 -51 -52 -53 -54 54 -56 61 -58 -59 -60 -61 -62 -63
leaf_value=0 0 0 0 0 0 0 0 0 0 0.0065374318538219175 0 0 0 0 0 0 0 0 0 0 0 0 0 0 0 0 0 0 0 0 0 0 0 0 0 0 0 0 0 0.0085433144920728683 0 0 0 0 0 0 0 0 0 0 0 0 0 0 0 0 0 0 0 0 0 0.0125630778083144
leaf_weight=12792 5683 2007 41176 1731 5287 302 7513 6873 3869 33444 1935 1938 2774 796 6803 1618 331 1521 6025 7411 287 8461 1310 13778 10673 133 6039 4883 5272 1591 6458 4308 8132 412 838 5136 3387 3219 7419 25593 1259 8147 5637 3887 4398 495 4687 1526 26883 387 5772 1028 7789 2296 3411 9345 7022 13630 452 6309 1069 226
leaf_count=12792 5683 2007 41176 1731 5287 302 7513 6873 3869 33444 1935 1938 2774 796 6803 1618 331 1521 6025 7411 287 8461 1310 13778 10673 133 6039 4883 5272 1591 6458 4308 8132 412 838 5136 3387 3219 7419 25593 1259 8147 5637 3887 4398 495 4687 1526 26883 387 5772 1028 7789 2296 3411 9345 7022 13630 452 6309 1069 226
internal_value=-0.00683995 -0.0111303 -0.00129582 -0.0150493 -0.00907821 -0.00333882 -0.00779075 -0.0132957 -0.0106093 8.3612e-05 -0.00741959 -0.0109327 -0.00429213 -0.0178206 -0.00979404 -0.0179791 -0.00762609 -0.0114708 -0.0105886 -0.00466958 -0.0124358 -0.0147431 -0.00515689 -0.0077148 -0.010023 -0.00790817 -0.00845588 -0.0108917 -0.0120034 -0.0172626 -0.0129612 -0.0175614 -0.0127795 -0.0123418 -0.0125013 -0.00859689 -0.00529234 -0.00739209 -0.00917417 0.000599472 -0.00439623 -0.00973925 -0.0151643 -0.0114103 -0.010642 -0.00360623 -0.00226826 -0.00552289 -0.00221343 -0.0136154 -0.00899909 -0.0133315 -0.0179482 -0.0110393 -0.0102469 -0.00481946 -0.00415434 -0.00745206 -0.00427202 -0.0114027 -0.012675 -0.00540351
internal_weight=384813 216936 167877 74554 142382 67664 77344 45660 65038 100213 65254 56033 35792 28894 12090 28098 59480 35206 13253 30109 28762 16898 20677 57890 20827 50377 22969 5170 21953 15306 8396 13715 23592 16719 16307 9005 5774 9258 13711 59037 1590 18820 14098 13557 8285 9432 31872 2021 31570 520 13191 9160 12097 11732 5707 17903 8332 27408 3839 7147 2800 9571
internal_count=384813 216936 167877 74554 142382 67664 77344 45660 65038 100213 65254 56033 35792 28894 12090 28098 59480 35206 13253 30109 28762 16898 20677 57890 20827 50377 22969 5170 21953 15306 8396 13715 23592 16719 16307 9005 5774 9258 13711 59037 1590 18820 14098 13557 8285 9432 31872 2021 31570 520 13191 9160 12097 11732 5707 17903 8332 27408 3839 7147 2800 9571
cat_boundaries=0 1 2 3 4 5 6 7 8 9 10 11 12 13 14 15 16 17 18 19 20 21
cat_threshold=32801 548928 269452 137224 131221 528392 131104 65792 35848 295440 262276 198808 269317 425988 263684 39305 32768 295936 167056 263936 131973
is_linear=0
shrinkage=0.03


Tree=51
num_leaves=63
num_cat=23
split_feature=10 11 11 10 24 24 10 24 11 10 25 24 24 11 10 24 25 24 19 24 10 24 20 17 27 24 11 24 17 17 19 24 25 19 19 23 19 25 13 27 23 24 10 24 22 13 24 19 19 17 10 13 24 20 24 10 11 19 19 23 22 19
split_gain=9283.64 1531.64 916.592 435.679 219.234 160.489 154.729 126.957 119.546 71.8346 57.6065 53.739 52.4349 47.2212 32.3273 32.3079 31.8061 30.5805 27.0526 26.9557 26.7355 24.2175 22.4921 21.5378 26.9476 20.8326 20.2286 19.7153 19.2637 19.1559 19.0544 19.0488 18.3891 18.2306 17.131 16.9179 15.8475 14.7564 23.3002 15.4288 14.7549 14.0463 13.7998 15.4944 13.2064 13.1124 12.7822 12.6055 12.3415 12.3021 12.1211 11.6509 11.632 11.5351 11.2397 11.2373 10.8904 10.6013 10.5615 10.4754 10.4124 10.3279
threshold=1.6342942714691164 0.5892857313156129 0.19642857462167743 1.1583746671676638 0 1 2.8413627147674565 2 0.37500000000000006 0.73148912191391002 3 4 5 0.44642856717109686 2.0239320993423466 6 7 8 22.500000000000004 9 2.5056059360504155 10 2.5000000000000004 2.5000000000000004 11 12 0.48214285075664526 13 4.5000000000000009 5.5000000000000009 45.500000000000007 14 15 18.500000000000004 23.500000000000004 2.5000000000000004 28.500000000000004 16 7.2349998950958261 17 2.5000000000000004 18 0.94457358121871959 19 1.0000000180025095e-35 3.4250000715255742 20 29.500000000000004 25.500000000000004 4.5000000000000009 1.2953507900238039 6.7049999237060556 21 2.5000000000000004 22 2.3587656021118169 0.80357143282890331 33.500000000000007 18.500000000000004 1.5000000000000002 1.0000000180025095e-35 25.500000000000004
decision_type=2 2 2 2 1 1 2 1 2 2 1 1 1 2 2 1 1 1 2 1 2 1 2 2 1 1 2 1 2 2 2 1 1 2 2 2 2 1 2 1 2 1 2 1 2 2 1 2 2 2 2 2 1 2 1 2 2 2 2 2 2 2
left_child=1 3 6 7 12 9 14 26 11 23 15 17 -4 22 46 58 19 -5 55 -13 60 -15 54 44 36 -16 28 -10 51 -26 34 -24 -7 -17 -23 42 -25 38 -11 53 45 49 -33 -44 -3 -29 -2 -18 -8 61 -47 -1 -49 -39 -9 -12 -38 -40 -6 -19 -14 -20
right_child=2 5 4 8 10 32 48 13 27 37 18 16 20 21 25 33 47 59 41 -21 -22 30 31 24 29 -27 -28 40 -30 -31 -32 35 -34 -35 -36 -37 56 39 57 -41 -42 -43 43 -45 -46 50 -48 52 -50 -51 -52 -53 -54 -55 -56 -57 -58 -59 -60 -61 -62 -63
leaf_value=0 0 0 0 0 0 0 0.0063106191692612196 0 0 0 0 0 0 0 0 0 0 0 0 0 0 0 0 0 0 0 0 0 0 0 0 0 0 0 0 0 0 0 0 0 0 0 0 0 0 0 0 0 0 0 0 0 0 0 0 0 0 0 0 0 0 0
leaf_weight=656 7364 9283 13285 1176 424 5714 39209 3441 4175 2437 7525 5562 16383 3871 15326 3361 12508 12524 382 4616 3843 7442 1189 2256 3307 21888 7973 1303 1038 1117 5357 5601 6040 7925 15644 336 4955 2296 794 1937 586 4632 2080 7000 275 13328 2792 3252 36844 686 17892 2005 2940 3510 10250 380 1063 2154 124 365 439 1422
leaf_count=656 7364 9283 13285 1176 424 5714 39209 3441 4175 2437 7525 5562 16383 3871 15326 3361 12508 12524 382 4616 3843 7442 1189 2256 3307 21888 7973 1303 1038 1117 5357 5601 6040 7925 15644 336 4955 2296 794 1937 586 4632 2080 7000 275 13328 2792 3252 36844 686 17892 2005 2940 3510 10250 380 1063 2154 124 365 439 1422
internal_value=-0.00683237 -0.0112868 -0.00196651 -0.0098394 -0.00498112 -0.016019 -0.000481199 -0.0115016 -0.00830866 -0.017039 -0.0070067 -0.00722961 -0.00337544 -0.0109535 -0.00182711 -0.00542452 -0.0079748 -0.00568988 -0.00824825 -0.00659364 -0.00432189 -0.0117503 -0.010096 -0.018082 -0.0188916 -0.00141769 -0.0144011 -0.0095515 -0.0125799 -0.0207816 -0.0120648 -0.0108523 -0.0129232 -0.00506834 -0.0124431 -0.0111485 -0.0178811 -0.0152838 -0.0138601 -0.0162351 -0.00980383 -0.00959478 -0.0113083 -0.0105859 -0.0170063 -0.0098918 -0.00332729 -0.00872261 0.000357106 -0.011508 -0.00976874 -0.0112277 -0.0098343 -0.0154826 -0.00920072 -0.00704554 -0.0186849 -0.0120916 -0.0125376 -0.00611466 -0.00483973 -0.0102539
internal_weight=385482 201248 184234 154110 60811 47138 123423 73883 80227 35384 26861 42943 33950 62211 47370 11834 28878 14065 15027 10178 20665 32314 29897 22256 12698 37214 11672 37284 3699 4424 28443 16206 11754 11286 23086 15017 8274 13128 5385 7743 33109 7122 14681 9080 9558 32523 10156 18700 76053 2490 31220 2661 6192 5806 13691 7905 6018 2948 548 12889 16822 1804
internal_count=385482 201248 184234 154110 60811 47138 123423 73883 80227 35384 26861 42943 33950 62211 47370 11834 28878 14065 15027 10178 20665 32314 29897 22256 12698 37214 11672 37284 3699 4424 28443 16206 11754 11286 23086 15017 8274 13128 5385 7743 33109 7122 14681 9080 9558 32523 10156 18700 76053 2490 31220 2661 6192 5806 13691 7905 6018 2948 548 12889 16822 1804
cat_boundaries=0 1 2 3 4 5 6 7 8 9 10 11 12 13 14 15 16 17 18 19 20 21 22 23
cat_threshold=555338 131109 33 1 553800 548930 1 1 532544 99456 71936 1 543234 6408 4104 2 3 1 98816 262404 551242 2192 395264
is_linear=0
shrinkage=0.03


Tree=52
num_leaves=63
num_cat=2
split_feature=7 7 7 7 7 7 12 12 7 13 23 13 12 14 22 10 25 22 12 12 21 7 12 13 22 13 14 23 13 13 12 13 14 10 25 21 21 14 6 12 23 13 21 7 10 13 13 13 9 6 10 13 12 21 13 21 7 12 7 21 13 13
split_gain=10092 1867.74 586.487 403.371 315.275 92.008 62.7877 52.314 44.3511 34.5033 26.3554 25.2602 25.1114 23.3811 23.2536 18.6529 17.4306 17.3226 17.3189 16.4185 15.7928 14.1222 13.7597 13.8659 11.8476 10.7699 10.6667 10.1798 9.6661 9.66083 9.50194 9.46638 8.19264 9.16308 8.15617 8.0915 9.40769 10.3564 7.7472 7.44833 7.32613 7.26854 9.48769 7.1857 7.07558 7.05835 9.25925 6.98993 6.68008 6.63601 6.5672 6.53571 6.51702 7.95497 6.49544 6.29818 6.28455 6.28374 6.2328 6.50864 6.19134 6.0556
threshold=1.6875000000000002 0.81250000000000011 2.991071462631226 0.50892856717109691 1.151785731315613 2.1696429252624516 0.62500000000000011 1.6250000000000002 3.616071462631226 3.2350000143051152 2.5000000000000004 10.444999694824221 2.6250000000000004 1.0543610453605654 1.0000000180025095e-35 0.77714383602142345 0 1.0000000180025095e-35 4.1250000000000009 2.3750000000000004 15.500000000000002 2.4553570747375493 0.37500000000000006 10.619999885559084 1.0000000180025095e-35 3.5149999856948857 1.0005040764808657 2.5000000000000004 8.9349999427795428 11.460000038146974 1.1250000000000002 3.8549998998641972 1.0832131505012514 2.0968266725540166 1 27.500000000000004 19.500000000000004 1.000000059604645 1.553571403026581 0.87500000000000011 1.5000000000000002 9.9049997329711932 25.500000000000004 0.29464286565780645 1.3976565599441531 11.550000190734865 11.670000076293947 6.0850000381469735 0.92027607560157787 5.5178570747375497 1.1461999416351321 11.460000038146974 2.1250000000000004 4.5000000000000009 10.110000133514406 4.5000000000000009 1.901785731315613 0.37500000000000006 0.65178570151329052 29.500000000000004 11.230000019073488 6.1449999809265146
decision_type=2 2 2 2 2 2 2 2 2 2 2 2 2 2 2 2 1 2 2 2 2 2 2 2 2 2 2 2 2 2 2 2 2 2 1 2 2 2 2 2 2 2 2 2 2 2 2 2 2 2 2 2 2 2 2 2 2 2 2 2 2 2
left_child=1 3 5 11 7 19 40 20 -4 -5 12 14 16 17 15 43 31 22 -10 34 24 -7 -11 35 25 -3 -22 60 -12 -30 -18 -8 52 -34 38 36 37 48 -2 -27 -6 42 -38 -1 -14 50 -47 -33 -24 -20 -28 -26 53 -23 -32 -40 -21 -19 59 -15 -9 -37
right_child=2 4 8 9 6 21 10 27 18 13 28 -13 44 58 -16 -17 30 57 49 56 26 32 23 -25 51 39 45 -29 29 -31 54 47 33 -35 -36 61 41 -39 55 -41 -42 -43 -44 -45 -46 46 -48 -49 -50 -51 -52 -53 -54 -55 -56 -57 -58 -59 -60 -61 -62 -63
leaf_value=0 0 0 0 0 0 0 0 0 -0.00085613040097467965 0 0 0 0 0 0 0 0 0 0.0080900178633595311 0 0 0 0 0 0 0 0 0 0 9.3521450201912897e-06 0 0 0 0 0 0 0 0 0 0 0 0 0 0 0 0 0 0 0 0.0061213005941833827 0 0 0 0 0 0 0 0 0 0 0 0
leaf_weight=3761 1375 942 24142 8969 11398 14204 923 7211 32667 9355 831 8073 696 2199 554 4178 14051 263 28545 2727 12204 1377 2480 1945 732 14846 8203 158 279 106 20613 6039 250 724 9753 1110 2868 8494 1065 11003 266 1320 1007 12208 4375 743 1803 9849 1524 14882 5749 122 18601 9300 4380 7288 4674 610 2547 119 1640 1106
leaf_count=3761 1375 942 24142 8969 11398 14204 923 7211 32667 9355 831 8073 696 2199 554 4178 14051 263 28545 2727 12204 1377 2480 1945 732 14846 8203 158 279 106 20613 6039 250 724 9753 1110 2868 8494 1065 11003 266 1320 1007 12208 4375 743 1803 9849 1524 14882 5749 122 18601 9300 4380 7288 4674 610 2547 119 1640 1106
internal_value=-0.00684617 -0.0111943 -0.00142654 -0.0150213 -0.00914038 -0.00350565 -0.00779668 -0.0106578 5.31547e-05 -0.013276 -0.00741759 -0.0178063 -0.00750487 -0.0128708 -0.0172512 -0.0174179 -0.00768839 -0.012577 0.0004086 -0.00489115 -0.0109972 -0.00266785 -0.0126935 -0.0122814 -0.011509 -0.0116198 -0.0105043 -0.00853513 -0.00304441 -0.00697403 -0.00804624 -0.0068484 -0.00230147 -0.00500821 -0.00534813 -0.0125176 -0.0127316 -0.0122856 -0.00470487 -0.011505 -0.00981636 -0.0138046 -0.0131497 -0.0178848 -0.00548353 -0.0110017 -0.0095491 -0.00668089 -0.0135435 0.000801138 -0.0112668 -0.00803044 -0.00221142 -0.00280219 -0.00769739 -0.00436622 -0.00368829 -0.00840893 -0.0148088 -0.0159344 -0.00866987 -0.0108087
internal_weight=385426 213852 171574 74690 139162 71338 73806 65356 100236 45916 62142 28774 60926 36947 20701 20147 55855 32082 76094 26882 56347 44456 31209 21854 27645 26791 28702 9009 1216 385 39044 16811 30252 974 19481 19909 17693 12498 9728 25849 11664 5195 3875 15969 5071 16498 2546 15888 4004 43427 13952 854 29278 10677 24993 8353 7401 873 4865 2318 8851 2216
internal_count=385426 213852 171574 74690 139162 71338 73806 65356 100236 45916 62142 28774 60926 36947 20701 20147 55855 32082 76094 26882 56347 44456 31209 21854 27645 26791 28702 9009 1216 385 39044 16811 30252 974 19481 19909 17693 12498 9728 25849 11664 5195 3875 15969 5071 16498 2546 15888 4004 43427 13952 854 29278 10677 24993 8353 7401 873 4865 2318 8851 2216
cat_boundaries=0 1 2
cat_threshold=1 1
is_linear=0
shrinkage=0.03


Tree=53
num_leaves=63
num_cat=19
split_feature=7 7 7 7 7 24 12 24 7 12 20 23 7 12 12 24 17 14 23 22 10 25 20 24 12 24 24 7 24 24 12 22 10 24 24 24 25 20 27 10 7 24 17 24 24 12 17 17 17 13 17 20 24 17 17 17 17 13 24 14 14 9
split_gain=10116.2 1895.66 580.594 403.484 300.341 84.1385 62.4629 61.5191 46.2073 43.6025 37.6559 31.0205 27.2872 25.7505 24.8652 24.818 22.8638 20.1476 19.6358 19.503 19.3775 18.6347 22.7252 26.7345 16.2959 16.1053 15.3202 14.412 13.6775 13.6096 13.2153 13.8255 12.9788 12.5892 12.5812 12.5013 12.1062 11.6164 11.6083 11.6298 11.3959 11.245 10.9754 13.2334 12.1834 10.7399 10.337 14.2482 10.1095 9.9513 16.112 12.557 9.99049 9.71467 9.29227 8.80209 8.77048 8.70246 8.60431 8.54057 8.25272 8.06421
threshold=1.7053571343421938 0.81250000000000011 2.991071462631226 0.50892856717109691 1.151785731315613 0 0.62500000000000011 1 3.6517857313156132 1.6250000000000002 2.5000000000000004 2.5000000000000004 0.36607143282890325 2.6250000000000004 1.6250000000000002 2 2.5000000000000004 1.0468839406967165 2.5000000000000004 1.0000000180025095e-35 1.9891284704208376 3 2.5000000000000004 4 4.3750000000000009 5 6 0.74107143282890331 7 8 0.37500000000000006 1.0000000180025095e-35 1.2087581753730776 9 10 11 12 1.5000000000000002 13 2.5208314657211308 1.866071403026581 14 3.5000000000000004 15 16 0.87500000000000011 1.5000000000000002 5.5000000000000009 2.5000000000000004 10.47499990463257 1.5000000000000002 2.5000000000000004 17 3.5000000000000004 1.0000000180025095e-35 5.5000000000000009 3.5000000000000004 8.1750001907348651 18 1.0127370953559878 1.0532018542289736 1.7699279189109804
decision_type=2 2 2 2 2 1 2 1 2 2 2 2 2 2 2 1 2 2 2 2 2 1 2 1 2 1 1 2 1 1 2 2 2 1 1 1 1 2 1 2 2 1 2 1 1 2 2 2 2 2 2 2 1 2 2 2 2 2 1 2 2 2
left_child=1 3 5 12 9 14 15 27 -4 10 28 13 16 21 38 59 -1 30 49 26 42 25 34 -24 -10 -8 36 37 -3 -11 -9 35 -28 -15 -23 -32 -12 54 39 -2 -16 -13 44 -44 -7 -30 -38 -48 -31 51 -51 56 -53 -29 -5 -36 -14 -18 -33 -6 -40 -17
right_child=2 4 8 7 6 20 11 17 24 29 19 41 18 33 40 61 57 -19 -20 -21 -22 22 23 -25 -26 -27 32 53 45 48 31 58 -34 -35 55 -37 46 -39 60 -41 -42 -43 43 -45 -46 -47 47 -49 -50 50 -52 52 -54 -55 -56 -57 -58 -59 -60 -61 -62 -63
leaf_value=0 0 0 0 0 0 0 0 0 -0.00033450703220470966 0 0 9.0715806695855519e-06 0 0 0 0 0 0 0 0 0 0 0 0 0.0061583456930064786 0 0 0 0 0 0 0 0 0 0 0 0 0 0 0 0 0 0 0 0 0 0 0 0 0 0 0 0 0 0 0 0 0 0 0 0 0
leaf_weight=5503 5606 2004 25462 337 2055 4108 2438 6988 35438 4521 2742 581 2124 1762 1275 5899 2289 4371 296 955 12301 2488 11475 4965 39401 14843 19379 1674 10637 2529 1235 166 9596 3559 17580 15779 815 11671 4941 1172 30972 665 3191 2403 3340 8246 1355 446 2055 663 1675 1634 7644 1246 2001 2791 1553 5142 313 2910 769 894
leaf_count=5503 5606 2004 25462 337 2055 4108 2438 6988 35438 4521 2742 581 2124 1762 1275 5899 2289 4371 296 955 12301 2488 11475 4965 39401 14843 19379 1674 10637 2529 1235 166 9596 3559 17580 15779 815 11671 4941 1172 30972 665 3191 2403 3340 8246 1355 446 2055 663 1675 1634 7644 1246 2001 2791 1553 5142 313 2910 769 894
internal_value=-0.00685366 -0.0111886 -0.00139649 -0.0150624 -0.00913525 -0.00349162 -0.00783893 -0.0133175 6.73275e-05 -0.0106227 -0.0109348 -0.0074651 -0.0178632 -0.00755944 -0.00270701 -0.00984657 -0.0188819 -0.0124428 -0.017018 -0.0115324 -0.00487362 -0.00774708 -0.00811806 -0.0089708 0.000442911 -0.00689474 -0.01165 -0.0147921 -0.00992526 -0.00869687 -0.0121121 -0.0116716 -0.0119415 -0.00556418 -0.00750833 -0.0118131 -0.0100328 -0.0152004 -0.00384417 -0.00468368 -0.00226747 -0.00277849 -0.00568118 -0.00668538 -0.00492696 -0.00964595 -0.0116002 -0.0103759 -0.00989726 -0.0171661 -0.0189675 -0.016841 -0.017429 -0.0128836 -0.0132703 -0.00776002 -0.0153574 -0.0199673 -0.00664509 -0.0115085 -0.00284764 -0.00860223
internal_weight=384868 214489 170379 74304 140185 70078 74905 45781 100301 65280 56175 63147 28523 61901 44735 11758 12934 28852 15589 35288 25343 56580 39299 16440 74839 17281 34333 16929 20887 9105 24481 17493 28975 5321 22859 17014 5358 14009 12488 6778 32247 1246 13042 5594 7448 18883 2616 1801 4584 15293 2338 12955 9278 2920 2338 20371 3677 7431 479 4965 5710 6793
internal_count=384868 214489 170379 74304 140185 70078 74905 45781 100301 65280 56175 63147 28523 61901 44735 11758 12934 28852 15589 35288 25343 56580 39299 16440 74839 17281 34333 16929 20887 9105 24481 17493 28975 5321 22859 17014 5358 14009 12488 6778 32247 1246 13042 5594 7448 18883 2616 1801 4584 15293 2338 12955 9278 2920 2338 20371 3677 7431 479 4965 5710 6793
cat_boundaries=0 1 2 3 4 5 6 7 8 9 10 11 12 13 14 15 16 17 18 19
cat_threshold=551242 32801 229425 1 7320 262145 71688 131104 199068 269317 4361 65792 9 1 2968 201732 98945 295440 327808
is_linear=0
shrinkage=0.03


Tree=54
num_leaves=63
num_cat=5
split_feature=5 10 5 10 10 12 10 5 12 13 10 12 15 15 10 15 12 12 13 15 10 13 13 25 20 15 13 22 23 12 5 5 25 12 15 12 23 10 21 12 5 22 13 23 5 25 15 13 25 21 15 12 5 21 15 20 12 13 15 15 23 25
split_gain=9365.49 1670.2 708.805 301.318 254.627 117.12 111.32 84.5207 70.3041 52.6137 51.7572 46.627 43.8454 42.2618 38.0257 37.0601 35.2815 33.641 31.4129 28.4754 25.9425 24.2265 35.6621 24.3475 23.4728 22.7257 21.1719 20.5107 20.3785 20.2989 17.2863 15.6398 15.3824 15.3493 15.2677 14.677 14.6287 14.3578 14.186 13.0952 13.0051 12.995 12.9248 12.0131 11.3148 10.706 11.4501 10.536 13.3967 13.4715 12.2987 10.0696 9.97585 9.22657 11.9334 9.07357 8.83505 8.78852 8.64183 8.61389 8.49408 10.6212
threshold=1.6785714626312258 0.93915662169456493 2.6785713434219365 1.2573741078376772 0.73148912191391002 1.3750000000000002 2.0576819181442265 3.9642857313156132 0.87500000000000011 2.8299999237060551 0.62423235177993786 2.3750000000000004 0.80553331971168529 0.94937798380851757 1.5921923518180849 0.9991869628429414 0.37500000000000006 0.62500000000000011 2.4250000715255742 0.83184513449668895 2.8413627147674565 9.0749998092651385 2.4250000715255742 0 2.5000000000000004 0.8791443705558778 3.2350000143051152 1.0000000180025095e-35 2.5000000000000004 2.3750000000000004 0.75000000000000011 0.89285713434219371 1 2.6250000000000004 0.84593328833580028 2.3750000000000004 2.5000000000000004 2.7965676784515385 15.500000000000002 5.6250000000000009 1.2500000000000002 1.0000000180025095e-35 9.9949998855590838 2.5000000000000004 0.39285714924335485 2 1.0293049812316897 10.190000057220461 3 23.500000000000004 0.83297696709632885 0.62500000000000011 0.96428570151329052 21.500000000000004 0.72387105226516735 2.5000000000000004 1.0000000180025095e-35 3.9750000238418584 0.83485752344131481 0.84593328833580028 2.5000000000000004 4
decision_type=2 2 2 2 2 2 2 2 2 2 2 2 2 2 2 2 2 2 2 2 2 2 2 1 2 2 2 2 2 2 2 2 1 2 2 2 2 2 2 2 2 2 2 2 2 1 2 2 1 2 2 2 2 2 2 2 2 2 2 2 2 1
left_child=1 4 6 8 10 13 11 20 12 -6 27 15 -3 53 25 -2 47 38 -10 -20 35 22 -12 -23 57 -7 -14 42 34 37 -28 -19 -17 -16 -18 -4 52 58 -15 -9 60 56 45 -33 -36 55 -47 50 -49 -50 -11 -34 -27 -5 -55 -1 -32 -21 -8 -13 61 -26
right_child=2 3 7 5 9 14 29 39 18 16 21 59 26 17 33 32 28 31 19 24 -22 23 -24 -25 40 36 30 -29 -30 -31 41 43 51 -35 44 -37 -38 -39 -40 -41 -42 -43 -44 -45 -46 46 -48 48 49 -51 -52 -53 -54 54 -56 -57 -58 -59 -60 -61 -62 -63
leaf_value=0 0 0 0 0 0 0 0 0.005752911205567689 0 0 0 0 0 0 0 0 0 0 0 0 0 0 0 0 0 0 0 0 0 0 0 0 0 0 0 0 0 0 0 0.005752911205567689 0 0 0 0 0 0 0 0 0 0 0 0 0 0.028479645088577889 0 0 0 0 0 0 0 0
leaf_weight=417 2660 1698 10776 2525 5861 1524 827 39823 992 305 3919 657 2304 6372 9668 8902 1484 3150 2161 2045 21548 1207 4467 4681 3325 2707 8855 523 444 12985 1520 20344 1414 4114 1360 19680 324 1681 6460 20974 3454 572 7506 413 18961 7086 1276 986 1011 364 5959 12886 13608 146 1212 1749 18224 11123 11510 8827 253 11565
leaf_count=417 2660 1698 10776 2525 5861 1524 827 39823 992 305 3919 657 2304 6372 9668 8902 1484 3150 2161 2045 21548 1207 4467 4681 3325 2707 8855 523 444 12985 1520 20344 1414 4114 1360 19680 324 1681 6460 20974 3454 572 7506 413 18961 7086 1276 986 1011 364 5959 12886 13608 146 1212 1749 18224 11123 11510 8827 253 11565
internal_value=-0.00684968 -0.0111185 -0.00172601 -0.00923798 -0.0149208 -0.00789297 -0.00429298 -0.000307151 -0.0106714 -0.013205 -0.0168407 -0.00540095 -0.0116604 -0.00896174 -0.00653389 -0.00606078 -0.0127103 -0.00927633 -0.00973183 -0.00957796 -0.00119506 -0.0154826 -0.0144469 -0.0169575 -0.00980466 -0.0074355 -0.0119137 -0.0178854 -0.0120789 -0.00284268 -0.0116951 -0.00861124 -0.00644531 -0.00534567 -0.0122084 -0.00175867 -0.00775666 -0.00363433 -0.0105154 0.000452342 -0.0104909 -0.0112129 -0.0180552 -0.00831233 -0.012423 -0.0173771 -0.0167229 -0.0143391 -0.016047 -0.0136354 -0.0136954 -0.00706709 -0.00788201 -0.00598532 -0.00797938 -0.0197344 -0.0113421 -0.00883551 -0.00398873 -0.00360164 -0.0108698 -0.0109624
internal_weight=385374 210224 175150 140658 69566 72567 62349 112801 68091 36735 32831 35346 33173 40622 31945 25862 30874 36739 34918 33926 52004 14274 8386 5888 31765 18163 31475 18557 22249 27003 29171 23907 23202 13782 21805 30456 16639 14018 12832 60797 18597 20316 18034 20757 20321 10528 8362 8625 2361 1375 6264 14300 16315 3883 1358 2166 19744 13168 12337 9484 15143 14890
internal_count=385374 210224 175150 140658 69566 72567 62349 112801 68091 36735 32831 35346 33173 40622 31945 25862 30874 36739 34918 33926 52004 14274 8386 5888 31765 18163 31475 18557 22249 27003 29171 23907 23202 13782 21805 30456 16639 14018 12832 60797 18597 20316 18034 20757 20321 10528 8362 8625 2361 1375 6264 14300 16315 3883 1358 2166 19744 13168 12337 9484 15143 14890
cat_boundaries=0 1 2 3 4 5
cat_threshold=3 1 1 4 2
is_linear=0
shrinkage=0.03


Tree=55
num_leaves=63
num_cat=11
split_feature=7 7 7 7 7 7 12 12 7 7 20 23 22 17 10 12 12 25 20 22 7 10 12 14 27 17 27 20 22 12 17 27 7 25 14 6 25 23 14 17 14 20 6 17 27 7 14 20 17 12 14 17 25 7 14 27 14 7 25 27 20 12
split_gain=10130.6 1875.13 603.205 398.999 298.015 92.9538 62.1744 49.8899 42.6766 36.8585 32.1109 28.1772 27.4118 25.2104 21.4825 20.0075 17.9419 17.6428 26.2328 17.439 16.764 16.6182 15.404 14.7277 13.0134 12.811 12.857 12.6797 11.3501 9.97103 9.54078 12.7946 11.242 8.91527 8.84618 8.6405 9.07178 8.40472 8.30104 8.29608 8.17039 8.1018 8.0452 7.64557 10.7977 7.55767 7.52105 7.51102 7.36361 7.34669 7.14439 7.71582 7.83318 7.25547 6.9927 6.91074 6.88696 6.83564 6.7984 6.78932 12.9671 7.03127
threshold=1.6875000000000002 0.81250000000000011 2.991071462631226 0.50892856717109691 1.151785731315613 2.1696429252624516 0.62500000000000011 1.6250000000000002 4.1517856121063241 0.61607143282890331 2.5000000000000004 2.5000000000000004 1.0000000180025095e-35 3.5000000000000004 0.90209394693374645 2.6250000000000004 2.3750000000000004 0 2.5000000000000004 1.0000000180025095e-35 0.43750000000000006 1.2087581753730776 1.8750000000000002 1.0468839406967165 1 3.5000000000000004 2 2.5000000000000004 1.0000000180025095e-35 1.0000000180025095e-35 4.5000000000000009 3 1.401785731315613 4 1.0351536870002749 1.553571403026581 5 2.5000000000000004 1.0811471343040469 5.5000000000000009 1.0134074687957766 3.5000000000000004 0.48214285075664526 4.5000000000000009 6 3.5803570747375493 1.0382035970687868 1.5000000000000002 1.5000000000000002 0.37500000000000006 1.0580016970634463 4.5000000000000009 7 2.4196429252624516 1.0292352437973025 8 1.0543610453605654 1.5803571343421938 9 10 3.5000000000000004 1.0000000180025095e-35
decision_type=2 2 2 2 2 2 2 2 2 2 2 2 2 2 2 2 2 1 2 2 2 2 2 2 1 2 1 2 2 2 2 1 2 1 2 2 1 2 2 2 2 2 2 2 1 2 2 2 2 2 2 2 1 2 2 1 2 2 1 1 2 2
left_child=1 3 5 12 7 16 40 10 45 56 29 15 13 14 42 17 35 30 39 23 58 28 38 25 -20 26 41 -10 59 -3 -8 -32 54 -14 43 -2 -37 -9 -7 -19 -6 47 -1 -31 -45 -4 -36 -11 -48 -43 51 52 -24 -54 -33 -53 -5 -26 -15 61 -61 -12
right_child=2 4 8 9 6 22 11 37 27 19 21 -13 33 20 -16 -17 -18 18 24 -21 -22 -23 50 -25 57 -27 -28 -29 -30 34 31 32 -34 -35 46 36 -38 -39 -40 -41 -42 49 -44 44 -46 -47 48 -49 -50 -51 -52 55 53 -55 -56 -57 -58 -59 -60 60 -62 -63
leaf_value=0 0 0 0 0 0 0 0 0 0.0057419464679739716 0 0 0 0 0 0 0 0 0 0 0 0 0 0 0 0 0 0 0.0077460383325279577 0 0 0 0 0 0 0 0 0 -8.8028360730153883e-05 0 0 0 0 0 0 0 -0.00050779216004190862 0 0 0 0 0 0 0 0 0 0 0 0 0 0 0 0
leaf_weight=12960 2649 1136 22881 12502 5014 14171 12293 8940 33530 700 707 1219 156 1171 996 5159 7380 19494 1943 823 3119 11731 5595 4286 12942 10963 5884 25617 616 11190 1341 644 1896 642 895 8356 8525 155 527 3109 6565 970 2089 2087 2448 18338 854 4457 2245 2645 3702 883 2703 10814 621 6149 2672 1403 7641 5704 5846 10710
leaf_count=12960 2649 1136 22881 12502 5014 14171 12293 8940 33530 700 707 1219 156 1171 996 5159 7380 19494 1943 823 3119 11731 5595 4286 12942 10963 5884 25617 616 11190 1341 644 1896 642 895 8356 8525 155 527 3109 6565 970 2089 2087 2448 18338 854 4457 2245 2645 3702 883 2703 10814 621 6149 2672 1403 7641 5704 5846 10710
internal_value=-0.00685493 -0.0112174 -0.00143208 -0.0150512 -0.00915641 -0.00353875 -0.00784828 -0.0106325 6.77322e-05 -0.013315 -0.0109662 -0.00747177 -0.0178209 -0.0179773 -0.0172007 -0.00756225 -0.00493088 -0.00772783 -0.00808892 -0.0127176 -0.0190216 -0.0115175 -0.00269774 -0.0128361 -0.00900884 -0.0125638 -0.0119836 0.000584155 -0.0119765 -0.0100328 -0.00688277 -0.00806841 -0.00911009 -0.0123383 -0.0098754 -0.00540707 -0.0051571 -0.00857119 -0.00349272 -0.00742959 -0.0098664 -0.0127114 -0.0174831 -0.00955517 -0.0105943 -0.000673306 -0.0111362 -0.0134747 -0.0104366 -0.0116224 -0.00230624 -0.00213158 -0.00181896 -0.00142448 -0.0113004 -0.00298123 -0.0145247 -0.00869676 -0.0196906 -0.0120843 -0.0115714 -0.012603
internal_weight=385403 213583 171820 74676 138907 71454 73643 65264 100366 45902 56169 62064 28774 27976 16045 60845 26910 55686 38891 30728 11931 35314 44544 29905 16288 25619 14656 59147 23583 20855 16795 4502 3161 798 19719 19530 16881 9095 14698 22603 11579 8772 15049 15725 4535 41219 3994 5157 3099 3615 29846 26144 19112 13517 1265 7032 15174 14345 8812 22967 11550 11417
internal_count=385403 213583 171820 74676 138907 71454 73643 65264 100366 45902 56169 62064 28774 27976 16045 60845 26910 55686 38891 30728 11931 35314 44544 29905 16288 25619 14656 59147 23583 20855 16795 4502 3161 798 19719 19530 16881 9095 14698 22603 11579 8772 15049 15725 4535 41219 3994 5157 3099 3615 29846 26144 19112 13517 1265 7032 15174 14345 8812 22967 11550 11417
cat_boundaries=0 1 2 3 4 5 6 7 8 9 10 11
cat_threshold=1 4 1 2 2 1 4 1 4 2 1
is_linear=0
shrinkage=0.03


Tree=56
num_leaves=63
num_cat=18
split_feature=7 7 7 7 7 7 15 15 7 7 20 24 15 17 24 24 17 15 24 7 24 17 17 20 27 17 24 13 17 24 14 24 20 20 24 24 20 15 24 20 24 24 20 14 15 17 15 24 15 9 13 9 24 15 11 13 7 17 13 17 27 27
split_gain=10146.6 1786.56 703.215 461.134 186.422 124.998 75.0309 72.6385 63.0302 41.7423 39.6621 34.8759 33.8898 29.045 30.1349 24.9426 26.1699 23.0794 21.219 19.6465 18.4842 16.3444 18.2089 15.6468 15.1222 14.566 17.6362 14.3135 14.277 14.2721 14.0159 13.5718 12.8689 22.5016 12.8114 12.5551 12.3404 12.1482 11.8123 11.5857 11.3611 10.8132 10.5535 10.4893 10.4693 10.4081 9.82354 9.8075 9.58162 9.46132 9.33247 8.89667 8.84919 8.79567 8.72691 8.64489 8.59358 8.53343 8.30461 8.10936 12.6996 8.42196
threshold=1.6339285969734194 0.65178570151329052 2.991071462631226 1.1339285969734194 0.49107143282890325 2.1696429252624516 0.84091734886169445 0.88625004887580883 0.8303571641445161 4.1517856121063241 2.5000000000000004 0 0.8609888255596162 3.5000000000000004 1 2 4.5000000000000009 0.89709714055061351 3 1.866071403026581 4 5.5000000000000009 1.0000000180025095e-35 2.5000000000000004 5 4.5000000000000009 6 3.2350000143051152 1.0000000180025095e-35 7 1.0539636015892031 8 2.5000000000000004 3.5000000000000004 9 10 1.5000000000000002 0.72387105226516735 11 3.5000000000000004 12 13 2.5000000000000004 1.0357472300529482 0.83184513449668895 4.5000000000000009 0.78840944170951854 14 1.0005917549133303 0.92027607560157787 7.9149999618530282 1.1293758153915407 15 1.0190356969833376 0.51785713434219371 10.340000152587892 3.4375000000000004 2.5000000000000004 8.9749999046325701 5.5000000000000009 16 17
decision_type=2 2 2 2 2 2 2 2 2 2 2 1 2 2 1 1 2 2 1 2 1 2 2 2 1 2 1 2 2 1 2 1 2 2 1 1 2 2 1 2 1 1 2 2 2 2 2 1 2 2 2 2 1 2 2 2 2 2 2 2 1 1
left_child=1 4 5 6 13 12 31 43 27 56 18 36 -2 40 59 16 28 52 -10 -14 21 22 -19 38 -18 -20 -27 -8 -9 45 37 -3 41 34 -34 -23 -6 -13 57 -31 -1 -17 -11 -5 -38 51 -42 -21 55 -29 -25 -12 -7 -39 -33 -41 -4 -22 -35 61 -61 -15
right_child=2 3 9 7 11 17 8 15 10 42 29 30 19 14 -16 32 24 20 25 47 23 35 -24 50 -26 26 -28 49 -30 39 -32 54 33 58 -36 -37 44 53 -40 48 46 -43 -44 -45 -46 -47 -48 -49 -50 -51 -52 -53 -54 -55 -56 -57 -58 -59 -60 60 -62 -63
leaf_value=0 0 0 0 0 0 0.022208737059926736 0 0 0 0.0054080654753614395 0 0 0 0 0 0 0 0 0 0 0 0 0 0 0 0 0 0 0 0 0 0 0 0 0 0 0 0 0 0 0 0 0.0075136571825521192 0 0 0 0 0 0 0 0 0 0 0 0 0 0 0 0 0 0 0
leaf_weight=833 2548 2838 17701 4330 1745 3136 3131 2607 6966 33545 3324 111 14033 1389 5395 3295 790 3212 10257 1421 1511 1860 16225 5974 4544 2117 1988 13232 10385 13145 1532 1926 6931 9438 6093 1421 684 7346 6946 10427 548 20376 25662 2358 9190 2292 13926 13739 2685 10333 769 2268 1543 1584 789 222 23456 1985 741 699 1308 2612
leaf_count=833 2548 2838 17701 4330 1745 3136 3131 2607 6966 33545 3324 111 14033 1389 5395 3295 790 3212 10257 1421 1511 1860 16225 5974 4544 2117 1988 13232 10385 13145 1532 1926 6931 9438 6093 1421 684 7346 6946 10427 548 20376 25662 2358 9190 2292 13926 13739 2685 10333 769 2268 1543 1584 789 222 23456 1985 741 699 1308 2612
internal_value=-0.00685037 -0.0113288 -0.00155976 -0.00979357 -0.0163464 -0.00373008 -0.0112505 -0.0080113 -0.011478 9.069e-05 -0.0109035 -0.0143143 -0.00516893 -0.0180348 -0.019181 -0.00831672 -0.00928076 -0.00270567 -0.00988728 -0.00545853 -0.0029394 -0.00237355 -0.00204399 -0.00368392 -0.0110551 -0.0091862 -0.0107028 -0.0126765 -0.00855942 -0.0115342 -0.0129766 -0.0078752 -0.00793614 -0.0084399 -0.00926582 -0.00433313 -0.0155072 -0.0125392 -0.00295863 -0.0118941 -0.017181 -0.00744569 0.000600791 -0.00503379 -0.0159315 -0.0102974 -0.017406 -0.00470976 -0.0112755 -0.0124233 -0.00481255 -0.00961266 -0.000712332 -0.0126618 -0.00625872 -0.0108717 -0.000643123 -0.00438448 -0.00738314 -0.0207936 -0.019272 -0.0216088
internal_weight=385417 208730 176687 159828 48902 76323 87940 71888 82387 100364 55691 22192 31741 26710 11403 65200 18326 44582 21328 29193 39903 22718 19437 17185 5334 14362 4105 26696 12992 34363 10573 5553 46874 23203 13024 3281 11619 9041 10442 26479 15307 23671 59207 6688 9874 7884 14474 15160 13334 23565 6743 5592 4679 8930 2715 10649 41157 3496 10179 6008 2007 4001
internal_count=385417 208730 176687 159828 48902 76323 87940 71888 82387 100364 55691 22192 31741 26710 11403 65200 18326 44582 21328 29193 39903 22718 19437 17185 5334 14362 4105 26696 12992 34363 10573 5553 46874 23203 13024 3281 11619 9041 10442 26479 15307 23671 59207 6688 9874 7884 14474 15160 13334 23565 6743 5592 4679 8930 2715 10649 41157 3496 10179 6008 2007 4001
cat_boundaries=0 1 2 3 4 5 6 7 8 9 10 11 12 13 14 15 16 17 18
cat_threshold=32801 131073 491553 393264 550978 1 98305 202760 131253 6296 8256 36992 295440 4360 1025 549258 1 1
is_linear=0
shrinkage=0.03


Tree=57
num_leaves=63
num_cat=7
split_feature=6 6 6 6 6 6 6 12 13 23 26 6 12 25 23 18 6 13 12 13 18 13 6 12 23 13 12 18 13 12 12 27 13 18 18 13 18 18 23 25 23 10 18 27 23 18 25 12 13 23 18 10 13 13 18 18 23 13 25 18 23 18
split_gain=9977.97 1686.51 757.945 300.084 288.423 133.577 67.2241 65.763 48.1123 27.2892 26.9987 26.3023 26.0598 24.5823 22.294 21.5782 20.9659 20.6582 19.7926 17.8651 22.093 17.1281 16.5081 15.9237 15.5825 14.2065 13.9571 13.4049 12.3354 11.0995 10.6297 10.1485 9.25829 9.10114 8.66784 8.58568 8.38308 8.13391 8.07952 8.04748 7.77158 7.68517 7.64179 7.56166 7.46526 7.43351 7.16379 7.11776 7.10481 7.06923 7.05884 6.82121 6.7494 12.4514 9.14626 6.57839 6.44006 6.43872 6.39688 7.65689 6.41849 6.3625
threshold=1.6250000000000002 0.73214286565780651 2.7678571939468388 1.053571403026581 0.44642856717109686 2.0178571939468388 3.553571462631226 1.3750000000000002 3.2350000143051152 1.0000000180025095e-35 0 0.5892857313156129 1.3750000000000002 1 1.0000000180025095e-35 5.5000000000000009 4.8750000000000009 9.3499999046325701 2.6250000000000004 3.1750000715255742 5.5000000000000009 10.444999694824221 0.30357143282890325 2.8750000000000004 2.5000000000000004 4.6250000000000009 0.62500000000000011 5.5000000000000009 7.9149999618530282 2.1250000000000004 2.3750000000000004 2 5.1349999904632577 10.500000000000002 6.5000000000000009 3.0449999570846562 7.5000000000000009 11.500000000000002 2.5000000000000004 3 1.0000000180025095e-35 2.8413627147674565 4.5000000000000009 4 1.5000000000000002 3.5000000000000004 5 2.8750000000000004 11.670000076293947 1.0000000180025095e-35 8.5000000000000018 1.5921923518180849 10.619999885559084 10.204999923706056 9.5000000000000018 4.5000000000000009 1.5000000000000002 10.340000152587892 6 1.5000000000000002 2.5000000000000004 4.5000000000000009
decision_type=2 2 2 2 2 2 2 2 2 2 1 2 2 1 2 2 2 2 2 2 2 2 2 2 2 2 2 2 2 2 2 1 2 2 2 2 2 2 2 1 2 2 2 1 2 2 1 2 2 2 2 2 2 2 2 2 2 2 1 2 2 2
left_child=1 4 5 9 14 25 -4 10 27 12 13 17 19 56 21 35 47 38 24 -3 48 22 36 41 -9 29 55 -6 30 -2 31 -27 -17 -22 -28 -15 -1 40 -10 -16 52 -7 -30 -11 -34 -14 -23 -8 -21 -33 -44 -20 53 -13 -54 -12 -5 -39 59 -37 -61 -49
right_child=2 3 6 7 8 23 16 18 11 43 26 37 45 15 39 32 -18 -19 51 20 33 46 -24 -25 -26 28 34 -29 42 -31 -32 49 44 -35 -36 58 -38 57 -40 -41 -42 -43 50 -45 -46 -47 -48 61 -50 -51 -52 -53 54 -55 -56 -57 -58 -59 -60 60 -62 -63
leaf_value=0 0 0 0 0 0 0 -0.0023076894591715562 0 0 0 0 0 0 0 0 0 0.0052458235111005969 0 0 0 0 0 0 0 0 0 0 0 0 0 0 0 0 0 0 0 0 0 0 0 0 0 0 0 0 0 0 0.0097757415154471096 0 0 0 0 0 0 0 0 9.6413866661643001e-06 0 0 0 8.7994332494979857e-06 -0.0010206262188489381
leaf_weight=1081 2887 2173 32867 4781 3598 27521 10509 27903 6382 623 2322 12803 1801 114 504 1599 34094 7271 2404 11429 23588 110 11429 12129 538 601 8894 5471 3465 1298 3253 9458 7116 9491 8490 695 4688 1852 110 202 447 1004 4815 1012 139 8925 7143 8633 576 233 2833 1957 1050 1414 743 5822 137 551 1428 4766 108 23566
leaf_count=1081 2887 2173 32867 4781 3598 27521 10509 27903 6382 623 2322 12803 1801 114 504 1599 34094 7271 2404 11429 23588 110 11429 12129 538 601 8894 5471 3465 1298 3253 9458 7116 9491 8490 695 4688 1852 110 202 447 1004 4815 1012 139 8925 7143 8633 576 233 2833 1957 1050 1414 743 5822 137 551 1428 4766 108 23566
internal_value=-0.00684799 -0.0113565 -0.00167231 -0.00947142 -0.0152713 -0.00412347 -0.000119022 -0.00826141 -0.0137406 -0.0110791 -0.00898811 -0.0132033 -0.0111869 -0.00815828 -0.0178081 -0.00874272 0.000366866 -0.0142005 -0.00723322 -0.0114899 -0.0113619 -0.0179599 -0.0174442 -0.00301564 -0.00752178 -0.00568495 -0.00965996 -0.0156735 -0.00541066 -0.00730107 -0.00480288 -0.00527536 -0.00973662 -0.0117619 -0.00918362 -0.00751751 -0.0187525 -0.0124756 -0.0129704 -0.0125524 -0.0127137 -0.0034028 -0.00615144 -0.00725688 -0.00928119 -0.00985195 -0.0191825 -7.60044e-05 -0.0102595 -0.00550996 -0.00668096 -0.0053513 -0.0128226 -0.0130414 -0.0110881 -0.0106886 -0.00624716 -0.0108452 -0.00738445 -0.00686198 -0.00645425 0.000145253
internal_weight=384846 205680 179166 138831 66849 69497 109669 79213 41692 59618 46411 32623 57983 20883 25157 15965 76802 13763 32802 47257 45084 24451 17198 40654 28441 28843 25528 9069 24658 4185 13545 10292 8854 33079 17384 7111 5769 18860 6492 706 16457 28525 11113 1635 7255 10726 7253 42708 12005 9691 7648 4361 16010 14217 1793 8144 4918 2403 6997 5569 4874 32199
internal_count=384846 205680 179166 138831 66849 69497 109669 79213 41692 59618 46411 32623 57983 20883 25157 15965 76802 13763 32802 47257 45084 24451 17198 40654 28441 28843 25528 9069 24658 4185 13545 10292 8854 33079 17384 7111 5769 18860 6492 706 16457 28525 11113 1635 7255 10726 7253 42708 12005 9691 7648 4361 16010 14217 1793 8144 4918 2403 6997 5569 4874 32199
cat_boundaries=0 1 2 3 4 5 6 7
cat_threshold=6 1 4 12 4 2 12
is_linear=0
shrinkage=0.03


Tree=58
num_leaves=63
num_cat=16
split_feature=7 7 7 7 7 24 24 7 18 23 18 10 18 18 13 17 18 23 7 13 17 24 10 24 14 24 10 17 24 24 17 23 7 18 17 17 24 24 17 24 18 23 24 10 24 17 18 10 7 13 14 24 17 13 17 24 10 17 24 24 17 14
split_gain=10142 1953.79 540.081 388.368 306.422 70.9551 59.0784 42.7828 41.3864 34.6519 33.8015 28.5367 28.0283 24.8758 23.6714 30.2577 20.8168 20.574 19.6408 19.2953 19.2142 17.7361 17.3442 16.8974 16.5764 15.8765 15.5575 14.9624 36.2664 25.0509 18.174 14.7283 13.3955 12.7728 12.1158 11.405 13.1749 11.3723 11.969 11.3987 11.0145 10.8095 12.051 10.4217 12.3517 16.9738 11.0451 10.207 10.1342 9.87667 9.67621 9.45889 10.5481 9.42786 9.35295 18.072 9.07649 9.00537 37.7472 8.41964 15.0969 12.6072
threshold=1.741071403026581 0.81250000000000011 2.991071462631226 0.50892856717109691 1.151785731315613 0 1 3.5803570747375493 6.5000000000000009 2.5000000000000004 4.5000000000000009 1.2634480595588686 11.500000000000002 10.500000000000002 10.444999694824221 2.5000000000000004 5.5000000000000009 1.0000000180025095e-35 2.1696429252624516 2.4250000715255742 5.5000000000000009 2 0.77714383602142345 3 1.0468839406967165 4 2.0239320993423466 4.5000000000000009 5 6 1.0000000180025095e-35 1.5000000000000002 4.7767856121063241 10.500000000000002 1.0000000180025095e-35 2.5000000000000004 7 8 2.5000000000000004 9 6.5000000000000009 1.0000000180025095e-35 10 0.66957503557205211 11 3.5000000000000004 2.5000000000000004 1.1007876396179201 1.491071403026581 11.889999866485597 1.0797962546348574 12 3.5000000000000004 5.9949998855590829 3.5000000000000004 13 1.661961615085602 4.5000000000000009 14 15 3.5000000000000004 1.0308457016944887
decision_type=2 2 2 2 2 1 1 2 2 2 2 2 2 2 2 2 2 2 2 2 2 1 2 1 2 1 2 2 1 1 2 2 2 2 2 2 1 1 2 1 2 2 1 2 1 2 2 2 2 2 2 1 2 2 2 1 2 2 1 1 2 2
left_child=1 3 5 14 8 18 16 -4 19 10 23 31 24 21 17 -16 -5 22 -2 -3 -17 57 40 56 41 -11 49 29 -29 30 -21 33 35 -10 -25 36 -9 38 39 -13 -1 43 -43 -8 45 -45 47 -46 59 54 -20 -15 -53 -14 -7 -56 -6 -12 -59 60 61 -23
right_child=2 4 7 6 9 26 12 32 11 25 13 37 53 51 15 20 -18 -19 50 27 -22 48 -24 34 -26 -27 -28 28 -30 -31 -32 -33 -34 -35 -36 -37 -38 -39 -40 -41 -42 42 -44 44 46 -47 -48 -49 -50 -51 -52 52 -54 -55 55 -57 -58 58 -60 -61 -62 -63
leaf_value=0 0 0 0 0 0 0 0 0.010387672879352959 0 0 0 0 0 0 0 0 0 0 0 0 0 0 0 0 0 0 0 0 0 0 0 0 0.005309132922416175 0 0 0.0087925986506034396 -0.0046684511399793438 0 0 0 0 0 0 0 0 0 0 0 0 0 0 0 0 0 0 0 0 0 0 0 0 0
leaf_weight=3687 8699 583 22909 6231 6387 6712 1577 6824 19814 607 10756 642 1569 2069 3472 3470 10717 577 34638 805 1141 824 4226 1674 4279 873 11550 3873 2973 13431 3259 764 36276 8404 10167 23393 10730 7838 2133 950 12265 299 293 2554 805 1933 13114 385 10982 196 1015 4443 3451 2136 2725 2308 3052 1305 2930 16752 799 229
leaf_count=3687 8699 583 22909 6231 6387 6712 1577 6824 19814 607 10756 642 1569 2069 3472 3470 10717 577 34638 805 1141 824 4226 1674 4279 873 11550 3873 2973 13431 3259 764 36276 8404 10167 23393 10730 7838 2133 950 12265 299 293 2554 805 1933 13114 385 10982 196 1015 4443 3451 2136 2725 2308 3052 1305 2930 16752 799 229
internal_value=-0.0068493 -0.0111257 -0.00131207 -0.0150558 -0.00906859 -0.0033787 -0.0133414 8.81438e-05 -0.0105788 -0.00778952 -0.00787826 -0.0111702 -0.0124849 -0.00827393 -0.017784 -0.0191613 -0.0147881 -0.0172477 -0.00267039 -0.00961675 -0.0207541 -0.00857682 -0.0174074 -0.00686419 -0.0128469 -0.00324324 -0.00471286 -0.00948757 -0.0106766 -0.00902229 -0.0111458 -0.0116729 0.000425897 -0.0117842 -0.00608025 5.39967e-05 -0.000523983 -0.00991014 -0.00840562 -0.0064598 -0.0178601 -0.0124995 -0.00850338 -0.0126157 -0.0124191 -0.0108559 -0.0128928 -0.0101345 -0.00812785 -0.00547416 -0.00235916 -0.0069187 -0.00640536 -0.0100526 -0.00536271 -0.00634035 -0.00783289 -0.00945117 -0.0106293 -0.00855719 -0.00645757 -0.00885185
internal_weight=385474 217499 167975 74730 142769 67843 45892 100132 65469 77300 75820 40545 28944 54540 28838 8083 16948 20755 44352 24924 4611 44577 20178 21280 25239 1480 23491 24341 6846 17495 4064 28982 77223 28218 11841 40947 17554 11563 3725 1592 15952 20960 592 20368 18791 4487 14304 1190 29586 11941 35653 9963 7894 3705 11745 5033 9439 14991 4235 18604 1852 1053
internal_count=385474 217499 167975 74730 142769 67843 45892 100132 65469 77300 75820 40545 28944 54540 28838 8083 16948 20755 44352 24924 4611 44577 20178 21280 25239 1480 23491 24341 6846 17495 4064 28982 77223 28218 11841 40947 17554 11563 3725 1592 15952 20960 592 20368 18791 4487 14304 1190 29586 11941 35653 9963 7894 3705 11745 5033 9439 14991 4235 18604 1852 1053
cat_boundaries=0 1 2 3 4 5 6 7 8 9 10 11 12 13 14 15 16
cat_threshold=551242 32801 491557 330769 361477 491521 131092 4170 202761 67584 132116 197376 393233 70660 131108 4096
is_linear=0
shrinkage=0.03


Tree=59
num_leaves=63
num_cat=4
split_feature=6 6 6 6 6 6 6 15 12 15 13 15 15 12 6 13 6 15 19 6 13 12 12 6 27 14 13 15 20 19 12 13 19 13 20 10 14 27 12 15 19 14 26 13 14 19 10 15 15 20 15 13 27 12 14 19 13 10 11 13 13 12
split_gain=9866.06 1635.13 822.727 285.23 274.393 128.274 95.3669 75.6134 62.039 55.0673 52.1362 37.6042 33.455 24.5803 24.167 21.5261 19.6732 19.5577 19.3091 19.2958 20.1273 17.3887 15.2661 14.828 14.7373 14.0924 13.4689 13.3101 13.2625 13.0649 13.0329 15.5455 11.9645 10.8828 10.0522 9.32569 9.31673 9.24952 9.19433 9.14715 8.76433 8.55976 8.46176 8.42132 8.15501 7.93697 7.7338 7.37538 7.35006 7.14001 7.10222 7.0055 7.71536 7.00273 6.83795 6.80006 6.73275 6.66042 6.57582 6.56277 12.4031 6.48005
threshold=1.5892856717109682 0.73214286565780651 2.6607142686843877 1.053571403026581 0.44642856717109686 2.0178571939468388 3.553571462631226 0.91289180517196666 0.62500000000000011 0.83881488442420971 3.2350000143051152 0.8933892846107484 0.84593328833580028 1.1250000000000002 1.2321428656578066 11.329999923706056 5.0892858505249032 0.83485752344131481 21.500000000000004 0.5892857313156129 9.0199999809265154 2.6250000000000004 2.8750000000000004 0.30357143282890325 0 1.0379781723022463 3.2849999666213994 0.9991869628429414 2.5000000000000004 42.500000000000007 1.8750000000000002 4.6250000000000009 47.500000000000007 11.460000038146974 1.5000000000000002 1.3662740588188174 1.0260725021362307 1 1.8750000000000002 0.7833717167377473 27.500000000000004 1.1127845644950869 2 7.9149999618530282 1.0468839406967165 18.500000000000004 0.88207659125328075 0.9991869628429414 0.71422553062438976 2.5000000000000004 1.0289503335952761 7.9149999618530282 3 1.3750000000000002 1.0206353068351748 26.500000000000004 4.0899999141693124 1.1755914092063906 0.41071428358554846 10.619999885559084 10.275000095367433 0.37500000000000006
decision_type=2 2 2 2 2 2 2 2 2 2 2 2 2 2 2 2 2 2 2 2 2 2 2 2 1 2 2 2 2 2 2 2 2 2 2 2 2 1 2 2 2 2 1 2 2 2 2 2 2 2 2 2 1 2 2 2 2 2 2 2 2 2
left_child=1 4 5 9 15 11 27 38 37 36 18 -2 25 26 49 23 -8 -7 -6 20 50 24 -19 40 35 -12 -11 -4 42 55 31 -13 44 34 -15 -16 -3 -9 48 -20 -1 47 -28 -32 59 -39 -36 -31 -5 -10 -14 52 -33 -51 -26 -30 -48 -57 -38 60 -21 -34
right_child=2 3 6 7 10 17 16 8 14 13 12 30 19 33 21 -17 -18 22 39 32 -22 -23 -24 -25 54 -27 28 -29 29 41 43 51 61 -35 46 -37 58 45 -40 -41 -42 -43 -44 -45 -46 -47 56 -49 -50 53 -52 -53 -54 -55 -56 57 -58 -59 -60 -61 -62 -63
leaf_value=0 0 0 0.014906910928464693 0 0 0 -0.00015967583440849045 0 0 0 0 0 0 0 0 0 0.0049291748180950931 0 0 0 0 0 0 0 0 0 0 0 0 0 0 0 0 0 0 0 0 0 0 0 0 0 0 0 0 0 0 0 0 0 0 0 0 0 0 0 0 0 0 0 0 0
leaf_weight=968 2796 2229 3896 537 3558 2534 47843 2181 8866 1867 1697 2695 4836 2305 2983 7295 28974 23595 233 10326 6772 2897 9336 11853 14395 635 2250 34384 258 301 7304 404 698 2121 874 4781 282 3044 1607 5337 5035 118 10126 4767 2797 6803 1965 8785 5521 6362 1204 6568 7764 4629 11212 11070 9761 4065 1122 1201 673 1862
leaf_count=968 2796 2229 3896 537 3558 2534 47843 2181 8866 1867 1697 2695 4836 2305 2983 7295 28974 23595 233 10326 6772 2897 9336 11853 14395 635 2250 34384 258 301 7304 404 698 2121 874 4781 282 3044 1607 5337 5035 118 10126 4767 2797 6803 1965 8785 5521 6362 1204 6568 7764 4629 11212 11070 9761 4065 1122 1201 673 1862
internal_value=-0.00683568 -0.0114007 -0.00178546 -0.00950309 -0.0152342 -0.00440802 -0.00024144 -0.00828294 -0.00860066 -0.0110579 -0.0137453 -0.00577578 -0.0131857 -0.0112906 -0.00818165 -0.0177105 0.000368161 -0.00316241 -0.01575 -0.0134516 -0.0143369 -0.00772102 -0.00335784 -0.0171495 -0.00791457 -0.00972298 -0.0117073 -0.00146473 -0.0115817 -0.0119848 -0.00609091 -0.00661563 -0.0128057 -0.0103402 -0.0106263 -0.00905951 -0.00747894 -0.0105559 -0.00545793 -0.0168528 -0.0183643 -0.0110906 -0.0107807 -0.0053332 -0.0131292 -0.0109474 -0.0109595 -0.0109864 -0.00599307 -0.00902296 -0.0130778 -0.00623249 -0.00564594 -0.00953389 -0.00756742 -0.0125194 -0.0107566 -0.0124371 -0.00939316 -0.0127943 -0.0130242 -0.0109102
internal_weight=385157 202297 182860 135317 66980 67763 115097 75818 68153 59499 41829 32298 32701 55866 56125 25151 76817 35465 9128 30369 12812 36268 32931 17856 33371 2332 38840 38280 36973 24597 29502 17431 17557 17026 14905 7764 3633 12028 7665 5570 6003 9204 12376 12071 14997 9847 12600 9086 6058 19857 6040 14736 8168 10991 25607 15393 11726 15135 1404 12200 10999 2560
internal_count=385157 202297 182860 135317 66980 67763 115097 75818 68153 59499 41829 32298 32701 55866 56125 25151 76817 35465 9128 30369 12812 36268 32931 17856 33371 2332 38840 38280 36973 24597 29502 17431 17557 17026 14905 7764 3633 12028 7665 5570 6003 9204 12376 12071 14997 9847 12600 9086 6058 19857 6040 14736 8168 10991 25607 15393 11726 15135 1404 12200 10999 2560
cat_boundaries=0 1 2 3 4
cat_threshold=4 2 2 4
is_linear=0
shrinkage=0.03


Tree=60
num_leaves=63
num_cat=5
split_feature=7 7 7 7 7 7 12 13 12 7 18 12 18 22 25 18 17 18 13 6 12 13 13 22 12 22 10 13 13 18 18 17 12 14 26 13 7 22 17 18 26 17 13 17 10 26 25 17 12 17 18 22 14 17 14 13 17 13 18 14 17 7
split_gain=10150.6 1953.79 507.723 397.061 319.006 72.2777 64.8683 44.1815 42.9863 41.032 36.1802 30.6292 28.282 26.7051 24.4095 29.2649 24.2115 23.3442 23.1724 22.1726 18.9439 18.7089 26.6263 17.4354 17.1485 15.9656 14.6106 13.5986 11.9727 11.9498 11.8626 11.8471 11.3747 11.0112 10.6421 10.6003 10.5667 10.1427 14.8989 9.93922 9.91758 9.8871 9.78557 9.27582 9.25859 9.19166 9.15514 9.24535 8.98795 8.58014 8.55286 8.53202 8.51499 10.2566 9.71503 8.47928 11.146 8.39791 9.93661 8.36692 8.33071 8.95499
threshold=1.7589285969734194 0.81250000000000011 3.0267857313156132 0.50892856717109691 1.151785731315613 2.3839285373687749 0.62500000000000011 2.4250000715255742 1.6250000000000002 3.616071462631226 6.5000000000000009 2.6250000000000004 11.500000000000002 1.0000000180025095e-35 0 5.5000000000000009 3.5000000000000004 2.5000000000000004 9.7699999809265154 0.48214285075664526 2.3750000000000004 11.230000019073488 10.204999923706056 1.0000000180025095e-35 4.3750000000000009 1.0000000180025095e-35 1.2087581753730776 2.4250000715255742 10.045000076293947 5.5000000000000009 2.5000000000000004 5.5000000000000009 0.37500000000000006 1.0745506882667544 1 10.444999694824221 0.41964286565780645 1.0000000180025095e-35 2.5000000000000004 10.500000000000002 2 4.5000000000000009 6.9949998855590829 4.5000000000000009 2.0683473348617558 3 4 1.0000000180025095e-35 0.87500000000000011 5.5000000000000009 10.500000000000002 1.0000000180025095e-35 1.0333452224731448 4.5000000000000009 0.99999997019767772 9.9049997329711932 2.5000000000000004 4.4949998855590829 1.5000000000000002 1.0134074687957766 4.5000000000000009 1.401785731315613
decision_type=2 2 2 2 2 2 2 2 2 2 2 2 2 2 1 2 2 2 2 2 2 2 2 2 2 2 2 2 2 2 2 2 2 2 1 2 2 2 2 2 1 2 2 2 2 1 1 2 2 2 2 2 2 2 2 2 2 2 2 2 2 2
left_child=1 3 5 13 8 20 59 29 10 -4 27 14 17 16 30 34 19 -9 36 -1 -2 22 32 26 -11 40 39 -3 55 -5 -8 35 -19 43 42 -20 -18 49 -39 -12 -17 48 -16 46 -35 -32 47 -7 57 -34 60 -10 54 -54 -42 -14 -57 58 -29 -6 -47 -62
right_child=2 4 9 7 6 33 11 12 51 24 23 -13 28 -15 15 25 18 21 31 -21 -22 -23 -24 -25 -26 -27 -28 41 -30 -31 45 -33 37 44 -36 -37 -38 38 -40 -41 52 -43 -44 -45 -46 50 -48 -49 -50 -51 -52 -53 53 -55 -56 56 -58 -59 -60 -61 61 -63
leaf_value=0 0 0 0 0 0 0 0 0 0 -0.0006130665178189791 0 0 0 0 0 0 0 0 0 0 0 0 0 0 0.0049194952889145558 0 0 0 0 0 0 0 0 0 0 0 0 0 0 0 0 0 0 0 0 0 0 0 0 0 0 -6.8309980952290764e-05 0 0 0 0 0 0 0 0 0 0
leaf_weight=13178 22124 517 22753 4020 5239 2652 2102 2488 8817 36406 16435 5944 2461 795 117 14436 3493 7617 1734 2847 10621 2608 3050 957 39831 440 11376 223 1432 4561 8204 1867 14580 317 14464 2301 2603 253 187 6344 1523 5978 3248 9680 1236 4919 10979 10524 6545 2244 1726 213 2725 1059 3450 169 260 5632 2052 6901 930 958
leaf_count=13178 22124 517 22753 4020 5239 2652 2102 2488 8817 36406 16435 5944 2461 795 117 14436 3493 7617 1734 2847 10621 2608 3050 957 39831 440 11376 223 1432 4561 8204 1867 14580 317 14464 2301 2603 253 187 6344 1523 5978 3248 9680 1236 4919 10979 10524 6545 2244 1726 213 2725 1059 3450 169 260 5632 2052 6901 930 958
internal_value=-0.00686412 -0.0111251 -0.00130031 -0.0150579 -0.00907619 -0.00329343 -0.00778714 -0.0133259 -0.0106286 7.15225e-05 -0.010938 -0.00741769 -0.0128799 -0.0178182 -0.00762022 -0.00803516 -0.0179721 -0.0131786 -0.0189912 -0.017209 -0.00430921 -0.0134062 -0.0136331 -0.0115267 0.000405197 -0.00872936 -0.0116386 -0.00995126 -0.0105979 -0.0152671 -0.00669919 -0.0203311 -0.0133088 -0.00235351 -0.00711947 -0.0212454 -0.0176939 -0.0128828 -0.00838636 -0.012077 -0.00883676 -0.00982966 -0.00870667 -0.00224014 -0.00482357 -0.00696953 -0.00192569 -0.00138875 -0.0094052 -0.0130004 -0.00768945 -0.00870764 -0.00969191 -0.00863055 -0.010519 -0.0117093 -0.0156014 -0.0100859 -0.0116242 -0.00980313 -0.00817673 -0.00987076
internal_weight=385345 218222 167123 74748 143474 68133 78385 45930 65089 98990 56059 66245 37349 28818 60301 41462 28023 33027 11998 16025 32745 30539 27931 35112 76237 23633 34155 20947 4322 8581 18839 5902 24881 35388 17829 4035 6096 17264 440 22779 23193 20430 3365 33835 1553 16737 24155 13176 14452 16824 8533 9030 8757 3784 4973 2890 429 7907 2275 12140 6807 1888
internal_count=385345 218222 167123 74748 143474 68133 78385 45930 65089 98990 56059 66245 37349 28818 60301 41462 28023 33027 11998 16025 32745 30539 27931 35112 76237 23633 34155 20947 4322 8581 18839 5902 24881 35388 17829 4035 6096 17264 440 22779 23193 20430 3365 33835 1553 16737 24155 13176 14452 16824 8533 9030 8757 3784 4973 2890 429 7907 2275 12140 6807 1888
cat_boundaries=0 1 2 3 4 5
cat_threshold=1 8 5 6 6
is_linear=0
shrinkage=0.03


Tree=61
num_leaves=63
num_cat=18
split_feature=7 7 7 7 7 7 24 7 19 19 22 19 22 22 24 13 17 19 24 24 17 10 24 19 17 19 24 24 19 17 24 7 24 19 24 17 19 24 19 24 24 17 10 17 19 17 24 10 17 17 17 24 19 19 24 17 17 24 24 17 17 19
split_gain=10140.1 1874.48 595.28 387.18 279.824 97.7736 58.9078 43.8955 39.7636 30.5465 29.1789 31.4762 28.9547 27.1933 25.6177 25.1949 29.0106 24.8584 22.3829 22.2978 42.4787 21.145 20.652 20.4176 19.3355 17.3816 15.9641 15.5704 15.4903 15.4776 31.1808 15.1717 15.1207 15.0927 14.3996 18.7293 14.2122 14.0312 12.8297 14.4537 12.0601 12.4399 11.4008 11.0492 13.2235 10.9549 10.945 10.607 10.3214 10.1812 10.0762 24.7588 15.6623 9.96249 9.95674 9.83479 9.71843 29.3605 17.8758 16.3741 10.5633 10.3332
threshold=1.6875000000000002 0.81250000000000011 2.991071462631226 0.50892856717109691 1.1339285969734194 2.1696429252624516 0 4.1517856121063241 25.500000000000004 47.500000000000007 1.0000000180025095e-35 17.500000000000004 1.0000000180025095e-35 1.0000000180025095e-35 1 10.444999694824221 2.5000000000000004 37.500000000000007 2 3 4.5000000000000009 0.90209394693374645 4 15.500000000000002 5.5000000000000009 28.500000000000004 5 6 42.500000000000007 4.5000000000000009 7 1.366071403026581 8 25.500000000000004 9 2.5000000000000004 25.500000000000004 10 6.5000000000000009 11 12 2.5000000000000004 1.0735065937042239 3.5000000000000004 12.500000000000002 1.0000000180025095e-35 13 1.3484210371971133 3.5000000000000004 2.5000000000000004 1.5000000000000002 14 25.500000000000004 41.500000000000007 15 3.5000000000000004 4.5000000000000009 16 17 1.0000000180025095e-35 3.5000000000000004 14.500000000000002
decision_type=2 2 2 2 2 2 1 2 2 2 2 2 2 2 1 2 2 2 1 1 2 2 1 2 2 2 1 1 2 2 1 2 1 2 1 2 2 1 2 1 1 2 2 2 2 2 1 2 2 2 2 1 2 2 1 2 2 1 1 2 2 2
left_child=1 3 5 12 8 37 23 -4 32 38 11 18 15 22 -7 21 -17 19 45 29 50 27 25 -5 -18 -10 -12 -1 -24 40 -31 -19 -3 -29 35 -33 -9 43 42 -40 49 -42 -8 44 -2 -6 -22 -47 -36 -13 -21 52 -52 -35 -39 -23 58 -58 59 -34 -61 -62
right_child=2 4 7 6 10 14 9 36 13 -11 26 17 -14 -15 -16 16 24 31 -20 20 46 55 28 -25 -26 -27 -28 33 -30 30 -32 34 56 53 48 -37 -38 54 39 -41 41 -43 -44 -45 -46 47 -48 -49 -50 -51 51 -53 -54 -55 -56 -57 57 -59 -60 60 61 -63
leaf_value=0 0 0 0 0 0 0 0 0.0047953373134581164 0 0 0 0 0 0 0 0 0 0 0 0 0 0 0 0 0 0 0 0 0 0 0 0 0 0 0 0 0.0066761386708597626 0 0 0 0 0 0 0 0 0 0 0 0 0 0 0 0 0 0 0 0 0 0 0 0 0
leaf_weight=1797 515 2182 41221 3653 1621 9041 765 32372 602 4257 501 4044 784 1195 35645 3355 3432 8793 9351 3906 222 763 18755 13366 1063 8305 1555 4113 10513 2788 3498 831 516 6078 3934 1110 26722 784 13471 9801 5577 3838 410 2948 3418 3303 3508 6784 3018 2752 2205 1495 2314 6946 19164 529 3148 2693 12250 1494 304 192
leaf_count=1797 515 2182 41221 3653 1621 9041 765 32372 602 4257 501 4044 784 1195 35645 3355 3432 8793 9351 3906 222 763 18755 13366 1063 8305 1555 4113 10513 2788 3498 831 516 6078 3934 1110 26722 784 13471 9801 5577 3838 410 2948 3418 3303 3508 6784 3018 2752 2205 1495 2314 6946 19164 529 3148 2693 12250 1494 304 192
internal_value=-0.006842 -0.0112051 -0.00141628 -0.0150423 -0.00914757 -0.00350759 -0.013325 7.46151e-05 -0.0106448 -0.0124628 -0.0079383 -0.00803509 -0.017763 -0.011222 -0.00264808 -0.0179218 -0.0193643 -0.00841976 -0.00705176 -0.00887069 -0.00985871 -0.0173619 -0.0113615 -0.0147632 -0.0209399 -0.0100066 -0.00441245 -0.0176153 -0.0117664 -0.00826316 -0.00700318 -0.00749813 -0.00964717 -0.0179319 -0.00662442 -0.0089631 0.000598741 -0.00493917 -0.0128756 -0.01303 -0.00875683 -0.00800371 -0.00981702 -0.00612495 -0.00509306 -0.00615003 -0.0125952 -0.00652315 -0.00595001 -0.00977402 -0.00883972 -0.00806917 -0.00690285 -0.0184427 -0.0045248 -0.0136486 -0.00937007 -0.0104104 -0.00896462 -0.011368 -0.0126482 -0.00885484
internal_weight=385510 213680 171830 74583 139097 71515 45723 100315 62149 28704 76948 74892 28860 39370 44686 28076 7850 53833 21059 36147 13650 20226 38175 17019 4495 8907 2056 18934 29268 22497 6286 17686 22779 17137 8893 1941 59094 26829 24447 23272 16211 9415 1175 6881 3933 11708 3730 10087 6952 6796 9920 6014 4519 13024 19948 1292 20597 5841 14756 2506 1990 496
internal_count=385510 213680 171830 74583 139097 71515 45723 100315 62149 28704 76948 74892 28860 39370 44686 28076 7850 53833 21059 36147 13650 20226 38175 17019 4495 8907 2056 18934 29268 22497 6286 17686 22779 17137 8893 1941 59094 26829 24447 23272 16211 9415 1175 6881 3933 11708 3730 10087 6952 6796 9920 6014 4519 13024 19948 1292 20597 5841 14756 2506 1990 496
cat_boundaries=0 1 2 3 4 5 6 7 8 9 10 11 12 13 14 15 16 17 18
cat_threshold=32801 104064 168844 7580 202760 425989 295440 3200 131104 395281 132245 262276 276 131104 328193 524288 360449 20
is_linear=0
shrinkage=0.03


Tree=62
num_leaves=63
num_cat=3
split_feature=6 6 6 6 6 6 6 15 15 12 15 15 22 12 6 22 23 6 27 6 18 23 15 6 12 12 18 15 22 14 12 12 23 14 18 15 18 21 6 15 27 12 21 10 27 18 14 18 18 21 12 6 21 21 18 14 10 18 18 18 10 15
split_gain=9876.2 1686.07 845.772 292.201 274.171 141.2 91.7232 74.3881 55.3116 43.8727 36.7903 33.7641 33.4747 31.7511 30.47 25.4012 23.2649 22.8008 20.8616 19.7033 18.568 17.699 17.1401 16.9702 16.5377 13.6567 13.3304 13.2861 13.1537 12.1666 11.8178 10.5168 9.79597 9.73633 9.68557 9.19081 9.17653 8.89416 8.64259 8.35196 8.19594 8.1613 7.70411 7.634 7.57607 7.41121 7.24629 8.37352 7.12897 7.0898 6.62975 6.60396 7.15969 7.55573 6.59428 6.44991 6.30226 6.03997 6.0274 5.99301 5.97502 5.84403
threshold=1.5892856717109682 0.73214286565780651 2.6607142686843877 0.44642856717109686 1.0892856717109682 2.0178571939468388 3.553571462631226 0.91289180517196666 0.79698431491851818 1.3750000000000002 0.8609888255596162 0.82468372583389293 1.0000000180025095e-35 0.87500000000000011 0.5892857313156129 1.0000000180025095e-35 2.5000000000000004 0.94642856717109691 0 4.8750000000000009 4.5000000000000009 1.5000000000000002 0.79504477977752697 0.33928571641445165 2.8750000000000004 0.37500000000000006 11.500000000000002 0.9991869628429414 1.0000000180025095e-35 1.0308457016944887 2.3750000000000004 2.8750000000000004 2.5000000000000004 1.0489629507064822 5.5000000000000009 0.87583890557289135 6.5000000000000009 20.500000000000004 1.8392856717109682 0.72387105226516735 1 1.0000000180025095e-35 24.500000000000004 1.5696011781692507 2 6.5000000000000009 1.0268924832344057 10.500000000000002 2.5000000000000004 2.5000000000000004 2.8750000000000004 0.48214285075664526 22.500000000000004 19.500000000000004 5.5000000000000009 1.0597890019416811 1.1755914092063906 9.5000000000000018 10.500000000000002 4.5000000000000009 1.2505096793174746 0.9991869628429414
decision_type=2 2 2 2 2 2 2 2 2 2 2 2 2 2 2 2 2 2 1 2 2 2 2 2 2 2 2 2 2 2 2 2 2 2 2 2 2 2 2 2 1 2 2 2 1 2 2 2 2 2 2 2 2 2 2 2 2 2 2 2 2 2
left_child=1 3 5 15 8 10 27 39 46 16 -2 33 13 34 32 23 18 -15 29 50 60 31 -7 35 48 42 -16 -4 30 -9 38 -11 40 51 -10 -1 -19 41 55 -6 45 49 -22 -33 -14 -13 -3 -48 -24 -36 -8 -5 53 -53 -41 -12 58 -47 -43 -52 -20 -61
right_child=2 4 6 11 7 22 19 9 12 21 28 14 44 17 26 -17 -18 36 20 -21 25 -23 24 -25 -26 -27 -28 -29 -30 -31 -32 43 -34 -35 37 -37 -38 -39 -40 54 -42 56 -44 -45 -46 57 47 -49 -50 -51 59 52 -54 -55 -56 -57 -58 -59 -60 61 -62 -63
leaf_value=0 0 0 0.014904481708733855 0 0 0 -0.0021445449962120954 0 0 0 0 0 0 0 0 0 0 0 0 0.00448985459548106 0 0 0 0 0 0 0 0 0 0 0 0 0 0 0 0 0 0 0 0 0 0 0 0 0 0 0 0 0 0 0.0090115192049101712 0 0 0 0 0 0 0 0 0.01723427310527333 0 -0.0015411073408620681
leaf_weight=1168 2375 1836 3884 154 1137 1668 10501 5278 9434 23489 13504 4230 654 15814 18859 707 726 5296 2045 34126 2097 672 1749 11734 9593 17162 2400 34332 760 2383 6624 916 339 454 153 11760 8104 7635 7685 2485 6061 6542 552 1144 1043 3827 895 166 22470 1333 8606 1230 499 193 3371 1148 4465 3538 2710 2127 6001 21390
leaf_count=1168 2375 1836 3884 154 1137 1668 10501 5278 9434 23489 13504 4230 654 15814 18859 707 726 5296 2045 34126 2097 672 1749 11734 9593 17162 2400 34332 760 2383 6624 916 339 454 153 11760 8104 7635 7685 2485 6061 6542 552 1144 1043 3827 895 166 22470 1333 8606 1230 499 193 3371 1148 4465 3538 2710 2127 6001 21390
internal_value=-0.00685461 -0.0114131 -0.00179298 -0.0153003 -0.00948713 -0.00445649 -0.000227389 -0.00817107 -0.0108705 -0.00849956 -0.0058983 -0.0137583 -0.0110563 -0.011171 -0.0139748 -0.01784 -0.00917581 -0.0104545 -0.00928448 0.000370554 -0.00966576 -0.00756481 -0.0031522 -0.0180007 -0.00329865 -0.0101594 -0.0132058 -0.00142825 -0.00618542 -0.00789805 -0.00628766 -0.00769122 -0.0148833 -0.0103992 -0.0118197 -0.0187505 -0.00954403 -0.0121537 -0.00661767 -0.00523681 -0.0149803 -0.0125732 -0.0121642 -0.00563592 -0.00689982 -0.0154476 -0.00681705 -0.00879076 -0.00371621 -0.0146851 -5.95438e-05 -0.0095289 -0.00904995 -0.0101342 -0.00569365 -0.00704504 -0.0123445 -0.0160224 -0.0127912 0.000154375 -0.00845041 -9.35067e-05
internal_weight=385233 202691 182542 67153 135538 67576 114966 69458 66080 62465 32096 41784 63183 61486 39254 25369 36244 29214 35518 76750 27857 26221 35480 24662 33812 19811 21259 38216 29721 7661 28961 25549 17995 2530 32272 12928 13400 22838 22337 6993 17656 15203 2649 2060 1697 11595 2897 1061 24219 1486 42624 2076 1922 1423 5856 14652 13717 7365 9252 32123 8046 23517
internal_count=385233 202691 182542 67153 135538 67576 114966 69458 66080 62465 32096 41784 63183 61486 39254 25369 36244 29214 35518 76750 27857 26221 35480 24662 33812 19811 21259 38216 29721 7661 28961 25549 17995 2530 32272 12928 13400 22838 22337 6993 17656 15203 2649 2060 1697 11595 2897 1061 24219 1486 42624 2076 1922 1423 5856 14652 13717 7365 9252 32123 8046 23517
cat_boundaries=0 1 2 3
cat_threshold=2 1 4
is_linear=0
shrinkage=0.03


Tree=63
num_leaves=63
num_cat=16
split_feature=10 10 11 24 11 24 10 11 24 15 10 11 25 24 15 10 24 24 24 10 15 19 24 10 15 23 24 13 13 11 24 25 19 24 19 15 10 19 24 23 19 21 11 19 19 19 13 22 24 24 13 15 23 15 11 19 19 22 11 11 19 11
split_gain=9178.01 1566.31 853.299 340.627 332.662 213.578 142.415 85.0908 81.4267 73.3025 63.083 51.7799 46.2214 61.2275 42.3653 41.3118 35.2901 32.0993 31.4012 29.4909 25.5852 24.9913 25.6096 22.2766 21.3942 21.2359 20.7863 20.4308 20.3357 19.4983 18.3694 18.8855 17.8671 17.177 17.0033 16.7942 15.7705 15.6192 15.3628 15.2078 14.9262 15.6863 14.6332 14.4447 14.1044 12.3923 11.7323 11.6384 11.7638 11.5371 11.4699 11.2371 11.1719 10.7911 10.7645 10.7335 17.3474 10.6595 10.5028 10.0957 9.66368 9.65261
threshold=1.6550402045249941 0.93915662169456493 0.19642857462167743 0 0.41071428358554846 1 2.8413627147674565 0.66071426868438732 2 0.91289180517196666 1.1755914092063906 0.37500000000000006 3 4 0.9991869628429414 0.59491118788719188 5 6 7 0.78204792737960827 0.84593328833580028 24.500000000000004 8 1.9891284704208376 0.9991869628429414 2.5000000000000004 9 2.8299999237060551 2.120000004768372 0.5892857313156129 10 11 24.500000000000004 12 19.500000000000004 0.83881488442420971 2.0968266725540166 27.500000000000004 13 1.5000000000000002 28.500000000000004 28.500000000000004 0.5892857313156129 15.500000000000002 26.500000000000004 18.500000000000004 8.1350002288818377 1.0000000180025095e-35 14 15 9.7500000000000018 0.78840944170951854 2.5000000000000004 0.82468372583389293 0.44642856717109686 23.500000000000004 45.500000000000007 1.0000000180025095e-35 0.55357143282890331 0.55357143282890331 45.500000000000007 0.12500000372529033
decision_type=2 2 2 1 2 1 2 2 1 2 2 2 1 1 2 2 1 1 1 2 2 2 1 2 2 2 1 2 2 2 1 1 2 1 2 2 2 2 1 2 2 2 2 2 2 2 2 2 1 1 2 2 2 2 2 2 2 2 2 2 2 2
left_child=1 3 6 7 8 30 17 19 16 -10 18 24 13 34 -12 -5 -3 -2 51 -1 58 26 -23 -19 -7 32 -14 -20 -9 47 31 46 54 -13 -11 -29 -26 -33 44 40 41 -18 60 -21 -15 -8 -4 48 -16 -47 -44 -6 -28 -42 -22 59 -57 -30 -17 -37 -34 -25
right_child=2 4 5 15 10 11 45 28 9 12 14 33 21 38 29 20 39 23 27 43 25 22 -24 61 36 -27 52 35 57 -31 -32 37 42 -35 -36 55 -38 -39 -40 -41 53 -43 50 -45 -46 49 -48 -49 -50 -51 -52 -53 -54 -55 -56 56 -58 -59 -60 -61 -62 -63
leaf_value=0 0 0 0 0 0 0 0.0045338840065964146 0 0 0 0 0 0 0 0 0 0 0 0 0 0 0 0 0 0 0 0 0 0 0 0 0 0 0 0 0 0 0 0 0 0 0 0 0 0 -0.001850232877340036 0 0 0 0.0043551589576166288 0 0 0 0 0 0 0 0 0 0 0 0
leaf_weight=9706 17260 1591 1921 2428 295 2328 24615 4876 5970 1793 2876 4111 5334 3426 4598 1033 4353 6230 2586 1534 2077 11498 5550 10020 15705 595 14065 1543 15528 2558 13419 2315 10909 4397 6363 4924 9428 3965 1172 348 313 285 3539 5394 2276 11745 888 639 19225 39534 2603 6804 245 6689 4911 12223 3585 419 734 1394 3106 13578
leaf_count=9706 17260 1591 1921 2428 295 2328 24615 4876 5970 1793 2876 4111 5334 3426 4598 1033 4353 6230 2586 1534 2077 11498 5550 10020 15705 595 14065 1543 15528 2558 13419 2315 10909 4397 6363 4924 9428 3965 1172 348 313 285 3539 5394 2276 11745 888 639 19225 39534 2603 6804 245 6689 4911 12223 3585 419 734 1394 3106 13578
internal_value=-0.00683984 -0.0112072 -0.00193202 -0.0148681 -0.00931882 -0.00491542 -0.000513441 -0.0168182 -0.00791341 -0.0084074 -0.0109025 -0.00634962 -0.00877217 -0.00734242 -0.00990173 -0.0125715 -0.00580418 -0.00180951 -0.0117994 -0.0152229 -0.0122659 -0.00935328 -0.0101963 -0.00240519 -0.00571782 -0.0124888 -0.00862645 -0.0122941 -0.0181007 -0.0102702 -0.0026195 -0.00366337 -0.0126117 -0.00839633 -0.00556356 -0.0120222 -0.00597267 -0.00273768 -0.00944189 -0.00636406 -0.00655412 -0.00523415 -0.0130649 -0.0137278 -0.0087437 0.000290695 -0.00571586 -0.0100096 -0.0101167 2.50981e-05 -0.0142859 -0.00993853 -0.0079986 -0.00742845 -0.0113045 -0.0122332 -0.0126509 -0.0186191 -0.0087657 -0.011188 -0.0125298 -0.00198474
internal_weight=385372 203913 181459 69392 134521 58477 122982 37457 71271 57692 63250 35969 51722 15030 29896 31935 13579 47088 33354 16634 29507 36692 17048 29828 27461 27740 19644 26255 20823 27020 22508 9089 27145 8508 8156 23669 25133 6280 6874 11988 11640 4638 20157 6928 5702 75894 2809 24462 23823 51279 6142 7099 14310 7002 6988 22126 15808 15947 1767 6318 14015 23598
internal_count=385372 203913 181459 69392 134521 58477 122982 37457 71271 57692 63250 35969 51722 15030 29896 31935 13579 47088 33354 16634 29507 36692 17048 29828 27461 27740 19644 26255 20823 27020 22508 9089 27145 8508 8156 23669 25133 6280 6874 11988 11640 4638 20157 6928 5702 75894 2809 24462 23823 51279 6142 7099 14310 7002 6988 22126 15808 15947 1767 6318 14015 23598
cat_boundaries=0 1 2 3 4 5 6 7 8 9 10 11 12 13 14 15 16
cat_threshold=131105 550986 553288 1 99968 548928 542722 72064 67733 491552 2056 8 136980 393220 71944 527488
is_linear=0
shrinkage=0.03


Tree=64
num_leaves=63
num_cat=9
split_feature=7 7 7 7 7 7 15 24 15 7 18 24 19 15 24 22 21 18 22 25 15 24 19 10 13 15 24 19 21 18 21 19 10 24 13 13 7 19 14 19 15 21 7 21 13 19 18 22 14 15 19 21 19 19 24 21 21 21 24 19 18 14
split_gain=10035 1870.2 576.801 389.055 288.553 86.9954 81.7379 64.7759 59.6644 53.6268 38.1405 35.219 30.1409 29.4532 29.0464 33.739 28.2043 24.9407 24.9011 24.627 21.9469 21.8961 20.6443 19.7938 18.3163 17.2329 17.1372 17.0771 16.7446 16.4601 16.225 15.888 15.7759 14.2224 15.1919 14.2382 13.7874 13.1581 14.4893 12.8956 12.344 12.1913 12.8745 11.866 11.2185 11.4747 11.1691 11.0061 10.9216 11.9309 10.7974 13.0885 10.7419 10.6528 10.4111 10.2571 11.595 9.98538 9.97183 13.8078 10.0478 9.95523
threshold=1.6875000000000002 0.81250000000000011 2.991071462631226 0.49107143282890325 1.1339285969734194 1.9732142686843874 0.91289180517196666 0 0.86604186892509472 3.6517857313156132 6.5000000000000009 1 47.500000000000007 0.91289180517196666 2 1.0000000180025095e-35 13.500000000000002 5.5000000000000009 1.0000000180025095e-35 3 0.84179055690765392 4 22.500000000000004 1.1583746671676638 10.444999694824221 0.8609888255596162 5 25.500000000000004 27.500000000000004 4.5000000000000009 9.5000000000000018 18.500000000000004 0.88207659125328075 6 10.289999961853029 10.045000076293947 1.401785731315613 37.500000000000007 1.0314651131629946 15.500000000000002 0.83184513449668895 20.500000000000004 0.7053571641445161 28.500000000000004 5.9949998855590829 51.500000000000007 8.5000000000000018 1.0000000180025095e-35 1.0473437905311587 1.202109217643738 36.500000000000007 2.5000000000000004 42.500000000000007 13.500000000000002 7 30.500000000000004 15.500000000000002 26.500000000000004 8 25.500000000000004 10.500000000000002 1.024239242076874
decision_type=2 2 2 2 2 2 2 1 2 2 2 1 2 2 1 2 2 2 2 1 2 1 2 2 2 2 1 2 2 2 2 2 2 1 2 2 2 2 2 2 2 2 2 2 2 2 2 2 2 2 2 2 2 2 1 2 2 2 1 2 2 2
left_child=1 3 5 18 8 25 -6 17 -3 -4 21 20 13 -9 29 19 30 41 24 -16 -7 -10 55 52 32 -2 -24 -11 48 36 33 -13 58 -12 35 -35 43 38 61 -22 -19 42 -5 -8 45 -14 -40 53 49 -15 -42 -52 -18 -27 -29 56 -21 -41 -1 -60 -61 -31
right_child=2 4 9 7 6 11 14 12 10 27 16 31 44 28 15 -17 23 40 -20 22 39 -23 26 -25 -26 47 -28 54 -30 37 -32 -33 -34 34 -36 -37 -38 -39 46 57 50 -43 -44 -45 -46 -47 -48 -49 -50 -51 51 -53 -54 -55 -56 -57 -58 -59 59 60 -62 -63
leaf_value=0 0 0 0 0 0 0.019117008936331087 0 0 0 0.0044398265540673337 0 0 0 0 0 0 0 0 0 0 0 0 0 0 0 0 0 0.0067685630804230554 0 0 0 0 0 0 0 0 0 0 0 0 0 0 0 0 0 0 0 0 0 0 0 0 0 0 -0.0036653797706676762 0 0 0 0 0 0 0
leaf_weight=1347 1184 4639 25497 3067 7543 2922 3072 2653 9921 38574 2980 5008 1648 15493 11239 1333 7612 637 728 7756 7757 11791 6419 8621 7803 2789 15076 22234 2264 4118 4736 9794 1022 5826 1198 585 2158 3755 4602 25091 6663 2297 1014 268 2487 258 312 372 3394 1326 279 4390 4244 11899 13916 393 8276 4535 3930 6896 5073 545
leaf_count=1347 1184 4639 25497 3067 7543 2922 3072 2653 9921 38574 2980 5008 1648 15493 11239 1333 7612 637 728 7756 7757 11791 6419 8621 7803 2789 15076 22234 2264 4118 4736 9794 1022 5826 1198 585 2158 3755 4602 25091 6663 2297 1014 268 2487 258 312 372 3394 1326 279 4390 4244 11899 13916 393 8276 4535 3930 6896 5073 545
internal_value=-0.0068636 -0.0112021 -0.00146017 -0.0150316 -0.00914519 -0.0035217 -0.00791615 -0.0134113 -0.0106651 7.51351e-06 -0.0109291 -0.00295296 -0.0125094 -0.0129144 -0.00823886 -0.00785185 -0.0115308 -0.0148477 -0.0179258 -0.0079811 -0.00249101 -0.00993709 -0.00835381 -0.0108023 -0.0180786 -0.00545112 -0.0089679 0.000412879 -0.0132673 -0.00926752 -0.0125041 -0.00420632 -0.0175589 -0.0118513 -0.0125887 -0.0120257 -0.00789123 -0.00984203 -0.0104322 -0.00268734 -0.0156632 -0.0133405 -0.0123565 -0.0090988 -0.010221 -0.0119528 -0.00929548 -0.0057251 -0.0135413 -0.0132281 -0.0158916 -0.0147854 -0.0115977 -0.00585417 -5.56015e-05 -0.00755525 -0.00743787 -0.00297246 -0.0177735 -0.0180277 -0.0185457 -0.0116301
internal_weight=385259 213687 171572 74669 139018 71351 76865 47870 62153 100221 57514 55107 29523 25130 69322 50492 35802 18347 26799 49159 40305 21712 37920 20477 26071 16244 21495 74724 22477 18830 15325 14802 18268 10589 7609 6411 5498 13332 9577 37383 11969 6378 4081 3340 4393 1906 4914 15060 20213 16819 11332 4669 11856 14688 36150 16425 16032 29626 17246 15899 11969 4663
internal_count=385259 213687 171572 74669 139018 71351 76865 47870 62153 100221 57514 55107 29523 25130 69322 50492 35802 18347 26799 49159 40305 21712 37920 20477 26071 16244 21495 74724 22477 18830 15325 14802 18268 10589 7609 6411 5498 13332 9577 37383 11969 6378 4081 3340 4393 1906 4914 15060 20213 16819 11332 4669 11856 14688 36150 16425 16032 29626 17246 15899 11969 4663
cat_boundaries=0 1 2 3 4 5 6 7 8 9
cat_threshold=32801 551242 491553 1 426032 1540 69657 14402 295440
is_linear=0
shrinkage=0.03


Tree=65
num_leaves=63
num_cat=15
split_feature=7 7 7 7 7 7 15 15 12 7 12 24 7 15 18 23 23 12 21 24 23 19 19 24 12 24 15 6 18 12 24 24 19 19 24 19 24 24 18 21 15 19 14 15 19 24 21 24 12 24 19 24 12 21 24 18 15 19 21 21 15 24
split_gain=10053.2 1782.49 692.939 428.078 203.727 111.852 73.9112 69.9119 66.8665 59.5031 59.1925 41.171 37.2959 31.6947 27.2336 26.9776 26.219 24.5393 24.2075 24.0544 22.4579 20.7261 19.7286 19.224 18.901 18.5956 18.1692 18.0637 17.8618 16.996 16.6821 16.6701 16.3603 15.1935 15.1077 15.0889 14.3682 14.2556 12.8975 12.7381 12.4561 12.4206 12.326 13.4179 12.2326 12.9134 12.3727 12.119 11.7647 11.37 10.1726 9.52503 9.50461 9.49737 9.48295 8.98602 10.1651 8.74976 11.9997 8.83344 8.60883 8.53613
threshold=1.6339285969734194 0.66964283585548412 2.9196429252624516 1.1339285969734194 0.49107143282890325 2.0982142686843877 0.91289180517196666 0.84091734886169445 1.3750000000000002 3.6517857313156132 0.62500000000000011 0 0.8303571641445161 0.8933892846107484 6.5000000000000009 2.5000000000000004 1.0000000180025095e-35 2.6250000000000004 19.500000000000004 1 1.0000000180025095e-35 47.500000000000007 48.500000000000007 2 2.3750000000000004 3 0.84179055690765392 0.48214285075664526 4.5000000000000009 1.8750000000000002 4 5 27.500000000000004 19.500000000000004 6 37.500000000000007 7 8 5.5000000000000009 26.500000000000004 0.83184513449668895 6.5000000000000009 1.0745506882667544 0.72387105226516735 24.500000000000004 9 5.5000000000000009 10 1.0000000180025095e-35 11 9.5000000000000018 12 1.6250000000000002 13.500000000000002 13 10.500000000000002 0.96801587939262401 36.500000000000007 2.5000000000000004 1.5000000000000002 0.72387105226516735 14
decision_type=2 2 2 2 2 2 2 2 2 2 2 1 2 2 2 2 2 2 2 1 2 2 2 1 2 1 2 2 2 2 1 1 2 2 1 2 1 1 2 2 2 2 2 2 2 1 2 1 2 1 2 1 2 2 1 2 2 2 2 2 2 1
left_child=1 4 5 7 16 13 60 37 12 -4 25 38 21 -2 34 17 27 23 55 33 30 41 42 -12 36 -8 -21 -1 49 39 50 51 -11 -7 48 44 -15 -3 -6 -28 -40 -9 43 -13 45 -30 -46 53 -14 -25 -10 -20 -37 -48 -17 -16 -57 59 -59 -42 -5 -26
right_child=2 3 9 6 11 19 10 8 20 32 15 22 14 24 18 54 -18 -19 31 26 -22 -23 -24 28 61 -27 29 -29 35 -31 -32 -33 -34 -35 -36 52 -38 -39 40 -41 57 -43 -44 -45 46 -47 47 -49 -50 -51 -52 -53 -54 -55 -56 56 -58 58 -60 -61 -62 -63
leaf_value=0 0 0 0 0 0 0 0 0 0 0.0044904063520214412 0 0 0 0 0 0 0 0 0 0.019763341011669221 0 0 0 0 0 0 0 0 0 0 0 0 -0.00053846947177534782 0 0 0 0 0 0 0 0 0 0 0 0 0 0 0 0 0 0 0 0 0 -2.6398299748493958e-07 0 0 0 0 0 0 0
leaf_weight=22130 2399 2708 28310 1206 3979 4049 4783 892 979 42555 4002 151 516 7424 11071 124 724 4093 334 2346 359 2791 1189 6220 1397 5976 9154 3788 1099 21155 9175 6024 32360 6392 8854 7041 12212 2643 530 1590 185 17499 776 10398 1990 7675 1627 6829 6763 5881 4773 3835 3290 3183 927 189 5634 196 3089 4686 5893 5192
leaf_count=22130 2399 2708 28310 1206 3979 4049 4783 892 979 42555 4002 151 516 7424 11071 124 724 4093 334 2346 359 2791 1189 6220 1397 5976 9154 3788 1099 21155 9175 6024 32360 6392 8854 7041 12212 2643 530 1590 185 17499 776 10398 1990 7675 1627 6829 6763 5881 4773 3835 3290 3183 927 189 5634 196 3089 4686 5893 5192
internal_value=-0.00685256 -0.0113098 -0.00158323 -0.00971631 -0.0161337 -0.00381353 -0.00801129 -0.0111567 -0.0113796 7.2668e-07 -0.00832993 -0.0141989 -0.011803 -0.00527767 -0.0112975 -0.00792495 -0.0179624 -0.00801946 -0.0118787 -0.00287567 -0.00959584 -0.0128342 -0.0129031 -0.00820646 -0.0055796 -0.0103618 -0.00248854 -0.0181197 -0.00838789 -0.00267667 -0.00977417 -0.0107241 0.000443503 -0.00413903 -0.0103218 -0.00875383 -0.00604614 -0.00783723 -0.0154568 -0.00364836 -0.016117 -0.0131998 -0.0132993 -0.0130309 -0.00919122 -0.00831753 -0.00975369 -0.00937993 -0.011397 -0.00740492 -0.0111045 -0.00913927 -0.00780534 -0.00812241 -0.00316556 -0.0125754 -0.0116213 -0.0164066 -0.01521 -0.0172135 -0.00510537 -0.00418925
internal_weight=385234 208699 176535 156878 51821 73310 71839 85039 79688 103225 64740 25179 64402 28624 43220 53981 26642 52930 27087 44686 15286 21182 12514 48837 26225 10759 34245 25918 44835 31899 14927 10193 74915 10441 16133 32734 19636 5351 12665 10744 8686 18391 11325 10549 22403 8774 13629 11639 7279 12101 5752 4169 10331 4810 1051 16894 5823 8156 3285 4871 7099 6589
internal_count=385234 208699 176535 156878 51821 73310 71839 85039 79688 103225 64740 25179 64402 28624 43220 53981 26642 52930 27087 44686 15286 21182 12514 48837 26225 10759 34245 25918 44835 31899 14927 10193 74915 10441 16133 32734 19636 5351 12665 10744 8686 18391 11325 10549 22403 8774 13629 11639 7279 12101 5752 4169 10331 4810 1051 16894 5823 8156 3285 4871 7099 6589
cat_boundaries=0 1 2 3 4 5 6 7 8 9 10 11 12 13 14 15
cat_threshold=32801 104064 4096 229425 267812 465928 426032 136213 131253 32801 2449 33677 6152 32772 33812
is_linear=0
shrinkage=0.03


Tree=66
num_leaves=63
num_cat=5
split_feature=6 6 6 6 6 6 15 6 15 13 15 6 13 18 15 13 15 6 19 6 13 14 6 13 13 19 18 15 18 19 27 6 15 14 19 19 15 5 14 19 13 13 21 21 21 21 19 27 27 14 27 15 21 13 14 21 14 19 9 19 27 14
split_gain=9860.61 1646.46 822.273 330.074 234.791 153.061 82.4496 79.928 61.8399 38.1312 36.2617 35.9011 31.3252 22.5945 22.3517 22.2946 20.6218 20.0292 19.7219 17.7308 16.4237 15.7271 15.2899 13.5385 13.5892 12.5946 12.3379 11.7126 11.3037 10.845 10.7331 10.6886 10.429 10.0275 9.5494 11.2984 9.10818 8.69342 8.68356 8.06797 8.06631 8.38386 8.06169 7.96572 7.54639 7.62502 7.51857 7.21922 7.19986 6.92633 7.87532 6.79051 6.69244 6.56805 6.63759 6.51025 6.60824 6.99691 6.50757 6.37733 6.29485 6.21495
threshold=1.5892856717109682 0.69642856717109691 2.7678571939468388 1.053571403026581 0.44642856717109686 2.0178571939468388 0.91289180517196666 3.553571462631226 0.83881488442420971 3.2350000143051152 0.86276194453239452 1.2321428656578066 3.2350000143051152 5.5000000000000009 0.83485752344131481 11.329999923706056 0.84593328833580028 4.8750000000000009 45.500000000000007 0.30357143282890325 9.0199999809265154 1.0379781723022463 0.5892857313156129 4.6250000000000009 7.9149999618530282 51.500000000000007 5.5000000000000009 0.9991869628429414 4.5000000000000009 27.500000000000004 0 0.8392857313156129 0.72387105226516735 1.0260725021362307 18.500000000000004 33.500000000000007 0.7833717167377473 0.60714286565780651 1.000000059604645 21.500000000000004 8.6549997329711932 5.7650001049041757 6.5000000000000009 24.500000000000004 26.500000000000004 8.5000000000000018 15.500000000000002 1 2 1.0215750932693484 3 1.381461560726166 28.500000000000004 11.460000038146974 1.0354286432266238 28.500000000000004 1.0367435216903689 18.500000000000004 1.2837224602699282 19.500000000000004 4 1.0338239073753359
decision_type=2 2 2 2 2 2 2 2 2 2 2 2 2 2 2 2 2 2 2 2 2 2 2 2 2 2 2 2 2 2 1 2 2 2 2 2 2 2 2 2 2 2 2 2 2 2 2 1 1 2 1 2 2 2 2 2 2 2 2 2 1 2
left_child=1 4 5 8 15 10 32 27 33 26 -2 -8 61 37 -7 19 21 -9 31 29 25 -11 -22 47 48 44 -6 -4 -13 -1 55 -15 -5 60 -26 38 -28 -14 -36 42 41 -32 -39 46 45 -18 -16 -12 -25 50 -40 -43 -50 -33 -55 56 57 -30 -24 -34 -3 -10
right_child=2 3 7 6 9 14 11 17 12 16 23 28 13 18 43 -17 20 -19 -20 -21 22 -23 58 24 34 -27 36 -29 30 -31 40 53 59 -35 35 -37 -38 39 49 -41 -42 51 -44 -45 -46 -47 -48 -49 52 -51 -52 -53 -54 54 -56 -57 -58 -59 -60 -61 -62 -63
leaf_value=0 0 0 0.01416235362907846 0 0 0 0 -0.00045131244967050823 0 0 0 0 0 0 0 0 0 0.0040089761261518824 0 0 0 0 0 0 0 0 0 0 0 0 0 0 0 0 0 0 0 0 0 0 0 0 0 0 0 0 0 0 0 0 0 0 0 0 0 0 0 0 0 0 0 0
leaf_weight=973 2410 1328 3368 1181 3186 2816 25954 42672 2730 1345 155 12437 1614 12613 6060 7299 3317 34206 9698 11966 6674 536 5378 726 4052 219 237 29550 201 5054 7421 18802 2203 1562 1491 3258 4870 2569 227 381 8082 6768 10901 8058 1732 7474 23873 4345 11981 2372 169 178 1047 1264 989 673 1742 5070 243 4182 1148 609
leaf_count=973 2410 1328 3368 1181 3186 2816 25954 42672 2730 1345 155 12437 1614 12613 6060 7299 3317 34206 9698 11966 6674 536 5378 726 4052 219 237 29550 201 5054 7421 18802 2203 1562 1491 3258 4870 2569 227 381 8082 6768 10901 8058 1732 7474 23873 4345 11981 2372 169 178 1047 1264 989 673 1742 5070 243 4182 1148 609
internal_value=-0.00685808 -0.011413 -0.00180578 -0.00965039 -0.0155584 -0.00427245 -0.00830263 -0.000164869 -0.0111993 -0.0139745 -0.00581767 -0.00863077 -0.011433 -0.0112726 -0.0030519 -0.0177635 -0.0134266 0.000364786 -0.0116237 -0.0171962 -0.0136542 -0.0103971 -0.0144364 -0.00610371 -0.00583426 -0.0128994 -0.0157532 -0.00140185 -0.00809462 -0.0185231 -0.00840866 -0.011967 -0.00533069 -0.00760178 -0.00659201 -0.00722482 -0.0166671 -0.0102881 -0.00824208 -0.0100453 -0.00873994 -0.00831343 -0.010167 -0.00324306 -0.0130241 -0.0133192 -0.00346845 -0.00762 -0.00519689 -0.00923627 -0.0129091 -0.00756435 -0.00535892 -0.0115533 -0.0100226 -0.00744106 -0.00771154 -0.00718213 -0.0132836 -0.00580971 -0.00641438 -0.0142597
internal_weight=385639 202803 182836 142300 60503 73040 76092 109796 66208 35211 32233 68526 62170 58831 40807 25292 26918 76878 43366 17993 25037 1881 12295 29823 25323 12742 8293 32918 42572 6027 30135 33668 7566 4038 11569 7517 5107 15465 4259 13851 22449 14367 13470 37991 12523 10791 29933 4500 13754 2768 396 6946 13028 21055 2253 7686 7013 5271 5621 6385 2476 3339
internal_count=385639 202803 182836 142300 60503 73040 76092 109796 66208 35211 32233 68526 62170 58831 40807 25292 26918 76878 43366 17993 25037 1881 12295 29823 25323 12742 8293 32918 42572 6027 30135 33668 7566 4038 11569 7517 5107 15465 4259 13851 22449 14367 13470 37991 12523 10791 29933 4500 13754 2768 396 6946 13028 21055 2253 7686 7013 5271 5621 6385 2476 3339
cat_boundaries=0 1 2 3 4 5
cat_threshold=2 2 4 4 1
is_linear=0
shrinkage=0.03


Tree=67
num_leaves=63
num_cat=13
split_feature=7 7 7 7 7 7 12 24 7 24 12 23 18 13 17 18 22 24 23 17 18 18 18 24 18 24 22 21 21 18 12 24 17 12 12 14 24 21 12 21 24 18 13 18 23 21 24 17 12 18 21 24 17 27 13 21 7 24 24 18 18 13
split_gain=10051.8 1858.51 597.212 405.586 300.04 90.6157 68.1052 59.7647 52.6204 42.8618 41.7122 33.0609 31.0657 28.1504 30.3115 25.3419 23.9861 21.735 21.1076 20.284 19.0046 18.9731 22.369 18.0367 17.8536 18.8602 17.687 17.4131 17.1514 17.0102 16.5436 15.5098 15.3399 14.9725 13.992 12.8462 12.4793 12.2118 11.7799 11.4066 11.3969 13.4324 11.1177 11.116 11.046 10.9835 10.3101 14.7329 9.78938 9.74284 14.0739 9.63652 9.40504 9.55716 9.34561 13.7097 9.27065 9.21038 8.91314 13.4136 8.79394 9.227
threshold=1.6875000000000002 0.81250000000000011 2.991071462631226 0.50892856717109691 1.1339285969734194 2.1696429252624516 1.1250000000000002 0 3.616071462631226 1 1.6250000000000002 2.5000000000000004 5.5000000000000009 10.444999694824221 2.5000000000000004 11.500000000000002 1.0000000180025095e-35 2 1.5000000000000002 5.5000000000000009 5.5000000000000009 4.5000000000000009 10.500000000000002 3 6.5000000000000009 4 1.0000000180025095e-35 26.500000000000004 13.500000000000002 5.5000000000000009 4.1250000000000009 5 1.0000000180025095e-35 0.62500000000000011 1.8750000000000002 1.0745506882667544 6 2.5000000000000004 1.6250000000000002 9.5000000000000018 7 10.500000000000002 3.2350000143051152 10.500000000000002 2.5000000000000004 25.500000000000004 8 4.5000000000000009 2.3750000000000004 6.5000000000000009 23.500000000000004 9 5.5000000000000009 10 5.9949998855590829 24.500000000000004 0.40178571641445165 11 12 7.5000000000000009 2.5000000000000004 11.230000019073488
decision_type=2 2 2 2 2 2 2 1 2 1 2 2 2 2 2 2 2 1 2 2 2 2 2 1 2 1 2 2 2 2 2 1 2 2 2 2 1 2 2 2 1 2 2 2 2 2 1 2 2 2 2 1 2 1 2 2 2 1 1 2 2 2
left_child=1 3 5 13 10 23 9 20 -4 33 12 21 51 16 -15 27 24 -7 29 -16 -5 31 46 -2 -1 -26 57 35 39 52 -10 -8 -29 -6 45 37 -25 -9 -24 42 -30 -42 -14 56 -35 -19 47 -23 -38 -48 -51 -3 -11 -54 55 -17 -27 -12 -52 -60 -39 -62
right_child=2 4 8 7 6 17 11 15 30 18 26 -13 28 14 19 54 -18 34 -20 -21 -22 22 38 36 25 43 -28 32 40 -31 -32 -33 -34 44 -36 -37 48 60 -40 -41 41 -43 -44 -45 -46 -47 49 -49 -50 50 58 -53 53 -55 -56 -57 -58 -59 59 -61 61 -63
leaf_value=0 0 0 0 0 0 0 0 0 -0.00058894969319939184 0 0 0 0 0 0 0 0 0 0 0 0 0 0 0 0 0 2.049299428568723e-06 0 0 0 0.0042475660873127876 0 0 0 0 0 0 0 0 0 0 0 0 0 0 0 0 0 0 0 0 0 0 0 0 0 0 0 0 0 0 0
leaf_weight=4923 2316 1335 24146 6288 5380 8964 4729 1468 32736 6300 2770 861 150 3411 3464 1315 556 9315 546 1166 10788 5343 2417 787 1833 3597 186 610 3119 12456 43619 7503 3306 7324 24058 1363 17099 1166 3516 4942 13581 4753 10750 5571 147 2105 6912 1150 6541 8244 1398 14901 670 551 2160 247 4150 5416 548 721 15394 1826
leaf_count=4923 2316 1335 24146 6288 5380 8964 4729 1468 32736 6300 2770 861 150 3411 3464 1315 556 9315 546 1166 10788 5343 2417 787 1833 3597 186 610 3119 12456 43619 7503 3306 7324 24058 1363 17099 1166 3516 4942 13581 4753 10750 5571 147 2105 6912 1150 6541 8244 1398 14901 670 551 2160 247 4150 5416 548 721 15394 1826
internal_value=-0.00684822 -0.0111985 -0.0014455 -0.0150164 -0.00914379 -0.00354787 -0.00789004 -0.0132688 4.36116e-05 -0.00890867 -0.0106976 -0.00710567 -0.0110055 -0.0178162 -0.0193218 -0.0124038 -0.0172293 -0.00271756 -0.00803541 -0.0209028 -0.0147145 -0.00722363 -0.0076268 -0.00492768 -0.0173995 -0.0179095 -0.00872838 -0.0127502 -0.0114824 -0.00819838 0.000429638 -0.00622662 -0.0109122 -0.010289 -0.00238154 -0.0130895 -0.00468016 -0.012896 -0.00597522 -0.012231 -0.0109295 -0.0112363 -0.011689 -0.0183475 -0.00942805 -0.00324694 -0.00802977 -0.00911441 -0.00480507 -0.00762525 -0.00818779 -0.0099102 -0.0070718 -0.00948157 -0.0100978 -0.0118656 -0.0190963 -0.00893623 -0.0100821 -0.0120352 -0.0131063 -0.013277
internal_weight=384907 213221 171686 74602 138619 71185 76716 45931 100501 33374 61903 43342 53531 28671 8041 28855 20630 44442 20523 4630 17076 42481 30249 26743 20074 15151 8372 25133 37295 19977 76355 12232 3916 12851 35478 21217 24427 19854 5933 15842 21453 18334 10900 13318 7471 11420 24316 6493 23640 17823 10911 16236 7521 1221 3722 1562 7747 8186 2667 1269 18386 17220
internal_count=384907 213221 171686 74602 138619 71185 76716 45931 100501 33374 61903 43342 53531 28671 8041 28855 20630 44442 20523 4630 17076 42481 30249 26743 20074 15151 8372 25133 37295 19977 76355 12232 3916 12851 35478 21217 24427 19854 5933 15842 21453 18334 10900 13318 7471 11420 24316 6493 23640 17823 10911 16236 7521 1221 3722 1562 7747 8186 2667 1269 18386 17220
cat_boundaries=0 1 2 3 4 5 6 7 8 9 10 11 12 13
cat_threshold=32801 229425 104064 131093 295440 330788 524288 71688 297505 131104 1 198792 135320
is_linear=0
shrinkage=0.03


Tree=68
num_leaves=63
num_cat=4
split_feature=7 7 7 7 7 7 15 12 15 23 7 12 13 19 15 15 19 19 22 12 7 15 12 19 25 19 19 13 13 22 12 19 12 12 19 15 15 23 19 7 27 13 14 12 7 12 22 13 15 27 13 19 12 13 19 26 19 14 15 7 13 13
split_gain=10086.9 1818.29 688.527 395.232 266.535 119.19 76.8925 65.4588 58.2955 53.4532 50.036 45.1299 44.6263 32.0659 31.7867 30.6797 31.2783 24.5864 24.0705 22.8313 21.8977 21.8654 21.6245 19.9361 26.5289 17.309 16.9466 16.3146 21.6399 15.8103 14.5109 13.626 12.7348 12.3298 12.2362 11.7936 11.1082 10.7688 10.4187 10.029 10.0237 9.8627 9.84008 9.6555 9.47988 9.19929 9.09943 8.93684 8.88553 8.81599 8.68009 8.47301 8.43705 8.38887 9.73587 8.25544 11.5509 8.68006 8.23844 8.19869 7.99592 7.94438
threshold=1.6339285969734194 0.81250000000000011 2.991071462631226 0.50892856717109691 1.1339285969734194 2.1696429252624516 0.91289180517196666 0.62500000000000011 0.83485752344131481 2.5000000000000004 3.6517857313156132 1.6250000000000002 3.2350000143051152 25.500000000000004 0.8609888255596162 0.91289180517196666 47.500000000000007 42.500000000000007 1.0000000180025095e-35 2.8750000000000004 0.36607143282890325 0.89709714055061351 2.3750000000000004 22.500000000000004 0 25.500000000000004 6.5000000000000009 11.230000019073488 10.204999923706056 1.0000000180025095e-35 1.8750000000000002 19.500000000000004 1.3750000000000002 1.6250000000000002 21.500000000000004 0.70940351486206066 0.77564415335655224 2.5000000000000004 5.5000000000000009 1.866071403026581 1 10.045000076293947 1.0417471528053286 1.0000000180025095e-35 1.8125000000000002 0.37500000000000006 1.0000000180025095e-35 5.9749999046325692 0.9991869628429414 2 9.9049997329711932 45.500000000000007 0.62500000000000011 9.9049997329711932 51.500000000000007 3 42.500000000000007 1.0294568538665774 0.88169273734092724 2.4196429252624516 5.9949998855590829 4.4849998950958261
decision_type=2 2 2 2 2 2 2 2 2 2 2 2 2 2 2 2 2 2 2 2 2 2 2 2 1 2 2 2 2 2 2 2 2 2 2 2 2 2 2 2 1 2 2 2 2 2 2 2 2 1 2 2 2 2 2 1 2 2 2 2 2 2
left_child=1 3 5 18 8 14 42 55 40 19 -4 13 34 43 -2 35 26 -15 20 23 -1 -7 37 49 -25 -12 33 28 45 -13 -23 50 -26 38 -5 -14 -33 44 -17 -24 -3 53 -6 -10 52 -28 -47 -27 -19 -9 -22 -34 -16 54 60 56 57 -8 -52 -32 -18 -45
right_child=2 4 10 12 6 21 7 9 11 -11 25 29 15 17 22 16 41 48 -20 -21 31 30 39 24 32 47 27 -29 -30 -31 59 36 51 -35 -36 -37 -38 -39 -40 -41 -42 -43 -44 61 -46 46 -48 -49 -50 -51 58 -53 -54 -55 -56 -57 -58 -59 -60 -61 -62 -63
leaf_value=0 0 0 0 0 0 0 0 0 0 0 0.0040610775866181193 0 0.0060000045597553252 0 0 0 0 0 0 0 0 0 0 0 0 0.006433514935245359 0 0 0 1.9878204457116612e-06 0 0 0 0 0 0 0 -0.00015093025081973417 0 0 0 0 0 0 0 0 0 -0.0029486504827972242 0 0 0 0 0 0 0 0 0 0 0 0 0 0
leaf_weight=12777 2524 1632 25417 4053 5124 4610 2597 5022 996 1057 38621 7703 103 20092 1096 1423 1520 401 786 2597 1978 13151 2950 9716 10730 12034 6825 2131 2764 176 6484 253 8056 128 4975 3389 11573 407 179 4671 2163 1448 1898 3879 12188 14964 386 24272 12077 15516 207 1251 8026 452 343 6236 727 1230 1218 20267 816 13134
leaf_count=12777 2524 1632 25417 4053 5124 4610 2597 5022 996 1057 38621 7703 103 20092 1096 1423 1520 401 786 2597 1978 13151 2950 9716 10730 12034 6825 2131 2764 176 6484 253 8056 128 4975 3389 11573 407 179 4671 2163 1448 1898 3879 12188 14964 386 24272 12077 15516 207 1251 8026 452 343 6236 727 1230 1218 20267 816 13134
internal_value=-0.00685452 -0.0113204 -0.00158035 -0.0150713 -0.00922991 -0.00372677 -0.00798374 -0.00830718 -0.0106663 -0.00788053 5.33366e-05 -0.0109002 -0.0133428 -0.0112292 -0.00512755 -0.01288 -0.0131599 -0.0117909 -0.0178266 -0.00801403 -0.0179719 -0.00272407 -0.00540548 -0.00815567 -0.00865193 0.000443512 -0.013526 -0.01371 -0.0139253 -0.0087883 -0.00295008 -0.0172036 -0.00928912 -0.0106474 -0.0152333 -0.0102045 -0.0176849 -0.00588797 -0.0113633 -0.00403057 -0.00706324 -0.0108567 -0.00500199 -0.0102134 -0.00598029 -0.0136133 -0.0132059 -2.67723e-05 -0.010745 -0.00743675 -0.0155307 -0.00848168 -0.00671169 -0.0118036 -0.0111657 -0.0104402 -0.00931814 -0.00999713 -0.0173158 -0.00254895 -0.0118587 -0.0100453
internal_weight=385419 208701 176718 74691 134010 76374 71757 64735 62253 53945 100344 58458 45899 50579 31862 36871 33379 32570 28792 52888 28006 44512 29338 50291 29753 74927 28800 27070 24939 7879 39902 15229 20037 1730 9028 3492 11826 21717 1602 7621 3795 4579 7022 18009 21310 22175 15350 36306 12478 20538 3403 9307 9122 3131 2679 10790 4554 3827 1425 26751 2336 17013
internal_count=385419 208701 176718 74691 134010 76374 71757 64735 62253 53945 100344 58458 45899 50579 31862 36871 33379 32570 28792 52888 28006 44512 29338 50291 29753 74927 28800 27070 24939 7879 39902 15229 20037 1730 9028 3492 11826 21717 1602 7621 3795 4579 7022 18009 21310 22175 15350 36306 12478 20538 3403 9307 9122 3131 2679 10790 4554 3827 1425 26751 2336 17013
cat_boundaries=0 1 2 3 4
cat_threshold=1 1 4 6
is_linear=0
shrinkage=0.03


Tree=69
num_leaves=63
num_cat=2
split_feature=7 7 7 7 7 15 7 23 15 18 7 7 15 15 21 10 17 19 19 21 7 15 10 19 19 23 7 19 19 10 19 17 19 10 27 17 5 19 19 19 7 17 27 14 19 19 19 23 19 14 17 14 18 23 14 21 7 14 21 15 17 18
split_gain=10033.6 1968.9 531.414 417.384 308.689 76.7947 71.5172 57.4177 55.5099 45.2781 45.1323 40.776 35.2112 33.0579 27.4119 26.2615 25.1544 24.7102 25.4741 17.3315 17.2133 17.0797 16.7017 16.5622 16.0508 15.1077 15.0624 14.4327 19.5306 14.2378 13.417 12.0627 11.6157 11.0481 10.9279 23.2671 10.7288 10.4278 10.0298 10.0796 10.4109 9.4831 21.9482 9.29107 9.00825 8.92382 14.7636 8.89754 8.75755 8.5573 8.52835 11.4919 9.53746 8.48328 8.3904 8.31954 8.17291 8.04594 7.98208 9.58389 7.87636 8.43945
threshold=1.741071403026581 0.81250000000000011 3.0267857313156132 0.49107143282890325 1.151785731315613 0.88805964589118969 2.4196429252624516 2.5000000000000004 0.87994369864463817 6.5000000000000009 3.6517857313156132 0.61607143282890331 0.84179055690765392 0.84258803725242626 13.500000000000002 1.5696011781692507 3.5000000000000004 47.500000000000007 6.5000000000000009 9.5000000000000018 1.9375000000000002 0.89709714055061351 1.1583746671676638 16.500000000000004 25.500000000000004 1.5000000000000002 1.401785731315613 45.500000000000007 24.500000000000004 0.90597498416900646 16.500000000000004 4.5000000000000009 42.500000000000007 1.2894279956817629 0 5.5000000000000009 0.53571429848670971 37.500000000000007 50.500000000000007 25.500000000000004 0.33035713434219366 4.5000000000000009 1 1.0357472300529482 43.500000000000007 18.500000000000004 33.500000000000007 2.5000000000000004 44.500000000000007 1.0268924832344057 1.0000000180025095e-35 1.0745506882667544 7.5000000000000009 1.5000000000000002 0.81568661332130443 5.5000000000000009 1.0803571343421938 1.0344980359077456 15.500000000000002 0.88625004887580883 5.5000000000000009 11.500000000000002
decision_type=2 2 2 2 2 2 2 2 2 2 2 2 2 2 2 2 2 2 2 2 2 2 2 2 2 2 2 2 2 2 2 2 2 2 1 2 2 2 2 2 2 2 1 2 2 2 2 2 2 2 2 2 2 2 2 2 2 2 2 2 2 2
left_child=1 3 6 16 8 43 12 15 49 36 -4 27 -2 -13 19 26 25 18 -15 33 47 -8 32 54 -12 29 -7 28 55 38 -28 50 -16 -11 -18 -36 -10 -25 39 40 -1 -38 -43 -6 -32 -22 -47 -14 -41 -3 52 -52 -23 -20 -17 -5 60 -19 59 -50 -21 -62
right_child=2 4 10 11 5 7 21 -9 9 14 24 13 20 17 22 23 34 57 53 56 45 31 -24 37 -26 -27 30 -29 -30 -31 44 -33 -34 -35 35 -37 41 -39 -40 48 -42 42 -44 -45 -46 46 -48 -49 58 -51 51 -53 -54 -55 -56 -57 -58 -59 -60 -61 61 -63
leaf_value=0 0 0 0 0 0 0 0 0 0 0 0.0039392452590195758 0 0 0 0 0 0 0 0 0 0 0 0 0 1.400039910055351e-05 0 0 0 0 0 0 0 0 0 0 0 0 0 0 0 0 0 0 0 0 0 0 0.025411053454796377 0 0 0 0 0 0 0 0 0 0 0 0 0 0
leaf_weight=1648 2489 3296 24067 876 4610 27747 3385 1343 941 8224 38439 2036 9836 1314 7801 651 6974 2801 22972 3395 5856 2480 9154 11390 36416 398 3825 2852 9405 515 10893 8679 4315 2729 3018 1529 15382 5618 747 6159 2739 2736 3458 2484 2200 8034 9580 176 119 2060 16356 688 1744 628 6487 4070 846 841 1047 1791 500 182
leaf_count=1648 2489 3296 24067 876 4610 27747 3385 1343 941 8224 38439 2036 9836 1314 7801 651 6974 2801 22972 3395 5856 2480 9154 11390 36416 398 3825 2852 9405 515 10893 8679 4315 2729 3018 1529 15382 5618 747 6159 2739 2736 3458 2484 2200 8034 9580 176 119 2060 16356 688 1744 628 6487 4070 846 841 1047 1791 500 182
internal_value=-0.00681869 -0.0110855 -0.00132118 -0.0150373 -0.0090167 -0.00773465 -0.00333566 -0.00803544 -0.0105399 -0.0108025 9.01317e-05 -0.0133592 -0.00426335 -0.0127021 -0.011446 -0.00815534 -0.0180429 -0.0129655 -0.0133029 -0.0123893 -0.00451926 -0.00233451 -0.0107419 -0.00735824 0.000453477 -0.0172401 -0.00858625 -0.0145278 -0.0149151 -0.0173955 -0.00788072 -0.00256283 -0.0114726 -0.0117247 -0.0190996 -0.0202439 -0.00974104 -0.00786724 -0.0175726 -0.0177598 -0.0165783 -0.00960428 -0.0105954 -0.00476008 -0.00833736 -0.00407499 -0.00441229 -0.00556073 -0.0183284 -0.00761426 -0.0021782 -0.00187914 -0.00338494 -0.0135292 -0.00614542 -0.013389 -0.0138678 -0.0106573 -0.0169865 -0.0158325 -0.0144246 -0.0173666
internal_weight=384971 216746 168225 74479 142267 77248 69303 70154 65019 59663 98922 47795 35971 30592 37146 68811 26684 28556 24914 15876 33482 33332 21270 24146 74855 15163 44665 17203 14351 14765 16918 29947 12116 10953 11521 4547 22517 17008 14250 13503 4387 21576 6194 7094 13093 23470 17614 10012 9116 5356 21268 17044 4224 23600 7138 4946 4923 3642 2957 1910 4077 682
internal_count=384971 216746 168225 74479 142267 77248 69303 70154 65019 59663 98922 47795 35971 30592 37146 68811 26684 28556 24914 15876 33482 33332 21270 24146 74855 15163 44665 17203 14351 14765 16918 29947 12116 10953 11521 4547 22517 17008 14250 13503 4387 21576 6194 7094 13093 23470 17614 10012 9116 5356 21268 17044 4224 23600 7138 4946 4923 3642 2957 1910 4077 682
cat_boundaries=0 1 2
cat_threshold=1 4
is_linear=0
shrinkage=0.03


Tree=70
num_leaves=63
num_cat=25
split_feature=5 5 5 5 24 24 24 24 5 18 25 24 24 19 5 24 24 24 24 17 24 17 5 24 25 24 19 25 24 5 24 25 18 23 19 19 17 24 23 23 17 18 25 18 17 19 23 19 24 17 21 19 25 19 17 24 17 17 19 24 23 19
split_gain=9376.51 1487.31 859.7 353.264 253.661 226.984 111.918 104.468 89.5635 43.1862 38.6771 68.1487 38.03 34.2445 32.5732 30.2552 28.8757 25.3776 24.3077 23.0718 22.8709 22.5085 21.2863 21.1145 18.8995 50.2934 22.8044 17.8658 21.446 16.9742 16.3853 16.2351 17.9577 15.1764 14.4724 14.3505 14.1537 13.8838 13.3502 13.3374 13.1429 13.1156 13.0574 15.7063 12.8146 12.277 12.1687 11.9345 11.8092 12.3438 11.7238 11.6915 11.4742 11.3758 10.8195 10.7515 16.8031 15.3927 10.6069 10.573 10.1877 9.50333
threshold=1.6071428656578066 0.60714286565780651 2.6785713434219365 1.0357142686843874 0 1 2 3 3.9642857313156132 5.5000000000000009 4 5 6 27.500000000000004 0.39285714924335485 7 8 9 10 2.5000000000000004 11 3.5000000000000004 1.964285731315613 12 13 14 19.500000000000004 15 16 3.0357142686843877 17 18 5.5000000000000009 2.5000000000000004 18.500000000000004 29.500000000000004 3.5000000000000004 19 2.5000000000000004 2.5000000000000004 4.5000000000000009 7.5000000000000009 20 5.5000000000000009 2.5000000000000004 21.500000000000004 1.5000000000000002 43.500000000000007 21 5.5000000000000009 24.500000000000004 21.500000000000004 22 25.500000000000004 3.5000000000000004 23 1.5000000000000002 3.5000000000000004 18.500000000000004 24 1.0000000180025095e-35 24.500000000000004
decision_type=2 2 2 2 1 1 1 1 2 2 1 1 1 2 2 1 1 1 1 2 1 2 2 1 1 1 2 1 1 2 1 1 2 2 2 2 2 1 2 2 2 2 1 2 2 2 2 2 1 2 2 2 1 2 2 1 2 2 2 1 2 2
left_child=1 4 5 7 14 15 20 12 23 30 11 21 51 37 19 22 36 39 24 -1 -5 -11 -2 -4 26 40 -7 28 -15 -25 -8 44 -33 61 -27 48 41 52 47 42 -26 -12 -6 -44 -14 -32 -22 -34 -21 -50 -19 -3 54 -10 -9 57 -57 -29 -56 -13 -16 -18
right_child=2 3 8 6 17 18 9 13 53 10 16 59 31 27 60 -17 33 50 -20 35 46 -23 -24 29 25 34 -28 55 -30 -31 45 32 38 -35 -36 -37 -38 -39 -40 -41 -42 -43 43 -45 -46 -47 -48 -49 49 -51 -52 -53 -54 -55 58 56 -58 -59 -60 -61 -62 -63
leaf_value=0 0 0 0 0 0 0 0 0 0.0034688912499323929 0 0 0 0 0 0 0 0 0 0 0 0 0 0 0 0 0 0 0 0 0 0 0 0 0 0 0 0 0 0 0 0 0 0 0 0 0 0 0 0 0 0 0 0 0.0054316132947333827 0 0 0 0 0 0 0 0
leaf_weight=7493 6962 2706 2251 1196 3296 4561 442 740 33864 3777 2370 3424 2986 1408 14438 16806 1934 6238 8137 1896 11815 2867 11223 14511 4078 3504 8341 8568 2005 35140 24204 6540 9724 288 4288 6191 4253 9122 221 278 1639 3228 2122 7878 4012 685 331 2656 1485 507 1702 2089 4339 26869 336 2573 6372 6446 251 1261 401 13739
leaf_count=7493 6962 2706 2251 1196 3296 4561 442 740 33864 3777 2370 3424 2986 1408 14438 16806 1934 6238 8137 1896 11815 2867 11223 14511 4078 3504 8341 8568 2005 35140 24204 6540 9724 288 4288 6191 4253 9122 221 278 1639 3228 2122 7878 4012 685 331 2656 1485 507 1702 2089 4339 26869 336 2573 6372 6446 251 1261 401 13739
internal_value=-0.00686608 -0.011303 -0.001926 -0.00975707 -0.0155719 -0.00454886 -0.00832231 -0.0112452 -0.000306699 -0.00885653 -0.00950936 -0.00800626 -0.0125836 -0.0102578 -0.01726 -0.00284298 -0.010162 -0.0130147 -0.00627397 -0.0181393 -0.00580992 -0.00602615 -0.0036925 -0.0012218 -0.00582253 -0.00661979 -0.00498327 -0.0108886 -0.00870903 -0.00109214 -0.00790285 -0.0121084 -0.0125992 -0.00933924 -0.00819713 -0.0190766 -0.0114843 -0.00909697 -0.0132678 -0.0138529 -0.0044594 -0.0105048 -0.0139991 -0.0146014 -0.01075 -0.00778959 -0.00620286 -0.0133982 -0.0176481 -0.0195824 -0.011566 -0.0151436 -0.0103245 0.000475343 -0.0129761 -0.0111908 -0.010263 -0.0117364 -0.0100324 -0.0107955 -0.0162304 -0.00947049
internal_weight=385007 202833 182174 148908 53925 69539 75814 73094 112635 62472 37141 11329 30934 42160 32411 34991 25812 21514 34548 17572 13342 6644 18185 51902 26411 13509 12902 27372 3413 49651 25331 26139 19141 15961 7792 10079 9851 14788 12601 13574 5717 5598 13296 10000 6998 24889 12146 12380 3888 1992 7940 4795 5666 60733 1327 23959 8945 15014 587 4685 14839 15673
internal_count=385007 202833 182174 148908 53925 69539 75814 73094 112635 62472 37141 11329 30934 42160 32411 34991 25812 21514 34548 17572 13342 6644 18185 51902 26411 13509 12902 27372 3413 49651 25331 26139 19141 15961 7792 10079 9851 14788 12601 13574 5717 5598 13296 10000 6998 24889 12146 12380 3888 1992 7940 4795 5666 60733 1327 23959 8945 15014 587 4685 14839 15673
cat_boundaries=0 1 2 3 4 5 6 7 8 9 10 11 12 13 14 15 16 17 18 19 20 21 22 23 24 25
cat_threshold=131105 551242 553288 393253 1 99968 32 2312 427520 295172 104064 548928 99456 1 4096 1 16 32 1 32784 9 33 1 34432 393220
is_linear=0
shrinkage=0.03


Tree=71
num_leaves=63
num_cat=5
split_feature=7 7 7 7 7 15 7 15 7 13 22 19 20 15 19 15 19 22 7 15 22 19 7 19 19 13 14 15 19 13 22 19 7 25 13 27 14 25 11 15 19 13 19 14 9 14 5 14 7 13 13 19 15 25 19 25 13 13 13 13 15 14
split_gain=10076.5 1948.84 539.509 395.429 292.811 81.1497 67.1003 55.2353 47.5357 45.6233 44.2927 37.6596 35.7433 31.2237 30.6185 30.5594 25.2764 24.0229 22.0714 21.9298 21.1536 20.6034 17.3263 16.5415 16.3634 16.1738 15.6361 15.5057 15.4576 14.5235 14.4159 14.3344 13.3152 12.7287 11.8567 11.3347 10.9549 10.8357 10.828 10.6513 10.1705 10.1526 14.9944 10.1358 9.93123 9.77659 9.67833 9.549 9.38945 8.51988 9.57434 8.65696 8.48353 8.21791 8.15031 11.0714 16.2115 7.96089 7.93297 7.86379 7.5744 7.56002
threshold=1.741071403026581 0.81250000000000011 3.0267857313156132 0.49107143282890325 1.1339285969734194 0.88805964589118969 2.2053570747375493 0.85759276151657116 3.6517857313156132 3.2350000143051152 1.0000000180025095e-35 47.500000000000007 2.5000000000000004 0.86604186892509472 16.500000000000004 0.91289180517196666 43.500000000000007 1.0000000180025095e-35 1.4196428656578066 0.89709714055061351 1.0000000180025095e-35 6.5000000000000009 0.33035713434219366 21.500000000000004 25.500000000000004 9.6250000000000018 1.0543610453605654 0.78139832615852367 15.500000000000002 4.4949998855590829 1.0000000180025095e-35 42.500000000000007 0.63392856717109691 0 9.9949998855590838 1 1.0357472300529482 2 0.5892857313156129 0.71422553062438976 19.500000000000004 10.370000362396242 27.500000000000004 1.0379781723022463 1.1791118979454043 1.000000059604645 0.82142856717109691 1.069471061229706 1.9375000000000002 10.045000076293947 9.9049997329711932 51.500000000000007 1.1727437376976015 3 28.500000000000004 4 11.230000019073488 8.6549997329711932 11.230000019073488 5.9749999046325692 0.76397022604942333 1.1127845644950869
decision_type=2 2 2 2 2 2 2 2 2 2 2 2 2 2 2 2 2 2 2 2 2 2 2 2 2 2 2 2 2 2 2 2 2 1 2 1 2 1 2 2 2 2 2 2 2 2 2 2 2 2 2 2 2 1 2 1 2 2 2 2 2 2
left_child=1 3 6 17 7 36 13 35 -4 23 14 15 29 -2 18 39 25 22 -7 -8 31 32 -1 60 -10 46 38 -24 -21 -9 48 41 -17 -30 40 -3 -6 -18 58 -11 45 -14 -43 -41 -44 52 -16 -35 -15 50 51 -13 -29 -19 55 -27 -57 -31 -23 -26 -5 -33
right_child=2 4 8 9 5 10 19 12 24 11 -12 49 20 30 16 21 37 53 -20 28 -22 26 27 -25 59 54 -28 34 33 57 -32 61 -34 47 -36 -37 -38 -39 -40 43 -42 42 44 -45 -46 -47 -48 -49 -50 -51 -52 -53 -54 -55 -56 56 -58 -59 -60 -61 -62 -63
leaf_value=0 0 0 0 0 0 0 0 0 0.0037760626818262996 0 0 0 0 0 0 0 0 0 0 0 0 0 0 0 0.006050536661031853 0 0 0 0 0 0 0 0 0 0 0 0 0 0 0 0 0 0 0 0 0 0 0 0 0 0 0 0 0 0 0 0 0 0 -0.0026072236023489629 0 0
leaf_weight=9660 1990 1833 23990 146 4753 9902 4515 5867 38713 286 1929 2585 17869 9649 2248 656 5257 133 7826 8264 965 12496 426 5701 12051 4997 4417 518 16621 4786 587 13376 1070 13908 5362 2602 2593 4372 9700 2133 7900 230 2336 736 1091 1929 27309 879 12780 1685 491 366 319 600 6490 1483 1127 11096 1231 24254 4039 183
leaf_count=9660 1990 1833 23990 146 4753 9902 4515 5867 38713 286 1929 2585 17869 9649 2248 656 5257 133 7826 8264 965 12496 426 5701 12051 4997 4417 518 16621 4786 587 13376 1070 13908 5362 2602 2593 4372 9700 2133 7900 230 2336 736 1091 1929 27309 879 12780 1685 491 366 319 600 6490 1483 1127 11096 1231 24254 4039 183
internal_value=-0.00683771 -0.011108 -0.0013259 -0.015037 -0.00905178 -0.00785457 -0.0033583 -0.0105963 9.44773e-05 -0.0133989 -0.00815725 -0.0129249 -0.0108438 -0.00460018 -0.0082791 -0.0132995 -0.00863842 -0.0179498 -0.00719912 -0.00265551 -0.0114233 -0.0135989 -0.0181002 -0.0152136 0.000466208 -0.0089453 -0.0137961 -0.0175081 -0.00288097 -0.00988335 -0.00491189 -0.0115438 -0.0104183 -0.00318473 -0.0176582 -0.00736979 -0.00484917 -0.00724717 -0.0134874 -0.0104929 -0.0170797 -0.0120251 -0.0105849 -0.0110432 -0.0100872 -0.0155141 -0.0085465 -0.00382841 -0.00503335 -0.0105342 -0.0113899 -0.0107445 -0.0128065 -0.0125935 -0.00978144 -0.00911516 -0.0107977 -0.00941216 -0.0129452 8.6766e-06 -0.0137814 -0.0107798
internal_weight=385306 217105 168201 74585 142520 80286 69193 62234 99008 47738 72940 37852 57799 25006 71011 32725 53283 26847 17728 44187 36050 29570 26114 9886 75018 43654 27844 16454 39672 21749 23016 35085 1726 31408 16028 4435 7346 9629 23427 3155 10666 21526 3657 2869 3427 2766 29557 14787 22429 5127 3442 2951 837 733 14097 7607 2610 15882 13727 36305 4185 13559
internal_count=385306 217105 168201 74585 142520 80286 69193 62234 99008 47738 72940 37852 57799 25006 71011 32725 53283 26847 17728 44187 36050 29570 26114 9886 75018 43654 27844 16454 39672 21749 23016 35085 1726 31408 16028 4435 7346 9629 23427 3155 10666 21526 3657 2869 3427 2766 29557 14787 22429 5127 3442 2951 837 733 14097 7607 2610 15882 13727 36305 4185 13559
cat_boundaries=0 1 2 3 4 5
cat_threshold=6 1 1 2 10
is_linear=0
shrinkage=0.03


Tree=72
num_leaves=63
num_cat=5
split_feature=10 10 10 10 12 10 12 12 12 4 10 15 15 23 10 12 18 15 18 15 15 4 23 10 23 10 15 12 12 4 27 12 10 4 10 4 23 23 23 27 15 15 23 19 12 12 19 26 15 12 15 12 10 12 10 23 27 18 27 19 19 12
split_gain=9198.38 1525.32 808.714 326.541 206.782 167.538 98.5645 95.5436 57.5044 53.0905 48.4688 47.4623 46.1841 37.4263 33.2983 30.078 26.1261 23.4886 23.4452 21.4314 20.882 20.6939 20.4581 19.6484 18.8106 18.3121 18.2766 17.5302 17.4131 16.4506 16.2506 17.1697 16.1949 16.0201 15.8328 15.556 12.1528 11.8892 11.7351 12.294 11.7164 11.1088 10.6221 10.447 9.69863 9.10351 8.9246 8.84012 10.662 8.76815 8.5456 8.47974 8.3051 8.2632 7.92315 9.27043 7.84914 7.81473 9.50511 11.7645 7.88482 7.41981
threshold=1.6342942714691164 0.86565703153610241 2.5373482704162602 1.2573741078376772 1.8750000000000002 0.62423235177993786 0.87500000000000011 0.62500000000000011 3.1250000000000004 1.5000000000000002 2.0576819181442265 0.80754438042640697 0.8750000298023225 2.5000000000000004 1.4148896932601931 0.37500000000000006 6.5000000000000009 0.89113023877143871 2.5000000000000004 0.83184513449668895 0.78139832615852367 3.928571462631226 2.5000000000000004 0.78204792737960827 1.0000000180025095e-35 2.0415017604827885 0.86276194453239452 2.8750000000000004 1.6250000000000002 0.92857143282890331 0 1.0000000180025095e-35 2.8413627147674565 0.78571429848670971 1.1461999416351321 3.5000000000000004 2.5000000000000004 1.0000000180025095e-35 2.5000000000000004 1 0.94937798380851757 0.91289180517196666 1.5000000000000002 42.500000000000007 0.87500000000000011 3.8750000000000004 48.500000000000007 2 0.74655434489250194 1.1250000000000002 0.80118870735168468 1.3750000000000002 0.73148912191391002 5.3750000000000009 0.94457358121871959 1.5000000000000002 3 6.5000000000000009 4 5.5000000000000009 49.500000000000007 2.6250000000000004
decision_type=2 2 2 2 2 2 2 2 2 2 2 2 2 2 2 2 2 2 2 2 2 2 2 2 2 2 2 2 2 2 1 2 2 2 2 2 2 2 2 1 2 2 2 2 2 2 2 1 2 2 2 2 2 2 2 2 1 2 1 2 2 2
left_child=1 5 4 6 9 24 11 26 32 37 27 -3 -9 14 -14 20 29 -11 -13 -18 -7 -10 34 47 50 42 -5 33 -16 -8 -20 -32 51 -6 43 45 -25 44 39 -28 -35 -31 49 -21 56 -12 54 -17 -49 -19 -1 -4 -22 -23 -33 -56 -2 58 59 -52 -59 -30
right_child=2 3 8 7 10 15 16 12 21 17 35 18 13 -15 28 23 19 25 30 22 52 53 -24 36 -26 -27 38 -29 61 41 31 46 -34 40 -36 -37 -38 -39 -40 -41 -42 -43 -44 -45 -46 -47 -48 48 -50 -51 57 -53 -54 -55 55 -57 -58 60 -60 -61 -62 -63
leaf_value=0 0 0 0 0 0 0 0 0 0 0 0 0 0 0 0 0 0 0 0 0 0 0.0036090810347656197 0 0 0 0 0 0 0 0 0 0 -0.00027361910418983971 0 0 0 0 0 0 0 0 0 0 0 0 0 0 0 0 0 0 0 0 0.0032515426319796314 0 0 0 0 0 0 0 0
leaf_weight=760 754 2217 2189 889 567 466 7315 4098 25814 2245 15275 3246 20664 904 13180 4567 1430 5120 3650 10061 5826 22675 390 9920 524 9933 1966 6976 8744 1100 3899 6225 21654 1230 6779 5419 188 304 209 8755 10703 9064 296 4927 7680 5083 2456 152 8743 6724 603 8842 7172 21167 19668 479 3605 11270 2355 1674 1378 2914
leaf_count=760 754 2217 2189 889 567 466 7315 4098 25814 2245 15275 3246 20664 904 13180 4567 1430 5120 3650 10061 5826 22675 390 9920 524 9933 1966 6976 8744 1100 3899 6225 21654 1230 6779 5419 188 304 209 8755 10703 9064 296 4927 7680 5083 2456 152 8743 6724 603 8842 7172 21167 19668 479 3605 11270 2355 1674 1378 2914
internal_value=-0.00683946 -0.0112806 -0.00199883 -0.00966297 -0.00422038 -0.0155062 -0.0108963 -0.00802225 -0.000220703 -0.00589501 -0.0028637 -0.0119211 -0.00745402 -0.00772361 -0.0078437 -0.0143403 -0.00985224 -0.00508167 -0.0121601 -0.0105036 -0.0154715 0.000266424 -0.0107334 -0.0136941 -0.0178323 -0.00537901 -0.0104504 -0.00399322 -0.00710347 -0.00897322 -0.0123781 -0.0125899 -0.00125883 -0.0046656 -0.0108554 -0.00201028 -0.0126945 -0.00749745 -0.0107868 -0.0109241 -0.00443149 -0.00819244 -0.00616063 -0.0113995 -0.0076454 -0.00239051 -0.0123372 -0.0144447 -0.0137434 -0.00630091 -0.017995 -0.00219445 -0.0156952 0.0006632 -0.0124983 -0.0122092 -0.00877564 -0.0181319 -0.0170777 -0.0156957 -0.018518 -0.00625888
internal_weight=385082 200827 184255 145229 81914 55598 82906 62323 102341 36661 45253 41840 50504 46406 45502 37034 41066 24318 39623 23587 13464 69656 22157 23570 18564 22073 11819 19476 24838 17479 36377 32727 32685 12500 21767 25777 10108 12343 10930 10721 11933 10164 12140 14988 12039 20358 28828 13462 8895 11844 18040 11031 12998 43842 26372 20147 4359 17280 4632 2277 12648 11658
internal_count=385082 200827 184255 145229 81914 55598 82906 62323 102341 36661 45253 41840 50504 46406 45502 37034 41066 24318 39623 23587 13464 69656 22157 23570 18564 22073 11819 19476 24838 17479 36377 32727 32685 12500 21767 25777 10108 12343 10930 10721 11933 10164 12140 14988 12039 20358 28828 13462 8895 11844 18040 11031 12998 43842 26372 20147 4359 17280 4632 2277 12648 11658
cat_boundaries=0 1 2 3 4 5
cat_threshold=2 2 2 2 1
is_linear=0
shrinkage=0.03


Tree=73
num_leaves=63
num_cat=16
split_feature=6 6 6 6 6 24 6 15 24 12 15 23 6 24 24 24 24 15 15 22 6 22 10 6 12 15 23 18 24 25 10 24 12 15 18 13 18 24 10 12 13 24 18 25 18 18 24 12 15 18 6 18 24 25 24 10 15 10 15 12 12 14
split_gain=9941.17 1660.08 826.17 299.227 293.849 150.048 82.6067 79.7757 64.5583 64.3624 50.5956 49.296 36.8167 34.6864 28.9546 28.2927 27.8988 23.7876 23.2839 22.9292 22.3752 22.018 20.5179 19.2797 17.4484 16.7488 16.4837 14.2286 17.9878 21.6289 14.2107 14.1288 14.0975 13.8078 13.4533 13.0093 12.8532 12.3631 12.3271 12.2686 11.9155 11.8234 11.2248 11.1213 11.0444 10.9481 10.8903 10.1898 10.1367 9.9342 9.93304 9.88659 9.85701 9.76673 15.0192 9.48748 9.32241 9.31578 8.95743 8.94342 8.89924 8.60274
threshold=1.5892856717109682 0.73214286565780651 2.6607142686843877 1.053571403026581 0.44642856717109686 0 3.553571462631226 0.91289180517196666 1 0.62500000000000011 0.83881488442420971 2.5000000000000004 1.9821428656578066 2 3 4 5 0.8609888255596162 0.80553331971168529 1.0000000180025095e-35 2.0178571939468388 1.0000000180025095e-35 1.4148896932601931 4.9821429252624521 1.6250000000000002 0.84593328833580028 2.5000000000000004 4.5000000000000009 6 7 0.78204792737960827 8 1.3750000000000002 0.89709714055061351 11.500000000000002 2.120000004768372 6.5000000000000009 9 2.8413627147674565 2.6250000000000004 3.2849999666213994 10 5.5000000000000009 11 6.5000000000000009 10.500000000000002 12 1.3750000000000002 0.84091734886169445 2.5000000000000004 0.30357143282890325 5.5000000000000009 13 14 15 1.2087581753730776 0.78840944170951854 2.8413627147674565 0.72387105226516735 0.62500000000000011 1.8750000000000002 1.0379781723022463
decision_type=2 2 2 2 2 1 2 2 1 2 2 2 2 1 1 1 1 2 2 2 2 2 2 2 2 2 2 2 1 1 2 1 2 2 2 2 2 1 2 2 2 1 2 1 2 2 1 2 2 2 2 2 1 1 1 2 2 2 2 2 2 2
left_child=1 4 5 10 15 20 38 58 18 13 37 16 17 -9 44 21 24 -7 -6 32 46 35 36 -8 43 61 27 47 -29 -30 -20 -13 40 -14 41 -1 -18 55 52 -24 -16 51 -42 -11 -12 -44 -2 -19 -48 -35 -37 -27 -4 54 -38 -3 -22 60 -5 -43 -58 -10
right_child=2 3 6 7 8 12 23 9 25 11 14 31 33 -15 19 -17 22 26 30 -21 56 -23 39 -25 -26 34 -28 28 29 -31 -32 -33 -34 49 -36 50 53 -39 -40 -41 42 59 45 -45 -46 -47 48 -49 -50 -51 -52 -53 -54 -55 -56 -57 57 -59 -60 -61 -62 -63
leaf_value=0 0 0 0 0 0 0 -0.00027585629350027237 0 0 0 0 -8.345932407590896e-05 0 0 0 0 0 0 0 0 0.024217106192161827 0 0 0.0032461808805102385 0 0 0 0 0 0 0 0 0 0 0 0 0 0 -0.0001019199570191304 0 0 0 0 0 0 0 0.024043251693549657 0 0 0 0 0 0 0 0 0 0 8.2085731256951907e-06 0 0 0 0
leaf_weight=4655 991 1323 12229 1215 940 1830 45539 2986 1182 3335 4062 150 1418 9042 2130 2303 10915 2705 8046 1045 1066 621 13990 31352 7026 3383 390 4171 5784 4673 8505 957 7335 976 2741 7598 1120 1999 11830 1470 8396 3793 16835 9053 9920 6106 297 4501 5370 13277 10016 9760 14147 5987 2477 334 7239 711 6417 3009 12098 371
leaf_count=4655 991 1323 12229 1215 940 1830 45539 2986 1182 3335 4062 150 1418 9042 2130 2303 10915 2705 8046 1045 1066 621 13990 31352 7026 3383 390 4171 5784 4673 8505 957 7335 976 2741 7598 1120 1999 11830 1470 8396 3793 16835 9053 9920 6106 297 4501 5370 13277 10016 9760 14147 5987 2477 334 7239 711 6417 3009 12098 371
internal_value=-0.00682375 -0.0114 -0.00174742 -0.00949217 -0.0152664 -0.00438255 -0.000202082 -0.00824665 -0.0137218 -0.00857077 -0.0110864 -0.00814642 -0.0055655 -0.0105634 -0.0113103 -0.0178248 -0.00827174 -0.00630407 -0.0151481 -0.0117201 -0.0026875 -0.0181677 -0.00877681 0.000364451 -0.00732794 -0.0126811 -0.00657478 -0.00668398 -0.00722149 -0.0078971 -0.0154176 -0.00187805 -0.0118353 -0.00443539 -0.0128926 -0.018331 -0.00940158 -0.0076674 -0.00134225 -0.00795407 -0.0120964 -0.0131634 -0.0119488 -0.00800904 -0.0100682 -0.0122923 -0.00420487 -0.00559284 -0.00471006 -0.00471627 -0.0187038 -0.0137551 -0.00170314 -0.0102033 -0.00881037 -0.00963347 -0.00221029 -0.00235565 -0.00533726 -0.0119824 -0.00247965 -0.00967225
internal_weight=385142 202548 182594 135625 66923 67497 115097 76140 41730 68508 59485 56480 39725 12028 55829 25193 55373 24054 17491 41847 27772 22890 35959 76891 19414 24239 22224 21834 14628 10457 16551 1107 40802 15671 22686 22269 20499 3656 38206 15460 33467 19945 31337 12388 13982 22941 6658 7206 5667 14253 17614 13143 26376 9584 3597 1657 21114 20048 7632 6802 19337 1553
internal_count=385142 202548 182594 135625 66923 67497 115097 76140 41730 68508 59485 56480 39725 12028 55829 25193 55373 24054 17491 41847 27772 22890 35959 76891 19414 24239 22224 21834 14628 10457 16551 1107 40802 15671 22686 22269 20499 3656 38206 15460 33467 19945 31337 12388 13982 22941 6658 7206 5667 14253 17614 13143 26376 9584 3597 1657 21114 20048 7632 6802 19337 1553
cat_boundaries=0 1 2 3 4 5 6 7 8 9 10 11 12 13 14 15 16
cat_threshold=550986 131105 131121 72072 131109 545176 4352 1 32772 131125 295044 1 532480 543490 1 262149
is_linear=0
shrinkage=0.03


Tree=74
num_leaves=63
num_cat=13
split_feature=6 6 6 6 6 24 6 15 23 24 12 15 15 24 6 22 24 12 24 24 6 15 24 6 6 15 19 10 13 10 23 19 24 19 12 24 19 18 19 19 24 22 13 19 13 6 10 24 24 13 10 19 15 19 19 21 24 12 21 21 10 15
split_gain=10003.8 1738.17 777.177 323.964 295.066 148.873 77.3254 73.9055 71.1562 67.2919 54.1208 51.9239 37.0105 36.2667 33.5553 32.5337 26.2874 24.6097 23.4004 23.0378 22.379 22.1544 21.1714 20.3448 20.2046 20.1392 20.0212 19.3575 18.0083 15.154 14.8841 14.3696 16.406 13.8223 13.1889 12.5356 12.4729 12.4668 12.3892 12.2505 11.9359 11.671 11.5679 10.5105 10.4518 10.014 9.25672 9.2522 9.12528 9.09202 9.52867 9.04558 8.99715 8.99497 12.4034 13.196 11.8404 9.11955 8.935 8.92278 8.78764 9.40332
threshold=1.6250000000000002 0.73214286565780651 2.6607142686843877 1.0892856717109682 0.44642856717109686 0 3.553571462631226 0.91289180517196666 2.5000000000000004 1 0.62500000000000011 0.83881488442420971 0.9991869628429414 2 1.9821428656578066 1.0000000180025095e-35 3 1.6250000000000002 4 5 0.94642856717109691 0.80553331971168529 6 2.0178571939468388 4.8750000000000009 0.84593328833580028 47.500000000000007 2.8413627147674565 2.120000004768372 0.78204792737960827 2.5000000000000004 18.500000000000004 7 23.500000000000004 0.87500000000000011 8 16.500000000000004 6.5000000000000009 18.500000000000004 11.500000000000002 9 1.0000000180025095e-35 2.8299999237060551 31.500000000000004 4.0750000476837167 1.2321428656578066 1.4031206369400027 10 11 7.0650000572204599 1.0678504705429079 16.500000000000004 0.89709714055061351 45.500000000000007 33.500000000000007 8.5000000000000018 12 0.87500000000000011 10.500000000000002 5.5000000000000009 2.8413627147674565 0.79504477977752697
decision_type=2 2 2 2 2 1 2 2 2 1 2 2 2 1 2 2 1 2 1 1 2 2 1 2 2 2 2 2 2 2 2 2 1 2 2 1 2 2 2 2 1 2 2 2 2 2 2 1 1 2 2 2 2 2 2 2 1 2 2 2 2 2
left_child=1 4 5 11 16 23 27 -5 10 21 18 40 -7 34 30 20 28 19 -9 46 39 -6 -19 35 -8 -11 -27 47 -1 -23 31 48 -33 -21 -13 -2 -31 -22 -16 -15 58 44 -41 -34 -18 -35 -12 -4 -14 -38 -51 -48 -49 54 56 -56 -44 -58 -3 -39 61 -25
right_child=2 3 6 7 9 12 24 8 -10 25 17 13 14 15 38 -17 41 22 -20 33 37 29 -24 60 -26 26 -28 -29 -30 36 -32 32 43 45 -36 -37 49 59 -40 42 -42 -43 53 -45 -46 -47 51 52 -50 50 -52 -53 -54 -55 55 -57 57 -59 -60 -61 -62 -63
leaf_value=0 0 0 0 0 0 0 -0.00038490261242006958 0 0 0 0 0 0 0 0 0 0 0 0 0 0 0 0 0.023393952448267835 0.003242772681653636 0 0 -9.8862358308556494e-05 0 0 -3.7689043038020079e-05 0 0 0 0 0 0 0 0 0 0 0 0 0 0 0 0 -0.0016895574791159563 0 0 0 0 0 0 0 0 0 0 0 0 7.9623159319243351e-06 0
leaf_weight=4791 996 594 7279 7247 923 3534 42688 3509 1290 1563 9132 7945 1092 3335 4787 1204 806 4956 7022 6994 7190 8105 14981 1169 34110 19532 3185 11837 16140 1892 340 3634 4972 2882 7773 5361 2993 1603 9382 1537 2139 120 4503 3385 3374 7189 2141 1768 5651 3557 112 5307 17443 3956 2597 6617 2881 2288 1262 8569 772 19246
leaf_count=4791 996 594 7279 7247 923 3534 42688 3509 1290 1563 9132 7945 1092 3335 4787 1204 806 4956 7022 6994 7190 8105 14981 1169 34110 19532 3185 11837 16140 1892 340 3634 4972 2882 7773 5361 2993 1603 9382 1537 2139 120 4503 3385 3374 7189 2141 1768 5651 3557 112 5307 17443 3956 2597 6617 2881 2288 1262 8569 772 19246
internal_value=-0.00681471 -0.01133 -0.00163794 -0.00941173 -0.0152939 -0.00427927 -0.000162215 -0.00802959 -0.0083481 -0.0137493 -0.00848847 -0.0109333 -0.00552856 -0.0111469 -0.00584036 -0.011582 -0.0178565 -0.00810205 -0.0104546 -0.00859697 -0.0117145 -0.0151992 -0.00726684 -0.00260826 0.000387041 -0.0126879 -0.0129198 -0.00126279 -0.0183371 -0.0154585 -0.00666184 -0.00677474 -0.0073978 -0.00779121 -0.00985224 -0.00409769 -0.0145777 -0.0108699 -0.00473449 -0.0122436 -0.00761827 -0.0154385 -0.0124768 -0.00814378 -0.0157392 -0.0085073 -0.00941591 -0.00171348 -0.00566677 -0.0151882 -0.0141872 -0.00863668 -0.00205853 -0.0123073 -0.0125798 -0.0133675 -0.0118294 -0.0107053 -0.00942765 -0.0115458 -0.0021626 -0.00228141
internal_weight=385182 205736 179446 138643 67093 64321 115125 72650 65403 41862 64113 65993 36777 61998 33243 46280 25231 53582 10531 33645 45076 17582 19937 27544 76798 24280 22717 38327 20931 16659 19074 18734 11991 17065 15718 6357 8554 17362 14169 27714 3995 4300 24379 8357 4180 10071 16580 26490 6743 6662 3669 7448 19211 22842 18886 9214 9672 5169 1856 10172 21187 20415
internal_count=385182 205736 179446 138643 67093 64321 115125 72650 65403 41862 64113 65993 36777 61998 33243 46280 25231 53582 10531 33645 45076 17582 19937 27544 76798 24280 22717 38327 20931 16659 19074 18734 11991 17065 15718 6357 8554 17362 14169 27714 3995 4300 24379 8357 4180 10071 16580 26490 6743 6662 3669 7448 19211 22842 18886 9214 9672 5169 1856 10172 21187 20415
cat_boundaries=0 1 2 3 4 5 6 7 8 9 10 11 12 13
cat_threshold=550986 131105 72072 131105 163889 491573 265249 4352 532480 133173 18946 131088 262149
is_linear=0
shrinkage=0.03


Tree=75
num_leaves=63
num_cat=18
split_feature=7 7 7 7 7 7 23 15 24 12 15 12 6 15 19 24 23 19 12 15 6 19 19 19 25 24 12 23 24 17 24 24 19 24 24 7 12 17 19 25 14 24 19 15 24 24 17 27 19 24 17 17 24 7 15 24 17 24 7 15 15 7
split_gain=10259.8 1937.1 496.688 406.492 315.222 83.1641 79.542 78.893 65.8295 63.8788 56.7878 51.0862 36.5389 34.2569 33.4989 33.2595 31.6762 31.0107 29.8593 26.9385 23.962 23.8496 20.7446 20.1304 20.2204 19.1399 18.7626 18.7009 18.5221 17.3612 27.7976 16.2486 18.3103 15.527 15.2423 14.7807 14.1225 13.7831 13.4363 18.3677 13.1423 13.0119 17.4001 14.7448 12.2139 12.1155 13.8065 12.7086 11.621 11.4832 12.0638 11.1876 16.5405 10.9261 10.679 10.3726 20.0994 10.3659 11.829 10.3528 10.236 9.95912
threshold=1.741071403026581 0.81250000000000011 3.0267857313156132 0.50892856717109691 1.151785731315613 2.4196429252624516 2.5000000000000004 0.91289180517196666 0 0.62500000000000011 0.8750000298023225 1.3750000000000002 4.8392858505249032 0.84179055690765392 25.500000000000004 1 1.0000000180025095e-35 47.500000000000007 2.6250000000000004 0.91289180517196666 0.51785713434219371 42.500000000000007 16.500000000000004 16.500000000000004 2 3 2.3750000000000004 1.0000000180025095e-35 4 3.5000000000000004 5 6 25.500000000000004 7 8 3.5803570747375493 1.0000000180025095e-35 4.5000000000000009 18.500000000000004 9 1.0516129136085512 10 23.500000000000004 0.89709714055061351 11 12 4.5000000000000009 13 17.500000000000004 14 3.5000000000000004 4.5000000000000009 15 0.65178570151329052 0.9991869628429414 16 1.0000000180025095e-35 17 1.491071403026581 0.83184513449668895 0.71422553062438976 1.401785731315613
decision_type=2 2 2 2 2 2 2 2 1 2 2 2 2 2 2 1 2 2 2 2 2 2 2 2 1 1 2 2 1 2 1 1 2 1 1 2 2 2 2 1 2 1 2 2 1 1 2 1 2 1 2 2 1 2 2 1 2 1 2 2 2 2
left_child=1 3 5 16 10 13 7 -6 22 25 -3 14 35 -2 28 -15 20 19 23 60 29 -16 54 33 34 -9 38 45 36 -1 -31 37 -33 -11 -25 -4 -12 -26 39 -17 -21 42 -7 -43 -20 -13 -47 -48 -24 -40 -51 55 -53 59 -5 56 -45 -39 -59 -50 -10 -35
right_child=2 4 12 8 6 41 -8 9 17 18 11 27 -14 15 21 26 -18 -19 44 40 -22 -23 48 24 31 -27 -28 -29 -30 30 -32 32 -34 61 -36 -37 -38 57 49 -41 -42 43 -44 51 -46 46 47 -49 53 50 -52 52 -54 -55 -56 -57 -58 58 -60 -61 -62 -63
leaf_value=0 0 0 0 0 0 0 0 0 0 0 0 0 0.0031203632592208081 0 0 0 0 0 0 0 0 0 0 0 0 0 0 0 0 0 0 0 0 0 0 5.939081144133776e-05 0 0 0 0 0 0 0 0 0 0 0 0 0 0 0 0 0 0 0 0 0 0 0 0 0 0
leaf_weight=14034 2525 4955 21590 183 7365 168 1481 4700 288 3429 555 5541 35017 5246 18704 2850 796 4298 779 18605 3426 11242 365 2906 7791 5981 8907 306 9107 5650 4943 8327 7755 4844 9514 42245 7043 2171 9913 3122 3319 3264 153 1616 4379 5678 1063 836 555 1823 1760 3868 4713 4701 3865 13086 6423 736 320 7332 2377 4755
leaf_count=14034 2525 4955 21590 183 7365 168 1481 4700 288 3429 555 5541 35017 5246 18704 2850 796 4298 779 18605 3426 11242 365 2906 7791 5981 8907 306 9107 5650 4943 8327 7755 4844 9514 42245 7043 2171 9913 3122 3319 3264 153 1616 4379 5678 1063 836 555 1823 1760 3868 4713 4701 3865 13086 6423 736 320 7332 2377 4755
internal_value=-0.00681385 -0.011125 -0.00125482 -0.0150356 -0.0090706 -0.00319943 -0.0077748 -0.00790941 -0.0132814 -0.00822713 -0.0106096 -0.0108642 0.000111136 -0.00419582 -0.0113335 -0.00444892 -0.017826 -0.0123784 -0.00783267 -0.0127936 -0.0179935 -0.0119339 -0.0147997 -0.00804647 -0.0083836 -0.0103583 -0.00485485 -0.00923331 -0.0102571 -0.0183205 -0.0192373 -0.00885614 -0.00949254 -0.00702379 -0.0073395 -0.000316049 -0.0114046 -0.00791948 -0.00537836 -0.00419357 -0.0131398 -0.0021176 -0.0080574 -0.0020567 -0.00565452 -0.00940433 -0.00855002 -0.0107757 -0.0153942 -0.00590264 -0.00739521 -0.00226762 -0.0031811 -0.0152412 -0.0129338 -0.00189657 -0.00104398 -0.00627797 -0.0087636 -0.0159235 -0.00994559 -0.00637246
internal_weight=385289 217000 168289 74737 142263 69437 77233 75752 45888 68387 65030 60075 98852 36146 46651 33621 28849 28887 57706 24589 28053 29946 17001 52548 39520 10681 28375 13424 16705 24627 10593 27100 16082 13028 12420 63835 7598 11018 19468 5972 21924 33291 321 32970 5158 13118 7577 1899 12953 13496 3583 29706 8581 12588 4048 21125 8039 3227 1056 7887 2665 9599
internal_count=385289 217000 168289 74737 142263 69437 77233 75752 45888 68387 65030 60075 98852 36146 46651 33621 28849 28887 57706 24589 28053 29946 17001 52548 39520 10681 28375 13424 16705 24627 10593 27100 16082 13028 12420 63835 7598 11018 19468 5972 21924 33291 321 32970 5158 13118 7577 1899 12953 13496 3583 29706 8581 12588 4048 21125 8039 3227 1056 7887 2665 9599
cat_boundaries=0 1 2 3 4 5 6 7 8 9 10 11 12 13 14 15 16 17 18
cat_threshold=32801 548928 1 269452 426032 131073 6424 395280 393221 1 32768 264197 263717 1 72456 8896 19010 4368
is_linear=0
shrinkage=0.03


Tree=76
num_leaves=63
num_cat=12
split_feature=7 7 7 7 7 7 15 15 24 7 19 10 15 7 24 13 17 19 19 24 24 15 17 6 24 10 24 19 19 21 19 19 7 11 15 5 19 24 19 19 10 15 24 24 19 21 19 17 24 14 21 17 21 17 15 21 24 21 21 24 17 5
split_gain=10211.8 1841.89 567.194 380.62 298.581 94.994 70.2383 67.8071 55.5902 54.1106 37.1164 31.9801 31.5897 27.6667 26.8739 26.7569 34.5061 21.9729 21.918 19.294 19.1608 18.7439 18.5876 17.4199 17.3095 15.9303 17.5521 15.734 15.5586 14.8709 13.8685 13.7699 13.7101 13.5319 13.3996 12.8793 12.5386 12.5304 12.2564 12.0384 11.7552 11.5545 11.4898 11.3253 10.8769 10.8711 10.7592 10.6942 13.3969 10.6821 10.3153 10.3106 10.1278 10.0828 12.2354 11.2558 11.2112 9.97507 9.84441 11.3678 9.77718 9.6447
threshold=1.6875000000000002 0.74107143282890331 2.9017857313156132 1.1339285969734194 0.50892856717109691 2.1696429252624516 0.84091734886169445 0.91289180517196666 0 3.616071462631226 10.500000000000002 2.8413627147674565 0.8609888255596162 0.97321429848670971 1 10.444999694824221 2.5000000000000004 16.500000000000004 47.500000000000007 2 3 0.91289180517196666 5.5000000000000009 5.1250000000000009 4 0.89177924394607555 5 25.500000000000004 18.500000000000004 27.500000000000004 43.500000000000007 13.500000000000002 1.3482142686843874 0.19642857462167743 0.83184513449668895 0.53571429848670971 21.500000000000004 6 36.500000000000007 46.500000000000007 1.2573741078376772 0.84179055690765392 7 8 24.500000000000004 15.500000000000002 25.500000000000004 2.5000000000000004 9 1.0797962546348574 1.5000000000000002 4.5000000000000009 18.500000000000004 2.5000000000000004 0.94937798380851757 14.500000000000002 10 3.5000000000000004 19.500000000000004 11 2.5000000000000004 0.75000000000000011
decision_type=2 2 2 2 2 2 2 2 1 2 2 2 2 2 1 2 2 2 2 1 1 2 2 2 1 2 1 2 2 2 2 2 2 2 2 2 2 1 2 2 2 2 1 1 2 2 2 2 1 2 2 2 2 2 2 2 1 2 2 1 2 2
left_child=1 4 5 6 15 12 37 -5 34 -4 35 20 -2 19 32 25 -17 42 21 45 41 -10 -18 47 31 26 -1 -28 -22 44 -29 -14 -9 -13 52 -8 -36 -3 50 61 46 -7 51 -26 -23 -12 -15 48 -11 57 -38 -16 -6 54 -37 56 -56 -43 -42 -60 -27 -19
right_child=2 3 9 7 8 11 10 14 18 23 13 33 24 40 17 16 22 39 -20 -21 28 29 -24 -25 43 60 27 30 -30 -31 -32 -33 -34 -35 36 53 38 -39 -40 -41 58 49 -44 -45 -46 -47 -48 -49 -50 -51 -52 -53 -54 -55 55 -57 -58 -59 59 -61 -62 -63
leaf_value=0 0 0 0 0 0 -0.0033542607611401639 0 0 0 -0.0061103650365014464 0 -0.00012463129926866827 0 0 0 0 0 0 0 0 0 0 0 0.0028988398577934147 0 0 0 0 0 0 0 0 0 7.7234464539666055e-06 0 0 0 0 0 0 0 0 0 0 0 0 0 0.0076627626410571527 0.00014309647670241279 0 0 0 0 0 0 0 0 0 0 0 0 0
leaf_weight=1870 2063 2354 27984 7559 539 1846 481 6430 1937 5260 5450 1836 1053 4609 3628 3504 3410 1714 2914 25631 3870 3959 1162 27926 696 585 4148 7416 7876 1556 5800 5318 12032 2170 4642 130 205 2239 3383 3422 4976 2145 8711 17717 9530 5829 10335 27534 15422 601 5084 1593 225 5090 779 1732 1260 20246 1710 1493 814 31688
leaf_count=1870 2063 2354 27984 7559 539 1846 481 6430 1937 5260 5450 1836 1053 4609 3628 3504 3410 1714 2914 25631 3870 3959 1162 27926 696 585 4148 7416 7876 1556 5800 5318 12032 2170 4642 130 205 2239 3383 3422 4976 2145 8711 17717 9530 5829 10335 27534 15422 601 5084 1593 225 5090 779 1732 1260 20246 1710 1493 814 31688
internal_value=-0.00682273 -0.0112012 -0.00137245 -0.00940543 -0.0155237 -0.00351586 -0.0109392 -0.00792515 -0.0136204 1.57311e-05 -0.0111767 -0.00260015 -0.00490032 -0.0114521 -0.00821977 -0.0177761 -0.01924 -0.00858374 -0.0125546 -0.0119618 -0.0028788 -0.0129734 -0.0209567 0.000430328 -0.00519722 -0.0172031 -0.0174279 -0.0177603 -0.00387989 -0.013331 -0.0182765 -0.00656276 -0.00721059 -5.54168e-05 -0.0151069 -0.00943138 -0.0153393 -0.00734618 -0.0160129 -0.00896937 -0.0106384 -0.00240285 -0.00757063 -0.00471861 -0.0136513 -0.01084 -0.0111388 8.49926e-05 -0.000430519 -0.00258716 -0.0169149 -0.00638826 -0.0112539 -0.00917551 -0.00802794 -0.00771599 -0.00922658 -0.00248122 -0.00972405 -0.00842679 -0.0141122 -0.00914299
internal_weight=385121 213558 171563 150875 62683 67437 74098 76777 33974 104126 69505 40590 26847 60033 69218 28709 8076 50756 19896 36910 36584 16982 4572 76142 24784 20633 19234 17364 11746 15045 13216 6371 18462 4006 14078 9472 13314 4593 8672 36824 23123 24838 13932 18413 13489 11279 14944 48216 20682 22992 5289 5221 764 8991 3901 3771 2039 22391 8179 3203 1399 33402
internal_count=385121 213558 171563 150875 62683 67437 74098 76777 33974 104126 69505 40590 26847 60033 69218 28709 8076 50756 19896 36910 36584 16982 4572 76142 24784 20633 19234 17364 11746 15045 13216 6371 18462 4006 14078 9472 13314 4593 8672 36824 23123 24838 13932 18413 13489 11279 14944 48216 20682 22992 5289 5221 764 8991 3901 3771 2039 22391 8179 3203 1399 33402
cat_boundaries=0 1 2 3 4 5 6 7 8 9 10 11 12
cat_threshold=32801 4488 204168 550986 132245 295440 364040 33316 524288 16640 66565 296324
is_linear=0
shrinkage=0.03


Tree=77
num_leaves=63
num_cat=7
split_feature=7 7 7 7 7 7 15 15 22 7 19 20 15 15 10 22 21 17 19 7 19 7 19 6 19 7 22 21 15 10 10 7 19 19 14 19 25 25 19 22 19 7 17 10 6 14 27 17 14 15 27 5 25 25 21 14 15 27 14 10 21 14
split_gain=10218.1 1853.54 574.897 408.106 305.208 92.4841 84.4415 60.374 55.7559 53.361 39.6195 35.7736 31.6136 30.0092 29.3674 29.0934 25.545 25.0521 23.7798 22.8321 22.7415 22.2475 21.7154 18.4292 18.2683 15.5498 14.9407 14.9285 14.2556 14.222 14.1602 14.0765 13.5413 12.7353 11.9917 11.2418 11.6609 11.0574 14.8929 10.5045 10.442 11.5646 10.3742 10.3148 9.68715 9.79038 11.8793 10.6816 9.56415 12.0054 9.30666 9.26382 9.25124 9.06591 8.79919 11.2378 8.73265 8.6495 8.62448 8.43338 8.34649 8.34567
threshold=1.6875000000000002 0.81250000000000011 2.8839285373687749 0.50892856717109691 1.151785731315613 2.1696429252624516 0.91289180517196666 0.87994369864463817 1.0000000180025095e-35 3.6517857313156132 47.500000000000007 2.5000000000000004 0.8609888255596162 0.83881488442420971 2.8413627147674565 1.0000000180025095e-35 13.500000000000002 2.5000000000000004 16.500000000000004 0.61607143282890331 6.5000000000000009 0.36607143282890325 43.500000000000007 5.1250000000000009 42.500000000000007 1.4375000000000002 1.0000000180025095e-35 9.5000000000000018 0.89709714055061351 0.90209394693374645 1.2894279956817629 1.901785731315613 24.500000000000004 38.500000000000007 1.0379781723022463 15.500000000000002 0 1 7.5000000000000009 1.0000000180025095e-35 27.500000000000004 0.33035713434219366 2.5000000000000004 1.1755914092063906 1.1607143282890322 1.0263267159461977 2 4.5000000000000009 1.023218631744385 0.79887476563453685 3 0.53571429848670971 4 5 20.500000000000004 1.0712260007858279 0.9991869628429414 6 1.0150708556175234 1.4800971746444704 26.500000000000004 1.0277667641639712
decision_type=2 2 2 2 2 2 2 2 2 2 2 2 2 2 2 2 2 2 2 2 2 2 2 2 2 2 2 2 2 2 2 2 2 2 2 2 1 1 2 2 2 2 2 2 2 2 1 2 2 2 1 2 1 1 2 2 2 1 2 2 2 2
left_child=1 3 5 15 7 12 -6 48 18 56 13 51 -2 34 28 17 27 29 25 32 -21 -19 44 42 43 59 31 30 -7 40 -13 -14 -15 -34 -5 -30 -37 38 -23 -26 41 -1 -11 -18 -20 46 47 -46 49 -3 -39 -9 -24 -17 55 -38 -4 -22 -51 -8 -59 -47
right_child=2 4 9 10 6 14 8 11 -10 23 -12 16 26 19 -16 53 24 21 22 20 57 37 52 -25 39 -27 -28 -29 35 -31 -32 -33 33 -35 -36 36 54 50 -40 -41 -42 -43 -44 -45 45 61 -48 -49 -50 58 -52 -53 -54 -55 -56 -57 -58 60 -60 -61 -62 -63
leaf_value=0 0 0 0.018014211674438192 0 0 0 0 0 0 -0.0032959843574407793 0 0 0 0 -7.1683006534758385e-07 0 0 0 0 0 0 0 0 0.0029085259979786458 0 0 0 0 0 0 0 0 0 0 0 0 0 0 0 0 0 0 0.0071436857154897988 0 0 0 0 0 0 0 0 0 0 0 0 0 0 0 0 0 0 0
leaf_weight=1220 2078 1712 2756 1980 7245 3712 5912 941 1785 20153 5292 8214 10837 4260 3781 152 8106 7262 9230 1350 14578 145 4864 28024 8271 6516 623 4881 6780 768 2798 13229 4763 3773 675 12296 7840 3996 2970 615 7605 2333 26832 4296 1836 541 15410 681 2356 1034 1612 21670 3994 619 4737 515 27421 7998 282 3969 1221 11543
leaf_count=1220 2078 1712 2756 1980 7245 3712 5912 941 1785 20153 5292 8214 10837 4260 3781 152 8106 7262 9230 1350 14578 145 4864 28024 8271 6516 623 4881 6780 768 2798 13229 4763 3773 675 12296 7840 3996 2970 615 7605 2333 26832 4296 1836 541 15410 681 2356 1034 1612 21670 3994 619 4737 515 27421 7998 282 3969 1221 11543
internal_value=-0.00680093 -0.0111857 -0.00135174 -0.0149999 -0.00913501 -0.0035367 -0.00781005 -0.0106297 -0.00814618 2.81217e-05 -0.0132454 -0.0109037 -0.00489928 -0.0135636 -0.0026171 -0.0178071 -0.0114759 -0.0179659 -0.00829093 -0.0137794 -0.0132544 -0.0187423 -0.00862727 0.000456705 -0.0107965 -0.00730432 -0.00519839 -0.012386 -0.00288211 -0.0169254 -0.0117739 -0.00531713 -0.014811 -0.0155005 -0.0104802 -0.00308524 -0.00337506 -0.0177211 -0.0158544 -0.00975827 -0.0171972 -0.0158545 9.35406e-05 -0.0115404 -0.00893012 -0.00866872 -0.00822385 -0.0101347 -0.00758692 -0.0064716 -0.0186963 -0.00996272 -0.00728562 -0.0120584 -0.00400198 -0.00459066 -0.00103718 -0.0134693 -0.00862614 -0.00805455 -0.0127501 -0.0093287
internal_weight=384888 213274 171614 74572 138702 66428 73526 65176 66281 105186 45890 59792 26767 40598 39661 28682 37181 27911 64496 37943 25147 15985 48099 75009 21288 16397 24689 15893 35880 11926 11012 24066 12796 8536 2655 32168 25388 8723 3115 8886 11158 3553 46985 12402 39241 30011 17927 2517 5384 3028 5608 22611 8858 771 13092 8355 30177 23797 1316 9881 9219 12084
internal_count=384888 213274 171614 74572 138702 66428 73526 65176 66281 105186 45890 59792 26767 40598 39661 28682 37181 27911 64496 37943 25147 15985 48099 75009 21288 16397 24689 15893 35880 11926 11012 24066 12796 8536 2655 32168 25388 8723 3115 8886 11158 3553 46985 12402 39241 30011 17927 2517 5384 3028 5608 22611 8858 771 13092 8355 30177 23797 1316 9881 9219 12084
cat_boundaries=0 1 2 3 4 5 6 7
cat_threshold=6 3 4 1 1 2 1
is_linear=0
shrinkage=0.03


Tree=78
num_leaves=63
num_cat=1
split_feature=6 6 6 6 6 6 6 23 12 13 13 12 26 23 10 23 18 23 6 11 13 17 6 10 12 23 17 18 12 12 10 12 13 23 17 18 13 13 13 17 18 13 12 18 17 17 18 18 13 13 17 6 18 13 12 12 17 13 13 6 17 18
split_gain=9994.72 1696.72 821.012 327.707 240.317 138.53 80.9624 66.1813 48.5995 40.0896 37.1371 35.3699 29.3253 22.9892 21.9716 21.575 20.4738 19.7296 19.4343 19.2147 17.3615 25.0221 17.2897 16.9344 16.4539 16.2435 16.207 15.9405 15.3218 14.0181 13.9161 13.5174 14.5259 11.8948 11.5921 11.198 11.1447 10.8712 10.615 10.576 10.311 10.1492 9.88218 9.58909 10.3769 9.46507 9.26695 9.22608 8.76547 8.91227 8.75057 8.01238 7.77249 7.72622 7.62353 7.33448 7.16698 7.00168 6.85568 6.85051 6.74284 8.06293
threshold=1.5892856717109682 0.69642856717109691 2.6607142686843877 1.0892856717109682 0.44642856717109686 2.0178571939468388 3.553571462631226 2.5000000000000004 1.3750000000000002 2.4250000715255742 3.2350000143051152 0.87500000000000011 0 2.5000000000000004 2.8413627147674565 1.0000000180025095e-35 6.5000000000000009 1.0000000180025095e-35 5.0892858505249032 0.19642857462167743 11.329999923706056 2.5000000000000004 0.30357143282890325 2.8413627147674565 0.37500000000000006 1.5000000000000002 5.5000000000000009 5.5000000000000009 2.6250000000000004 2.3750000000000004 1.1461999416351321 1.8750000000000002 4.6250000000000009 1.0000000180025095e-35 5.5000000000000009 4.5000000000000009 5.9949998855590829 10.619999885559084 10.204999923706056 3.5000000000000004 7.5000000000000009 8.8949999809265154 2.1250000000000004 5.5000000000000009 3.5000000000000004 5.5000000000000009 5.5000000000000009 11.500000000000002 10.204999923706056 10.619999885559084 4.5000000000000009 0.91071426868438732 10.500000000000002 5.060000181198121 0.62500000000000011 1.0000000180025095e-35 4.5000000000000009 11.670000076293947 3.589999914169312 0.55357143282890331 3.5000000000000004 11.500000000000002
decision_type=2 2 2 2 2 2 2 2 2 2 2 2 1 2 2 2 2 2 2 2 2 2 2 2 2 2 2 2 2 2 2 2 2 2 2 2 2 2 2 2 2 2 2 2 2 2 2 2 2 2 2 2 2 2 2 2 2 2 2 2 2 2
left_child=1 4 5 9 15 17 14 8 12 45 27 33 43 16 42 20 34 31 -8 -16 22 57 40 29 41 47 -23 -6 -10 -7 37 32 -2 46 51 50 -36 38 -18 -32 -1 -12 -4 44 58 -3 -11 48 -26 -50 -14 -13 55 -45 -37 -48 -27 -22 -5 -51 61 -43
right_child=2 3 6 7 10 23 18 -9 28 11 24 13 35 -15 19 -17 30 -19 -20 -21 21 26 -24 -25 25 56 -28 -29 -30 -31 39 -33 -34 -35 36 54 -38 -39 -40 -41 -42 60 -44 53 -46 -47 52 -49 49 59 -52 -53 -54 -55 -56 -57 -58 -59 -60 -61 -62 -63
leaf_value=0 0 0 0 0 0 0 -0.00013865392043474145 0 0 0 0 0 0 0 -0.00012463129926866827 0 0 0 0.0027299806335896468 1.4021844093867226e-05 0 0 0 7.5132479623080342e-06 0 0 0 0 0 0 0 0 0 0 0 0 0 0 0 0 0 0 0 0 0 0 0 0 0 0 0 0 0 0 0 0 0 0 0 0 0 0
leaf_weight=1113 2794 2454 6768 116 3153 19522 47950 1358 24853 9852 4383 3866 4244 565 8403 668 9759 830 29015 3412 1031 3124 11550 949 11997 276 964 5096 3740 14908 4690 12666 15774 1050 506 4677 844 2148 1020 3162 4757 2240 19566 1855 3383 399 1839 2003 1312 750 1869 5965 7727 9311 10483 16951 152 2043 3640 935 2613 275
leaf_count=1113 2794 2454 6768 116 3153 19522 47950 1358 24853 9852 4383 3866 4244 565 8403 668 9759 830 29015 3412 1031 3124 11550 949 11997 276 964 5096 3740 14908 4690 12666 15774 1050 506 4677 844 2148 1020 3162 4757 2240 19566 1855 3383 399 1839 2003 1312 750 1869 5965 7727 9311 10483 16951 152 2043 3640 935 2613 275
internal_value=-0.00682939 -0.011414 -0.00173737 -0.00962573 -0.0156255 -0.00436578 -0.000197439 -0.00815276 -0.00828339 -0.0110326 -0.0140229 -0.0108904 -0.00896422 -0.0101668 -0.00132751 -0.0178586 -0.0102728 -0.00579397 0.000362697 -0.000252645 -0.0180032 -0.0192466 -0.017492 -0.0030714 -0.0134835 -0.0129357 -0.0207842 -0.0157841 -0.00734099 -0.00318037 -0.0108298 -0.00591528 -0.00643074 -0.0115194 -0.00923772 -0.00973975 -0.0118444 -0.0114349 -0.0118233 -0.00983367 -0.0188177 -0.0144871 -0.00180975 -0.00805323 -0.00719891 -0.0145184 -0.0116102 -0.0130811 -0.0133365 -0.0147878 -0.0086604 -0.00887977 -0.0119021 -0.00860666 -0.0101814 -0.0122315 -0.00716355 -0.0172017 -0.00611342 -0.0133442 -0.0153931 -0.0142843
internal_weight=385318 202761 182557 142326 60435 67443 115114 69529 68171 72797 35185 69944 39578 32525 38149 25250 31960 32064 76965 11815 24582 7162 17420 35379 26936 17425 4088 8249 28593 34430 20779 31234 18568 37419 11181 21273 1350 12927 10779 7852 5870 9511 26334 18305 7139 2853 36369 16997 14994 2997 6113 9831 26517 11166 15160 18790 428 3074 3756 1685 5128 2515
internal_count=385318 202761 182557 142326 60435 67443 115114 69529 68171 72797 35185 69944 39578 32525 38149 25250 31960 32064 76965 11815 24582 7162 17420 35379 26936 17425 4088 8249 28593 34430 20779 31234 18568 37419 11181 21273 1350 12927 10779 7852 5870 9511 26334 18305 7139 2853 36369 16997 14994 2997 6113 9831 26517 11166 15160 18790 428 3074 3756 1685 5128 2515
cat_boundaries=0 1
cat_threshold=6
is_linear=0
shrinkage=0.03


Tree=79
num_leaves=63
num_cat=5
split_feature=7 7 7 7 7 7 15 12 7 15 13 12 15 10 21 15 20 14 12 7 12 15 12 25 20 13 6 12 26 13 26 10 21 15 13 7 14 15 6 20 26 15 10 10 14 20 21 15 21 20 13 13 20 21 15 25 20 13 21 13 20 13
split_gain=10269.9 1910 567.607 400.545 313.016 92.4163 78.0582 66.6473 55.3863 50.9828 46.5478 39.1639 31.8439 29.2556 28.7782 27.8975 25.9636 25.7664 24.9774 24.304 18.0349 17.6181 16.5903 15.7805 20.5491 22.3564 14.9376 14.6496 12.4289 12.1674 11.5502 11.3851 10.479 10.3814 10.0362 9.81769 9.55543 9.35116 9.33589 9.0929 9.04492 8.74109 8.73737 8.40967 8.39127 8.09247 8.94056 8.05976 8.13373 7.93098 8.57471 9.18789 7.8649 7.85379 7.60186 7.57485 7.82004 9.62242 17.4605 9.18255 7.42449 7.85908
threshold=1.6875000000000002 0.81250000000000011 2.866071462631226 0.50892856717109691 1.1339285969734194 2.1696429252624516 0.91289180517196666 0.62500000000000011 3.6517857313156132 0.87994369864463817 3.2350000143051152 1.3750000000000002 0.91289180517196666 2.8413627147674565 15.500000000000002 0.8609888255596162 2.5000000000000004 1.0543610453605654 2.6250000000000004 0.36607143282890325 0.37500000000000006 0.89709714055061351 2.3750000000000004 0 2.5000000000000004 7.9149999618530282 5.0892858505249032 1.8750000000000002 1 10.619999885559084 2 0.48377145826816564 16.500000000000004 0.71422553062438976 10.47499990463257 0.65178570151329052 1.0386897921562197 0.77564415335655224 3.1250000000000004 1.5000000000000002 3 0.9991869628429414 1.3976565599441531 0.90209394693374645 1.0357472300529482 1.5000000000000002 15.500000000000002 0.79161494970321666 25.500000000000004 1.5000000000000002 6.2400000095367441 6.3800001144409189 2.5000000000000004 26.500000000000004 0.76397022604942333 4 2.5000000000000004 6.5850000381469735 4.5000000000000009 7.5950000286102304 3.5000000000000004 5.8199999332427987
decision_type=2 2 2 2 2 2 2 2 2 2 2 2 2 2 2 2 2 2 2 2 2 2 2 1 2 2 2 2 1 2 1 2 2 2 2 2 2 2 2 2 1 2 2 2 2 2 2 2 2 2 2 2 2 2 2 1 2 2 2 2 2 2
left_child=1 3 5 19 9 15 44 40 41 32 52 14 33 21 16 -2 -11 20 23 -1 -14 -7 45 30 -25 28 -10 53 -26 35 -9 -21 -3 -12 37 -22 -30 -33 -15 -37 -8 -4 -20 -39 -6 -17 -47 -34 -49 -16 -51 -52 54 55 -5 -23 -57 -58 -59 -60 61 -41
right_child=2 4 8 10 6 13 7 18 26 11 12 -13 17 38 49 22 -18 -19 42 31 29 27 -24 24 25 -27 -28 -29 36 -31 -32 34 47 -35 -36 39 -38 43 -40 60 -42 -43 -44 -45 -46 46 -48 48 -50 50 51 -53 -54 -55 -56 56 57 58 59 -61 -62 -63
leaf_value=0 0 0 0.017482246835171439 0 0 0 0 0 0.0037237446821520924 0 0 0 0 7.287850523438793e-06 0 0 0 0 0 0 0 0 0 0 0 0 0.002609596453697851 0 0 0 0 0 0 0 0 0 0 0 -0.0004387623214037963 0 0 0 0 0 0 0 0 0 0 0 0 0 0 0 0 0 0 0 0 0 0 0
leaf_weight=13144 2088 2723 2836 151 4903 3579 4842 7596 46046 7994 300 12639 8661 2622 4050 2920 13858 4364 667 1051 6602 4280 6792 21528 5803 6616 29074 20603 2700 1702 7930 327 1223 3201 2188 1364 925 10864 1044 2640 6456 28278 4179 1245 2616 7657 7383 711 436 7245 150 11027 3438 1680 5464 2416 1254 210 178 1098 5448 2508
leaf_count=13144 2088 2723 2836 151 4903 3579 4842 7596 46046 7994 300 12639 8661 2622 4050 2920 13858 4364 667 1051 6602 4280 6792 21528 5803 6616 29074 20603 2700 1702 7930 327 1223 3201 2188 1364 925 10864 1044 2640 6456 28278 4179 1245 2616 7657 7383 711 436 7245 150 11027 3438 1680 5464 2416 1254 210 178 1098 5448 2508
internal_value=-0.00680937 -0.011205 -0.00135497 -0.0150743 -0.00912388 -0.00354443 -0.00784301 -0.00815826 1.24265e-06 -0.0107083 -0.013332 -0.0109654 -0.0128578 -0.00261133 -0.0113854 -0.00489903 -0.0121606 -0.0131441 -0.00774727 -0.0178456 -0.0128199 -0.00287625 -0.00517994 -0.00793544 -0.00827934 -0.00909424 0.000442093 -0.00310139 -0.00815613 -0.0123301 -0.00709333 -0.0170478 -0.00783251 -0.0101362 -0.0168311 -0.0125527 -0.00959422 -0.0165014 -6.05564e-05 -0.0120401 -0.0102661 -0.00106312 -0.00568551 -0.0166366 -0.00493989 -0.00565757 -0.00593816 -0.00929114 -0.0110976 -0.0106316 -0.0108959 -0.0103748 -0.0152591 -0.00397913 -0.0145672 -0.0043156 -0.00510105 -0.00620803 -0.00784118 -0.00652194 -0.0123369 -0.0131538
internal_weight=385517 213479 172038 74662 138817 65804 76761 69242 106234 62056 45843 56963 36790 38964 44324 26840 21852 33289 57944 28819 28925 35298 24752 53098 37572 16044 75120 31719 9428 20264 15526 15675 5093 3501 14624 18562 3625 12436 3666 11960 11298 31114 4846 12109 7519 17960 15040 2370 1147 22472 18422 11177 9053 11116 5615 9436 5156 2740 1486 1276 10596 5148
internal_count=385517 213479 172038 74662 138817 65804 76761 69242 106234 62056 45843 56963 36790 38964 44324 26840 21852 33289 57944 28819 28925 35298 24752 53098 37572 16044 75120 31719 9428 20264 15526 15675 5093 3501 14624 18562 3625 12436 3666 11960 11298 31114 4846 12109 7519 17960 15040 2370 1147 22472 18422 11177 9053 11116 5615 9436 5156 2740 1486 1276 10596 5148
cat_boundaries=0 1 2 3 4 5
cat_threshold=1 5 6 6 6
is_linear=0
shrinkage=0.03


Tree=80
num_leaves=63
num_cat=14
split_feature=5 10 5 24 10 24 24 10 12 10 12 24 15 10 5 5 24 10 15 15 15 19 15 12 24 22 12 15 12 24 13 12 19 22 19 12 19 24 22 22 12 19 24 5 24 24 15 24 15 12 24 13 19 21 13 14 12 13 24 22 19 15
split_gain=9403.24 1661.28 703.418 341.736 287.519 170.4 119.108 112.927 97.5185 73.5437 64.0577 51.8441 48.1281 40.994 36.5845 33.6111 32.9423 30.5065 27.0088 26.0369 25.9975 24.2833 24.0097 23.2807 23.1338 23.0118 21.3711 21.0118 21.8488 20.8427 20.572 20.4588 20.0838 19.4834 19.3093 19.2142 19.1695 18.8693 15.9477 15.6396 14.8316 14.816 14.6794 14.2904 14.0233 13.9376 13.937 13.5531 12.5932 12.1665 12.1646 10.5505 11.0415 10.2645 10.6335 10.683 10.173 16.7108 10.0152 10.0211 9.95853 9.70906
threshold=1.6785714626312258 0.93915662169456493 2.5357142686843877 0 1.4031206369400027 1 2 2.8413627147674565 1.3750000000000002 0.73148912191391002 0.87500000000000011 3 0.8791443705558778 0.59491118788719188 0.75000000000000011 3.3928571939468388 4 2.4897748231887822 0.83485752344131481 0.88805964589118969 0.9991869628429414 14.500000000000002 0.84593328833580028 2.3750000000000004 5 1.0000000180025095e-35 1.1250000000000002 0.88449025154113781 0.62500000000000011 6 2.120000004768372 0.62500000000000011 18.500000000000004 1.0000000180025095e-35 15.500000000000002 5.3750000000000009 27.500000000000004 7 1.0000000180025095e-35 1.0000000180025095e-35 2.6250000000000004 24.500000000000004 8 0.39285714924335485 9 10 0.85759276151657116 11 0.78139832615852367 1.1250000000000002 12 3.2350000143051152 22.500000000000004 15.500000000000002 4.4949998855590829 1.0264415144920351 0.37500000000000006 7.0650000572204599 13 1.0000000180025095e-35 51.500000000000007 0.8609888255596162
decision_type=2 2 2 1 2 1 1 2 2 2 2 1 2 2 2 2 1 2 2 2 2 2 2 2 1 2 2 2 2 1 2 2 2 2 2 2 2 1 2 2 2 2 1 2 1 1 2 1 2 2 1 2 2 2 2 2 2 2 1 2 2 2
left_child=1 3 5 9 6 17 12 15 11 30 19 27 21 -5 -14 37 -10 23 -12 -8 -7 -3 -15 29 32 36 51 -6 -29 46 -1 60 -22 41 -11 -9 -20 -4 -30 40 61 -33 -21 -32 -34 -38 -2 -23 -36 -26 -43 -16 -53 54 55 -44 -50 -58 -13 -60 -24 -18
right_child=2 4 7 13 8 20 10 35 16 34 18 58 14 22 26 -17 39 -19 25 42 24 47 31 -25 49 -27 -28 28 38 -31 43 33 44 -35 48 -37 45 -39 -40 -41 -42 50 53 -45 -46 -47 -48 -49 56 -51 -52 52 -54 -55 -56 -57 57 -59 59 -61 -62 -63
leaf_value=0 -4.461152119345196e-05 0 0 0 0 0 0 -8.8615740216922443e-05 0 0 0 0 0 0 0 0 0 0 0 0 0 0 0 0 0 0 0 0 0 0 0 0 0 0 0 0.0025313085600869156 0 0 0 0 0 0 0 0 0 0 0 0 0 0 0 0 0 0 0 0 0 0 0 8.5433697419375923e-06 0 0
leaf_weight=6594 684 573 22768 2401 1413 2758 2028 50855 4809 2471 1977 255 10119 1714 1447 14617 998 6695 11984 2064 5311 637 13513 7983 2610 753 10200 5919 9980 4866 11476 3605 3810 332 629 26982 6980 4422 295 535 3968 6206 1570 5638 6671 9345 7769 2354 3998 6142 3798 5216 9376 9359 6792 616 2643 4073 6518 181 269 12256
leaf_count=6594 684 573 22768 2401 1413 2758 2028 50855 4809 2471 1977 255 10119 1714 1447 14617 998 6695 11984 2064 5311 637 13513 7983 2610 753 10200 5919 9980 4866 11476 3605 3810 332 629 26982 6980 4422 295 535 3968 6206 1570 5638 6671 9345 7769 2354 3998 6142 3798 5216 9376 9359 6792 616 2643 4073 6518 181 269 12256
internal_value=-0.00680703 -0.0110885 -0.00167055 -0.0148875 -0.00921333 -0.00446867 -0.0101773 -0.000377269 -0.00730301 -0.0168367 -0.00924055 -0.00861109 -0.0114268 -0.0125812 -0.0117558 -0.00163487 -0.00587929 -0.00282069 -0.00835958 -0.0104638 -0.00615532 -0.00810269 -0.0122777 -0.00337687 -0.00646789 -0.00859039 -0.0111648 -0.00948396 -0.00979548 -0.00414468 -0.017855 -0.0124907 -0.00576345 -0.0116804 -0.0151012 0.0002982 -0.00872807 -0.00225855 -0.00895912 -0.00647768 -0.00663825 -0.0118556 -0.0107861 -0.0184035 -0.00652867 -0.00939694 -0.00504679 -0.00918656 -0.0156247 -0.00772358 -0.0124498 -0.0118476 -0.0116053 -0.0110688 -0.0117995 -0.0136194 -0.0158669 -0.0151537 -0.00637823 -0.00660501 -0.0133104 -0.00711996
internal_weight=384820 209877 174943 69360 140517 55299 93390 119644 47127 37522 53468 24561 39922 31838 36358 41807 22566 27997 31039 22429 27302 3564 29437 21302 24544 29062 26239 17607 16194 13319 23708 27723 15792 13941 13814 77837 28309 27190 10275 17757 17222 13609 20401 17114 10481 16325 8453 2991 11343 8752 10004 16039 14592 18337 8978 2186 10714 6716 6954 6699 13782 13254
internal_count=384820 209877 174943 69360 140517 55299 93390 119644 47127 37522 53468 24561 39922 31838 36358 41807 22566 27997 31039 22429 27302 3564 29437 21302 24544 29062 26239 17607 16194 13319 23708 27723 15792 13941 13814 77837 28309 27190 10275 17757 17222 13609 20401 17114 10481 16325 8453 2991 11343 8752 10004 16039 14592 18337 8978 2186 10714 6716 6954 6699 13782 13254
cat_boundaries=0 1 2 3 4 5 6 7 8 9 10 11 12 13 14
cat_threshold=131105 551242 426021 493233 680266 103040 2312 551754 6152 4096 1664 33 296068 532480
is_linear=0
shrinkage=0.03


Tree=81
num_leaves=63
num_cat=20
split_feature=7 7 7 7 7 7 15 12 24 15 12 7 20 15 17 24 15 24 24 21 24 12 6 15 12 21 24 17 15 7 12 17 24 24 24 24 17 12 24 24 24 21 21 24 15 15 12 12 24 15 21 17 24 17 27 27 17 21 24 24 6 9
split_gain=10237.5 1911.08 579.947 405.022 297.52 108.422 78.5809 70.9903 63.3558 56.8637 50.7401 39.0144 36.6772 31.483 26.4532 36.9027 24.7415 24.6884 23.2734 22.9253 27.7733 21.246 21.1412 20.8776 20.4316 19.3696 18.5676 17.1892 16.6795 15.3175 14.7868 14.6765 27.545 18.1513 14.6159 14.152 23.6085 14.0005 13.4325 12.4034 11.5918 11.4048 11.0762 10.9693 10.9679 10.4864 10.4468 10.4303 9.91907 9.6182 9.56075 9.50388 10.1954 9.27002 14.0071 9.18244 8.98051 11.5167 9.14064 8.96655 8.82388 8.73153
threshold=1.6875000000000002 0.81250000000000011 3.0267857313156132 0.50892856717109691 1.151785731315613 2.2053570747375493 0.88805964589118969 0.62500000000000011 0 0.83485752344131481 1.6250000000000002 3.616071462631226 2.5000000000000004 0.8609888255596162 3.5000000000000004 1 0.91289180517196666 2 3 19.500000000000004 4 2.3750000000000004 0.48214285075664526 0.82468372583389293 2.6250000000000004 25.500000000000004 5 1.0000000180025095e-35 0.89709714055061351 0.65178570151329052 5.3750000000000009 3.5000000000000004 6 7 8 9 3.5000000000000004 0.62500000000000011 10 11 12 18.500000000000004 18.500000000000004 13 0.88805964589118969 0.70940351486206066 1.8750000000000002 1.0000000180025095e-35 14 0.78626844286918651 15.500000000000002 4.5000000000000009 15 5.5000000000000009 16 17 1.5000000000000002 24.500000000000004 18 19 1.1250000000000002 2.9053952693939213
decision_type=2 2 2 2 2 2 2 2 1 2 2 2 2 2 2 1 2 1 1 2 1 2 2 2 2 2 1 2 2 2 2 2 1 1 1 1 2 2 1 1 1 2 2 1 2 2 2 2 1 2 2 2 1 2 1 1 2 2 1 1 2 2
left_child=1 3 5 14 9 13 -6 17 23 38 12 -4 26 -2 22 53 45 -8 -7 31 -21 34 -1 41 35 37 47 -27 -20 -25 -13 33 50 44 -15 -9 -37 56 -3 -39 -12 -5 -41 -36 -14 -10 61 -11 -23 -40 -33 52 -48 55 -55 -16 57 58 -18 -29 -22 -30
right_child=2 4 11 8 6 18 7 24 16 10 40 30 19 21 15 -17 25 -19 28 20 60 48 -24 29 -26 27 -28 59 46 -31 -32 32 -34 -35 43 36 -38 39 49 42 -42 -43 -44 -45 -46 -47 51 -49 -50 -51 -52 -53 -54 54 -56 -57 -58 -59 -60 -61 -62 -63
leaf_value=0 0 0 0 0 0 0 0 0 -0.00018000013679265976 0 0 0.0028754175315264395 0 0 0 0 0 0 0 0 0 0 0 0 0 0 0 0 0 0 0.0026415310583330106 0 0 0 0 0 0 0 0 0 0 0 0 0 0 0 0 0 0 0 0 0 0 0 0 0 0 0 0 0 0 0
leaf_weight=13549 2217 1664 22533 576 6745 6916 4526 29646 104 577 3814 49805 112 1602 1498 6138 307 6102 3778 478 10275 835 2896 9499 4755 657 10641 227 8978 6566 26550 2349 6475 5890 808 12766 8988 3938 1614 4566 4675 280 1766 16690 5341 2838 7130 8358 6538 626 682 6279 9694 741 1328 2697 7893 117 2690 3636 1753 1502
leaf_count=13549 2217 1664 22533 576 6745 6916 4526 29646 104 577 3814 49805 112 1602 1498 6138 307 6102 3778 478 10275 835 2896 9499 4755 657 10641 227 8978 6566 26550 2349 6475 5890 808 12766 8988 3938 1614 4566 4675 280 1766 16690 5341 2838 7130 8358 6538 626 682 6279 9694 741 1328 2697 7893 117 2690 3636 1753 1502
internal_value=-0.00680229 -0.0111916 -0.00135297 -0.0150676 -0.00911174 -0.00338179 -0.00780282 -0.0081145 -0.0133095 -0.0105851 -0.0108082 0.000144042 -0.0111535 -0.0048184 -0.0178503 -0.0188965 -0.01242 -0.0103628 -0.00245091 -0.0117585 -0.010743 -0.00510599 -0.0170614 -0.014804 -0.00768899 -0.0127216 -0.0101227 -0.0109381 -0.00215293 -0.015056 0.000467749 -0.0123676 -0.0132371 -0.011639 -0.00563403 -0.00786303 -0.00846848 -0.0131005 -0.00707428 -0.0123038 -0.00865508 -0.0102477 -0.0132062 -0.00537046 -0.0129638 -0.00981781 -0.00236611 -0.01118 -0.0037381 -0.00861333 -0.0106929 -0.00200974 -0.00163802 -0.02065 -0.0190396 -0.0214934 -0.0138438 -0.0152081 -0.0155686 -0.011701 -0.0110231 -0.00315172
internal_weight=385214 213359 171855 74507 138852 72967 73528 66783 45660 65324 61420 98888 52931 28690 28847 12402 28739 10628 44277 33355 12506 26473 16445 16921 56155 25797 19576 4520 37361 16065 76355 20849 9506 11343 19100 51400 21754 21277 3904 10270 8489 856 6332 17498 5453 2942 33583 8935 7373 2240 3031 23103 16824 6264 2069 4195 11007 3114 2997 3863 12028 10480
internal_count=385214 213359 171855 74507 138852 72967 73528 66783 45660 65324 61420 98888 52931 28690 28847 12402 28739 10628 44277 33355 12506 26473 16445 16921 56155 25797 19576 4520 37361 16065 76355 20849 9506 11343 19100 51400 21754 21277 3904 10270 8489 856 6332 17498 5453 2942 33583 8935 7373 2240 3031 23103 16824 6264 2069 4195 11007 3114 2997 3863 12028 10480
cat_boundaries=0 1 2 3 4 5 6 7 8 9 10 11 12 13 14 15 16 17 18 19 20
cat_threshold=32801 131073 229393 103552 6152 426032 70936 394516 131093 5020 361480 197392 199064 540736 1044 19010 1 1 132096 65792
is_linear=0
shrinkage=0.03


Tree=82
num_leaves=63
num_cat=2
split_feature=7 7 7 7 7 7 12 12 13 20 7 12 10 12 13 11 21 12 13 12 6 7 7 10 12 27 20 20 12 20 13 13 21 21 20 20 13 20 21 7 21 6 6 20 20 11 10 21 20 21 20 13 21 20 10 21 20 27 13 12 21 21
split_gain=10244 1935.43 512.109 390.35 339.601 80.2837 71.25 50.1696 47.3818 39.6261 38.7282 28.701 28.6683 25.3006 21.604 18.354 16.845 15.3541 15.1283 15.1187 14.9024 14.5132 14.2205 14.2023 13.8945 12.0706 11.6103 14.7611 10.5924 10.4911 10.8147 11.1572 11.2586 12.7807 10.1464 10.0884 9.53673 9.05431 8.70989 8.55633 8.44818 8.23363 8.05227 7.85609 7.54411 10.119 7.31655 6.92454 6.81205 6.79547 6.77164 6.75998 6.75054 8.67904 6.67204 6.52253 6.39612 7.12184 6.36127 6.23028 6.22471 12.0104
threshold=1.741071403026581 0.81250000000000011 3.0267857313156132 0.49107143282890325 1.151785731315613 2.2232142686843877 0.62500000000000011 1.6250000000000002 3.2350000143051152 2.5000000000000004 3.6517857313156132 2.6250000000000004 2.8413627147674565 0.37500000000000006 10.444999694824221 0.19642857462167743 19.500000000000004 0.62500000000000011 2.4250000715255742 1.8750000000000002 5.1250000000000009 1.401785731315613 0.61607143282890331 0.88207659125328075 2.3750000000000004 0 2.5000000000000004 3.5000000000000004 1.3750000000000002 1.5000000000000002 10.619999885559084 9.6250000000000018 24.500000000000004 9.5000000000000018 2.5000000000000004 2.5000000000000004 11.670000076293947 2.5000000000000004 26.500000000000004 0.99107143282890331 28.500000000000004 0.19642857462167743 0.80357143282890331 3.5000000000000004 3.5000000000000004 0.55357143282890331 0.86565703153610241 28.500000000000004 1.5000000000000002 30.500000000000004 3.5000000000000004 11.230000019073488 19.500000000000004 1.5000000000000002 1.4425640106201174 19.500000000000004 2.5000000000000004 1 10.340000152587892 0.87500000000000011 3.5000000000000004 4.5000000000000009
decision_type=2 2 2 2 2 2 2 2 2 2 2 2 2 2 2 2 2 2 2 2 2 2 2 2 2 1 2 2 2 2 2 2 2 2 2 2 2 2 2 2 2 2 2 2 2 2 2 2 2 2 2 2 2 2 2 2 2 1 2 2 2 2
left_child=1 3 5 14 7 24 -6 9 34 18 -4 21 19 -10 23 -14 17 -11 -3 38 -12 26 35 37 -2 -18 47 60 -29 -24 31 32 33 -31 40 -15 39 52 56 -20 -5 -39 -34 -19 -33 -46 -35 -8 -23 -49 -43 -9 -1 -54 -13 -48 -7 -58 -37 -41 -28 -62
right_child=2 4 10 8 6 12 11 51 13 16 20 54 15 22 -16 -17 25 43 36 -21 -22 48 29 -25 -26 -27 27 28 -30 30 -32 44 42 46 -36 58 -38 41 -40 59 -42 50 -44 -45 45 -47 55 49 -50 -51 -52 -53 53 -55 -56 -57 57 -59 -60 -61 61 -63
leaf_value=0 0 0 0 0 0 0 0 0 0 0 0.0043506268250391878 0 -0.00028347273024696771 0 0 9.7276872142433039e-06 0 0 0 0 0.002468307899024318 0 0 0 0 0 0 0 0 0 0 0 0 0 0 0 0 0 0 0 0 0 0 0 0 0 0 0 0 0 0 0 0 0 0 0 0 0 0 0 0 0
leaf_weight=2749 18247 518 23964 5328 12100 4556 13981 7399 11722 8316 46968 1053 2849 1924 8005 2459 6190 6590 10534 25625 27845 4543 2165 1037 7598 7085 956 3479 2875 3030 1769 3085 1479 1882 4115 4436 946 1422 1814 4523 480 4360 685 6997 886 1159 2036 986 24611 287 7721 1652 878 527 4718 1075 2896 3007 793 4335 316 7380
leaf_count=2749 18247 518 23964 5328 12100 4556 13981 7399 11722 8316 46968 1053 2849 1924 8005 2459 6190 6590 10534 25625 27845 4543 2165 1037 7598 7085 956 3479 2875 3030 1769 3085 1479 1882 4115 4436 946 1422 1814 4523 480 4360 685 6997 886 1159 2036 986 24611 287 7721 1652 878 527 4718 1075 2896 3007 793 4335 316 7380
internal_value=-0.00680319 -0.0111059 -0.00123684 -0.0150149 -0.00905352 -0.00321888 -0.00770893 -0.0106501 -0.0133989 -0.0109849 0.000148729 -0.00731648 -0.00242772 -0.0129183 -0.0179233 -0.000362848 -0.0115992 -0.0121103 -0.00994879 -0.00271692 0.000484929 -0.00751267 -0.0124033 -0.0173648 -0.0045415 -0.0107559 -0.0079729 -0.00856537 -0.00746742 -0.011979 -0.0122283 -0.0124848 -0.0119102 -0.0124281 -0.0152455 -0.0135455 -0.00981984 -0.0175652 -0.00358274 -0.00967636 -0.014438 -0.017942 -0.00998983 -0.0114888 -0.0136257 -0.0122127 -0.0133609 -0.00739006 -0.00703499 -0.0052718 -0.0176879 -0.00857773 -0.0163404 -0.018032 -0.00529666 -0.0124677 -0.00391557 -0.00456734 -0.0142289 -0.00898916 -0.00937171 -0.0090881
internal_weight=384946 217118 167828 74748 142370 69051 77285 65085 48049 56034 98777 65185 43206 38126 26699 5308 35178 21903 20856 37898 74813 59414 26404 18694 25845 13275 30260 15006 6354 19251 17086 15317 10187 8023 9923 7153 20338 17657 12273 19392 5808 13503 2164 13587 5130 2045 4993 15254 29154 1273 12081 9051 4154 1405 5771 3111 10459 5903 5229 8858 8652 7696
internal_count=384946 217118 167828 74748 142370 69051 77285 65085 48049 56034 98777 65185 43206 38126 26699 5308 35178 21903 20856 37898 74813 59414 26404 18694 25845 13275 30260 15006 6354 19251 17086 15317 10187 8023 9923 7153 20338 17657 12273 19392 5808 13503 2164 13587 5130 2045 4993 15254 29154 1273 12081 9051 4154 1405 5771 3111 10459 5903 5229 8858 8652 7696
cat_boundaries=0 1 2
cat_threshold=1 2
is_linear=0
shrinkage=0.03


Tree=83
num_leaves=63
num_cat=14
split_feature=5 10 5 11 24 24 10 10 11 10 15 24 10 15 12 5 13 12 23 12 10 17 13 15 12 23 24 12 15 12 15 24 24 24 15 12 23 23 24 10 12 10 24 11 11 23 24 17 23 15 24 14 17 12 17 14 24 15 24 24 13 12
split_gain=9529.24 1649.62 689.979 358.424 323.518 164.041 117.835 112.672 92.8294 78.1927 63.1118 54.9866 43.0119 36.3636 35.5625 34.6655 33.2726 31.2073 30.7952 30.1335 29.1865 27.2463 35.2114 26.3703 23.6258 23.4194 23.0097 22.4242 21.1715 25.66 20.9638 20.7983 20.0572 19.9375 19.7818 19.7331 18.8342 18.2995 18.1712 16.596 15.6626 14.8447 13.922 12.9487 12.7626 12.1575 12.0453 21.8822 11.3732 11.3132 11.1839 10.7052 10.2379 10.0396 9.86305 9.79533 9.62406 9.45448 9.24271 9.20909 9.18146 9.0644
threshold=1.6785714626312258 0.93915662169456493 2.5357142686843877 0.41071428358554846 0 1 2.8413627147674565 1.4148896932601931 0.66071426868438732 1.2573741078376772 0.87994369864463817 2 0.59491118788719188 0.86914184689521801 1.3750000000000002 3.4642857313156132 2.4250000715255742 0.62500000000000011 2.5000000000000004 2.3750000000000004 0.78204792737960827 2.5000000000000004 2.120000004768372 0.9991869628429414 0.62500000000000011 2.5000000000000004 3 0.62500000000000011 0.83881488442420971 1.1250000000000002 0.84840714931488048 4 5 6 0.84593328833580028 0.37500000000000006 2.5000000000000004 1.0000000180025095e-35 7 2.0968266725540166 6.3750000000000009 2.5056059360504155 8 0.66071426868438732 0.55357143282890331 2.5000000000000004 9 3.5000000000000004 2.5000000000000004 0.80348095297813427 10 1.0516129136085512 1.5000000000000002 2.6250000000000004 3.5000000000000004 1.000000059604645 11 0.9991869628429414 12 13 1.9049999713897707 2.8750000000000004
decision_type=2 2 2 2 1 1 2 2 2 2 2 1 2 2 2 2 2 2 2 2 2 2 2 2 2 2 1 2 2 2 2 1 1 1 2 2 2 2 1 2 2 2 1 2 2 2 1 2 2 2 1 2 2 2 2 2 1 2 1 1 2 2
left_child=1 4 5 7 8 19 15 10 20 16 -3 32 -6 56 42 26 -5 -12 33 30 49 51 -23 -7 50 34 53 55 -18 43 -2 41 -9 -19 44 -36 39 38 52 59 57 -32 -13 -30 -14 -16 -31 -48 -44 -1 -25 -10 -29 -4 60 -15 -11 -8 -37 -26 -22 -40
right_child=2 3 6 9 12 23 40 11 21 13 17 14 25 27 45 -17 28 18 -20 -21 54 22 -24 24 36 -27 -28 37 29 46 31 -33 -34 -35 35 58 -38 -39 61 -41 -42 -43 48 -45 -46 -47 47 -49 -50 -51 -52 -53 -54 -55 -56 -57 -58 -59 -60 -61 -62 -63
leaf_value=0 1.3383456358035588e-06 0 0 0 0 0 0.011493500554076851 0 0 0 0 0 0 0 0 0 0 0 0 0 0 0 0 0 0 0 0 0 0 0 0 0 0 0 0 0 0 0 0 0 0.0027299619191489119 0 0 0 0 7.9194899245481864e-09 0 0 0 0 0 0 0 0 0 0 0 -6.7228400974325331e-05 0 0 0 0
leaf_weight=348 1224 3846 11469 2980 2392 2783 6132 7777 7744 715 6168 2211 992 2804 11286 13262 2396 3166 561 11854 273 2801 9125 625 10813 589 4544 2120 25022 3357 7805 5918 1527 27158 7528 13401 458 434 8341 4529 16841 1028 9052 1161 722 249 4772 2243 198 9419 1371 1194 4789 12624 2963 4592 1417 55064 6264 6867 3730 346
leaf_count=348 1224 3846 11469 2980 2392 2783 6132 7777 7744 715 6168 2211 992 2804 11286 13262 2396 3166 561 11854 273 2801 9125 625 10813 589 4544 2120 25022 3357 7805 5918 1527 27158 7528 13401 458 434 8341 4529 16841 1028 9052 1161 722 249 4772 2243 198 9419 1371 1194 4789 12624 2963 4592 1417 55064 6264 6867 3730 346
internal_value=-0.00680902 -0.0111162 -0.00164235 -0.00924838 -0.0148981 -0.00441547 -0.000364294 -0.00779441 -0.0167931 -0.0108254 -0.00884039 -0.00646997 -0.0126546 -0.00951741 -0.00725993 -0.0016476 -0.0116226 -0.00922006 -0.00883099 -0.002789 -0.015133 -0.0181326 -0.0190711 -0.00606141 -0.00637599 -0.0123448 -0.00223484 -0.00985879 -0.0113888 -0.0115679 -0.00364038 -0.00395343 -0.00450483 -0.00895983 -0.0124655 -0.0126625 -0.00610045 -0.00922832 -0.00939741 -0.00622464 0.000324731 -0.00487742 -0.00844664 -0.0120682 -0.00933956 -0.00608713 -0.0103051 -0.0110584 -0.00789201 -0.0161912 -0.00950501 -0.0168803 -0.010593 -0.00186288 -0.0136494 -0.0112253 -0.00576642 0.000101771 -0.0121625 -0.00663971 -0.0126782 -0.00842463
internal_weight=385384 210173 175211 140688 69485 55275 119936 73199 37597 67489 40899 32300 31888 25558 22996 41899 41931 37053 30885 27829 16733 20864 11926 27446 24663 29496 28637 23426 38951 36555 15975 14751 9304 30324 28907 27193 22667 16030 15596 22209 78037 8833 11461 26183 1714 11535 10372 7015 9250 9767 1996 8938 6909 24093 6966 7396 2132 61196 19665 17680 4003 8687
internal_count=385384 210173 175211 140688 69485 55275 119936 73199 37597 67489 40899 32300 31888 25558 22996 41899 41931 37053 30885 27829 16733 20864 11926 27446 24663 29496 28637 23426 38951 36555 15975 14751 9304 30324 28907 27193 22667 16030 15596 22209 78037 8833 11461 26183 1714 11535 10372 7015 9250 9767 1996 8938 6909 24093 6966 7396 2132 61196 19665 17680 4003 8687
cat_boundaries=0 1 2 3 4 5 6 7 8 9 10 11 12 13 14
cat_threshold=131105 551242 553290 551754 2312 4360 544776 295973 131120 203024 331904 3876 296068 103040
is_linear=0
shrinkage=0.03


Tree=84
num_leaves=63
num_cat=16
split_feature=6 6 6 6 6 24 15 6 24 12 15 15 6 12 24 17 24 24 17 24 15 27 17 24 6 24 17 15 19 12 6 10 19 19 24 24 10 19 21 19 21 19 20 24 10 17 14 10 21 19 17 6 24 10 24 24 15 12 19 24 15 19
split_gain=10032.3 1663.46 838.194 289.367 282.232 148.603 80.2751 76.1568 64.1381 62.1798 49.6832 39.5829 34.6832 31.2352 26.6821 28.1071 32.6052 24.4535 25.7876 23.2264 23.2091 21.6602 21.3148 21.0808 20.9735 19.897 22.3824 19.4696 18.0462 17.8491 17.4637 17.1965 16.001 14.5835 19.8974 13.27 13.1122 13.065 13.0013 12.9311 12.8198 12.3067 12.0156 11.7659 11.3831 12.1562 11.3778 11.2729 11.0187 10.9812 10.9335 10.9059 10.6126 10.4834 10.3936 10.3546 10.1404 10.7894 10.0336 9.75746 9.71766 9.65555
threshold=1.5892856717109682 0.73214286565780651 2.6607142686843877 0.44642856717109686 1.053571403026581 0 0.91289180517196666 3.6964285373687749 1 0.62500000000000011 0.78626844286918651 0.8933892846107484 1.9821428656578066 0.87500000000000011 2 3.5000000000000004 3 4 2.5000000000000004 5 0.84593328833580028 6 5.5000000000000009 7 2.0178571939468388 8 3.5000000000000004 0.80553331971168529 47.500000000000007 1.6250000000000002 5.1250000000000009 2.8413627147674565 28.500000000000004 18.500000000000004 9 10 0.78204792737960827 21.500000000000004 24.500000000000004 10.500000000000002 23.500000000000004 5.5000000000000009 2.5000000000000004 11 1.4148896932601931 1.5000000000000002 1.0561022162437441 0.48377145826816564 30.500000000000004 10.500000000000002 4.5000000000000009 1.1964285969734194 12 2.8413627147674565 13 14 0.79504477977752697 1.3750000000000002 31.500000000000004 15 0.84091734886169445 15.500000000000002
decision_type=2 2 2 2 2 1 2 2 1 2 2 2 2 2 1 2 1 1 2 1 2 1 2 1 2 1 2 2 2 2 2 2 2 2 1 1 2 2 2 2 2 2 2 1 2 2 2 2 2 2 2 2 1 2 1 1 2 2 2 1 2 2
left_child=1 3 5 17 10 24 -6 31 27 19 43 -7 33 35 29 23 37 18 48 -8 -10 32 -23 44 52 42 46 50 59 54 -9 55 41 -13 -35 -12 -29 -17 -18 -14 -31 -20 -15 -3 45 -16 -27 -19 -1 -37 -5 -25 -2 56 -11 -4 -26 -58 -36 -22 -54 -38
right_child=2 4 7 8 6 11 9 30 20 14 13 12 39 25 15 16 38 47 21 -21 28 22 -24 51 53 26 -28 36 -30 40 -32 -33 -34 34 58 49 61 -39 -40 -41 -42 -43 -44 -45 -46 -47 -48 -49 -50 -51 -52 -53 60 -55 -56 -57 57 -59 -60 -61 -62 -63
leaf_value=0 0 0 0 0 0 0 0 0.0025907376954415061 0 0 0 0 0 0 0 0 0 0 0 0 0 0 0 0 0.022543490956309625 0 0 0 0 0 0.0023649459693225504 -8.7482224345502327e-05 0 0 0 0 0 0 0 0 0 0 0 0 0 0 0 0 0 0 0 0 0.022821089247791523 1.1452708627045763e-05 0 0 0 0 0 0 0 0
leaf_weight=8720 987 938 10596 677 7606 3440 5540 44320 1543 8102 9264 7941 1405 3053 2323 2724 6336 955 467 6503 3492 3595 1185 4495 1179 9596 6149 8101 3192 5375 28005 14702 5283 4172 6081 2493 1693 4179 1564 12960 1774 1407 6444 1483 2826 2582 1247 3391 242 18807 243 9758 299 738 4402 17516 3782 15445 3867 16022 5302 6843
leaf_count=8720 987 938 10596 677 7606 3440 5540 44320 1543 8102 9264 7941 1405 3053 2323 2724 6336 955 467 6503 3492 3595 1185 4495 1179 9596 6149 8101 3192 5375 28005 14702 5283 4172 6081 2493 1693 4179 1564 12960 1774 1407 6444 1483 2826 2582 1247 3391 242 18807 243 9758 299 738 4402 17516 3782 15445 3867 16022 5302 6843
internal_value=-0.00681461 -0.0114116 -0.0017176 -0.0152767 -0.00949987 -0.0043693 -0.00828967 -0.000160788 -0.0137452 -0.00861441 -0.0110482 -0.00554273 -0.00583462 -0.0112268 -0.00819685 -0.00868383 -0.00969675 -0.0178128 -0.0182822 -0.0105714 -0.0127067 -0.0192041 -0.0207678 -0.00800573 -0.00267947 -0.0104728 -0.011116 -0.0151636 -0.0129539 -0.00727717 0.000432838 -0.00116359 -0.0181597 -0.00658161 -0.00716006 -0.0118803 -0.0154072 -0.0081312 -0.0110405 -0.00468743 -0.00608519 -0.015778 -0.00930041 -0.00683891 -0.00930074 -0.0101865 -0.0103026 -0.015478 -0.0170748 -0.0123308 -0.0109239 -0.00729166 -0.00415847 -0.00221992 -0.00796449 -0.00159839 -0.00234696 -0.00251256 -0.00789978 -0.013296 -0.00466174 -0.0145867
internal_weight=385351 202614 182737 67051 135563 67598 76089 115139 41806 68483 59474 39866 36426 57053 56440 36787 14803 25245 20899 12043 24249 11937 4780 21984 27732 26489 16992 17557 22706 19653 72325 42814 7157 22061 14120 30564 16637 6903 7900 14365 7149 1874 9497 2421 7731 4905 10843 4346 8962 21300 920 14253 6588 21144 12504 28112 20406 19227 9948 19514 5601 8536
internal_count=385351 202614 182737 67051 135563 67598 76089 115139 41806 68483 59474 39866 36426 57053 56440 36787 14803 25245 20899 12043 24249 11937 4780 21984 27732 26489 16992 17557 22706 19653 72325 42814 7157 22061 14120 30564 16637 6903 7900 14365 7149 1874 9497 2421 7731 4905 10843 4346 8962 21300 920 14253 6588 21144 12504 28112 20406 19227 9948 19514 5601 8536
cat_boundaries=0 1 2 3 4 5 6 7 8 9 10 11 12 13 14 15 16
cat_threshold=550986 131105 545176 66564 131105 229425 1 327716 72088 4352 72840 203400 532480 152 19202 4
is_linear=0
shrinkage=0.03


Tree=85
num_leaves=63
num_cat=1
split_feature=7 7 7 7 7 7 15 12 15 12 13 19 7 15 12 15 18 17 13 10 18 12 18 12 17 19 19 7 10 19 19 15 17 13 15 6 13 12 7 7 19 19 13 17 12 19 7 10 19 15 19 26 19 17 10 19 7 15 7 15 12 19
split_gain=10213.8 1962.81 501.747 399.509 337.15 83.6649 74.2696 68.8755 56.8827 47.2445 45.5674 41.7099 40.1592 38.0297 33.2224 32.2125 28.9979 28.0579 32.6582 24.9875 21.3983 20.0705 19.4681 17.3712 17.1913 16.6058 15.7806 15.2146 14.2076 13.3207 11.8312 11.5606 11.8872 11.3967 11.0596 10.5906 9.85526 9.65812 9.64012 9.56765 9.56344 9.26579 9.26297 13.1265 9.13221 14.5327 8.96047 8.88015 8.51778 8.49374 8.35619 8.64809 8.35354 8.02246 7.94556 7.94131 7.82402 7.8135 7.77104 7.61635 7.80719 7.42774
threshold=1.741071403026581 0.81250000000000011 2.991071462631226 0.49107143282890325 1.151785731315613 2.3839285373687749 0.91289180517196666 0.62500000000000011 0.96801587939262401 1.3750000000000002 3.2350000143051152 47.500000000000007 4.1517856121063241 0.84840714931488048 2.6250000000000004 0.91289180517196666 6.5000000000000009 2.5000000000000004 10.444999694824221 2.8413627147674565 5.5000000000000009 2.3750000000000004 10.500000000000002 0.37500000000000006 5.5000000000000009 45.500000000000007 21.500000000000004 0.20535714179277423 0.90209394693374645 25.500000000000004 13.500000000000002 0.89709714055061351 4.5000000000000009 10.045000076293947 0.71422553062438976 3.0892857313156132 9.9049997329711932 1.6250000000000002 2.1696429252624516 0.65178570151329052 1.5000000000000002 25.500000000000004 4.4949998855590829 2.5000000000000004 1.8750000000000002 29.500000000000004 0.33035713434219366 1.5328043103218081 27.500000000000004 1.0293049812316897 23.500000000000004 0 41.500000000000007 4.5000000000000009 1.2087581753730776 19.500000000000004 3.4375000000000004 0.76397022604942333 0.59821429848670971 0.77898260951042186 1.8750000000000002 20.500000000000004
decision_type=2 2 2 2 2 2 2 2 2 2 2 2 2 2 2 2 2 2 2 2 2 2 2 2 2 2 2 2 2 2 2 2 2 2 2 2 2 2 2 2 2 2 2 2 2 2 2 2 2 2 2 1 2 2 2 2 2 2 2 2 2 2
left_child=1 3 5 17 8 13 -6 -8 59 16 26 15 56 -2 20 34 42 28 27 31 61 38 -22 50 -20 54 57 -19 41 -14 40 -7 44 36 -12 -21 -13 -24 -15 48 -25 46 -10 -44 45 -33 -1 -16 58 -29 55 -52 -43 -11 -18 -17 -4 -5 -32 -3 -61 -9
right_child=2 4 12 10 6 19 7 14 9 53 11 33 29 21 47 23 25 18 24 35 22 -23 37 30 -26 -27 -28 49 -30 -31 39 32 -34 -35 -36 -37 -38 -39 -40 -41 -42 52 43 -45 -46 -47 -48 -49 -50 -51 51 -53 -54 -55 -56 -57 -58 -59 -60 60 -62 -63
leaf_value=0 0 0 0 0 0 0 0 0 0 0 0 0 0.002405528442016535 0 0 0 0 0 0 1.2181940479328058e-05 0 0 0 0 0 0 0 0 0 0.0041356993367041468 0 0 0 0 0 -0.0003947869034864231 0 0 0 0 0 0 0 0 0 0 0 0 0 0 0 0 0 0 0 0 -8.4857757615137242e-05 0 0 0 0 0
leaf_weight=1221 2526 2456 17727 160 7599 2820 10936 18858 4717 10167 285 2860 32311 15442 1554 1888 15294 636 3406 2599 25257 10044 4785 278 1121 7326 5715 8523 618 26842 968 2822 7592 1704 2846 2159 476 2673 5967 10855 2382 3682 4827 7208 13255 2577 2043 3665 4964 1564 2832 4001 3884 3011 6434 598 23574 4024 936 3459 334 2076
leaf_count=1221 2526 2456 17727 160 7599 2820 10936 18858 4717 10167 285 2860 32311 15442 1554 1888 15294 636 3406 2599 25257 10044 4785 278 1121 7326 5715 8523 618 26842 968 2822 7592 1704 2846 2159 476 2673 5967 10855 2382 3682 4827 7208 13255 2577 2043 3665 4964 1564 2832 4001 3884 3011 6434 598 23574 4024 936 3459 334 2076
internal_value=-0.00679694 -0.0110966 -0.00124904 -0.0150443 -0.00903546 -0.00324309 -0.00769648 -0.00800309 -0.0106242 -0.0109126 -0.0134017 -0.012928 9.68803e-05 -0.00429451 -0.00759693 -0.013318 -0.011368 -0.0179836 -0.0188262 -0.00218685 -0.00781921 -0.00457893 -0.00829849 -0.0136231 -0.0209629 -0.0119411 -0.015214 -0.0179242 -0.0168611 0.000598093 -0.0131326 -0.00251675 -0.00271287 -0.0103869 -0.0104238 -0.000171501 -0.0114065 -0.00695173 -0.005098 -0.0134126 -0.0112669 -0.0171136 -0.0103739 -0.00993228 -0.00230556 -0.00334562 -0.0157776 -0.00531194 -0.0142889 -0.0176404 -0.0146961 -0.015238 -0.0176899 -0.00932964 -0.0123576 -0.0132068 -0.000620978 -0.0138141 -0.012583 -0.00790254 -0.00874532 -0.00707022
internal_weight=385363 217106 168257 74470 142636 67803 77403 69804 65233 58984 47772 37873 100454 33979 58868 32833 45806 26698 15250 33824 53649 31453 32715 29702 4527 29054 9899 10723 11448 59153 20383 29066 26246 5040 3131 4758 3336 7458 21409 17723 2660 10830 16752 12035 18654 5399 3264 5219 6868 10087 9319 6833 7566 13178 21728 2486 41301 4184 1904 6249 3793 20934
internal_count=385363 217106 168257 74470 142636 67803 77403 69804 65233 58984 47772 37873 100454 33979 58868 32833 45806 26698 15250 33824 53649 31453 32715 29702 4527 29054 9899 10723 11448 59153 20383 29066 26246 5040 3131 4758 3336 7458 21409 17723 2660 10830 16752 12035 18654 5399 3264 5219 6868 10087 9319 6833 7566 13178 21728 2486 41301 4184 1904 6249 3793 20934
cat_boundaries=0 1
cat_threshold=1
is_linear=0
shrinkage=0.03


Tree=86
num_leaves=63
num_cat=17
split_feature=7 7 7 7 7 7 23 15 24 12 15 12 7 18 15 17 18 18 12 24 24 24 15 18 6 21 24 23 24 21 22 24 24 15 22 17 6 12 24 12 12 22 17 24 24 24 12 17 17 24 24 24 21 21 7 15 25 15 21 21 24 17
split_gain=10337.5 1930.33 581.735 386.827 303.499 94.0251 76.1312 75.6971 68.9889 61.3712 55.3955 50.5825 47.7634 35.0054 32.8899 28.3716 27.1529 26.7412 26.2589 26.1817 23.6735 22.5234 21.7444 20.5749 20.0167 19.2017 22.3002 17.0113 17.0095 16.9919 16.4436 16.1251 15.5792 15.4821 15.4642 15.2353 15.0579 14.226 14.5786 13.4315 13.349 13.0072 12.3207 19.4004 17.2911 12.3038 13.3473 11.839 14.6283 11.6584 11.4851 11.2131 12.7044 11.0771 11.7632 10.9024 10.8948 10.5274 10.4168 10.117 10.0481 9.98758
threshold=1.6875000000000002 0.81250000000000011 2.9196429252624516 0.49107143282890325 1.151785731315613 2.1696429252624516 2.5000000000000004 0.91289180517196666 0 0.62500000000000011 0.83485752344131481 1.6250000000000002 3.4375000000000004 6.5000000000000009 0.8609888255596162 3.5000000000000004 5.5000000000000009 11.500000000000002 2.6250000000000004 1 2 3 0.91289180517196666 4.5000000000000009 0.48214285075664526 19.500000000000004 4 2.5000000000000004 5 25.500000000000004 1.0000000180025095e-35 6 7 0.83881488442420971 1.0000000180025095e-35 1.0000000180025095e-35 5.1250000000000009 0.62500000000000011 8 2.3750000000000004 1.8750000000000002 1.0000000180025095e-35 3.5000000000000004 9 10 11 0.37500000000000006 4.5000000000000009 1.0000000180025095e-35 12 13 14 24.500000000000004 20.500000000000004 0.7053571641445161 0.83184513449668895 15 0.71422553062438976 26.500000000000004 17.500000000000004 16 2.5000000000000004
decision_type=2 2 2 2 2 2 2 2 1 2 2 2 2 2 2 2 2 2 2 1 1 1 2 2 2 2 1 2 1 2 2 1 1 2 2 2 2 2 1 2 2 2 2 1 1 1 2 2 2 1 1 1 2 2 2 2 1 2 2 2 1 2
left_child=1 3 5 15 10 14 7 -6 16 20 50 13 -4 45 -2 24 53 22 23 -17 -9 -7 57 28 41 37 -27 32 -11 -24 49 -25 -16 -23 -21 -31 -14 38 -15 -34 58 -1 44 -44 -39 46 -12 48 56 -13 -3 -19 -53 54 -5 -18 -33 -10 -35 -46 -20 -57
right_child=2 4 12 8 6 21 -8 9 17 18 11 30 36 25 27 19 55 51 60 34 -22 33 29 31 -26 26 -28 -29 -30 35 -32 47 39 40 -36 -37 -38 42 -40 -41 -42 -43 43 -45 59 -47 -48 -49 -50 -51 -52 52 -54 -55 -56 61 -58 -59 -60 -61 -62 -63
leaf_value=0 0 0 0 0 0 0 0 0 0 0 0 0 2.3656910957266402e-05 0 0 0 0 0 0 0 0 0.018537435570914754 0 0 0 0 0 4.5279075245920253e-06 0 0 1.9281858323403115e-06 0 0 0 0 0 0.0022164699855129833 0 0 0 0 0 0 0 0 0 0 0 0 0 0 0 0 0 0 0 0 0 0 0 0 0
leaf_weight=12706 2117 1118 20753 3032 7119 8627 1424 3645 279 7463 2041 3849 54716 1705 4398 6072 638 1555 1130 5274 6766 2212 18810 21700 2239 467 12050 439 6233 660 191 1112 14328 8633 128 3648 27931 3616 6233 5492 20698 379 1403 4350 3050 8123 9406 3973 8709 4431 2813 1922 318 2277 1019 4841 1012 2423 1520 392 3500 6560
leaf_count=12706 2117 1118 20753 3032 7119 8627 1424 3645 279 7463 2041 3849 54716 1705 4398 6072 638 1555 1130 5274 6766 2212 18810 21700 2239 467 12050 439 6233 660 191 1112 14328 8633 128 3648 27931 3616 6233 5492 20698 379 1403 4350 3050 8123 9406 3973 8709 4431 2813 1922 318 2277 1019 4841 1012 2423 1520 392 3500 6560
internal_value=-0.00681401 -0.0112176 -0.00133581 -0.0151043 -0.00912697 -0.00348078 -0.00780896 -0.00794414 -0.0134918 -0.00826466 -0.0106177 -0.010839 8.44295e-05 -0.0111841 -0.00486808 -0.0179915 -0.0149719 -0.0125646 -0.00786373 -0.0191196 -0.0103762 -0.00258983 -0.0129144 -0.0080631 -0.0171468 -0.0117763 -0.0108484 -0.00517618 -0.00707155 -0.013212 -0.00868693 -0.00843511 -0.00528227 -0.00223116 -0.0173492 -0.0115125 0.000407529 -0.0123362 -0.0133341 -0.00491225 -0.00240566 -0.0175953 -0.0117178 -0.0127483 -0.0108779 -0.0101773 -0.010857 -0.00923002 -0.00872251 -0.00888768 -0.00716535 -0.0102174 -0.0116533 -0.0133891 -0.012448 -0.0158163 -0.0109548 -0.0103679 -0.00329666 -0.012478 -0.00570194 -0.0160299
internal_weight=385668 213804 171864 74780 139024 68464 73786 72362 47982 65243 65238 61307 103400 52836 26774 26798 18367 29615 54832 11474 10411 41690 25820 50202 15324 33266 12517 24657 13696 23118 8471 36506 24218 33063 5402 4308 82647 20749 7938 19820 30851 13085 12811 5753 7058 19570 11447 14806 10833 8280 3931 3795 2240 6328 4051 12039 2124 2702 10153 3442 4630 11401
internal_count=385668 213804 171864 74780 139024 68464 73786 72362 47982 65243 65238 61307 103400 52836 26774 26798 18367 29615 54832 11474 10411 41690 25820 50202 15324 33266 12517 24657 13696 23118 8471 36506 24218 33063 5402 4308 82647 20749 7938 19820 30851 13085 12811 5753 7058 19570 11447 14806 10833 8280 3931 3795 2240 6328 4051 12039 2124 2702 10153 3442 4630 11401
cat_boundaries=0 1 2 3 4 5 6 7 8 9 10 11 12 13 14 15 16 17
cat_threshold=32801 131073 164113 104064 6152 37517 7608 132117 33800 65816 235649 491568 203160 328712 66820 5 265221
is_linear=0
shrinkage=0.03


Tree=87
num_leaves=63
num_cat=7
split_feature=7 7 7 7 7 7 15 12 15 12 19 7 15 18 15 12 7 7 17 19 19 18 25 6 6 15 19 18 15 19 12 12 27 26 17 17 25 19 17 27 15 26 19 15 19 19 18 15 15 7 19 17 26 18 11 18 18 17 19 17 19 12
split_gain=10377.2 1980.3 497.405 412.678 330.93 78.3026 77.0478 71.4749 63.2395 42.943 36.9917 36.3708 33.8845 33.7793 32.7023 31.332 24.2891 23.6776 23.7977 22.9486 19.2537 19.2133 23.7053 16.667 16.595 14.3272 13.3077 12.9401 12.895 12.515 11.8939 11.541 11.499 10.9815 10.7411 10.5887 11.1814 10.5858 10.9451 9.76875 9.48974 9.46661 13.782 9.17335 8.66015 8.65092 8.65091 8.23787 8.53862 8.12585 7.97362 8.20805 17.6644 7.9321 7.78957 7.75724 7.71981 7.68842 8.84382 7.56359 7.55012 7.49538
threshold=1.7589285969734194 0.81250000000000011 3.0267857313156132 0.50892856717109691 1.151785731315613 2.4196429252624516 0.91289180517196666 0.62500000000000011 0.96801587939262401 1.6250000000000002 47.500000000000007 3.4375000000000004 0.8933892846107484 6.5000000000000009 0.89709714055061351 2.6250000000000004 0.65178570151329052 0.36607143282890325 2.5000000000000004 6.5000000000000009 42.500000000000007 5.5000000000000009 0 4.8750000000000009 2.0892857313156132 0.70575505495071422 24.500000000000004 5.5000000000000009 0.89709714055061351 38.500000000000007 0.87500000000000011 0.62500000000000011 1 2 2.5000000000000004 4.5000000000000009 3 25.500000000000004 3.5000000000000004 4 0.9991869628429414 5 45.500000000000007 0.77564415335655224 1.5000000000000002 13.500000000000002 5.5000000000000009 0.77898260951042186 0.76823344826698314 1.6339285969734194 46.500000000000007 4.5000000000000009 6 2.5000000000000004 0.19642857462167743 5.5000000000000009 10.500000000000002 5.5000000000000009 29.500000000000004 1.0000000180025095e-35 41.500000000000007 1.8750000000000002
decision_type=2 2 2 2 2 2 2 2 2 2 2 2 2 2 2 2 2 2 2 2 2 2 1 2 2 2 2 2 2 2 2 2 1 1 2 2 1 2 2 1 2 1 2 2 2 2 2 2 2 2 2 2 1 2 2 2 2 2 2 2 2 2
left_child=1 3 5 17 8 14 -6 41 47 13 12 -4 25 30 -2 21 26 18 -1 -18 -15 49 -23 -13 -16 -5 33 34 -7 39 53 -21 37 44 -19 36 59 38 -24 -28 -36 42 -8 -29 -14 -27 -35 48 -3 -9 51 -34 -53 -10 -37 -38 57 -20 -59 -30 -45 -49
right_child=2 4 11 10 6 28 7 15 9 -11 -12 23 16 20 24 -17 19 27 56 31 -22 22 32 -25 -26 45 29 43 35 -31 -32 -33 50 46 40 54 55 -39 -40 -41 -42 -43 -44 60 -46 -47 -48 61 -50 -51 -52 52 -54 -55 -56 -57 -58 58 -60 -61 -62 -63
leaf_value=0 0 0 0 0 0 0 0 0 0 0 0 1.8360253997361252e-06 0 0 0 0 0 0 0 0 0 0 0 0.0022258893102627686 0 0 0 0 0 0 0 0 0 0 0 0 0 0 0 0 0 0 0 0 0 0 0 0 0 0 0 0 0 0 0 0 0 0 0 0 0 0
leaf_weight=5597 3309 2143 16334 117 7692 3398 4301 18666 3616 8019 5286 48504 194 19861 17543 5393 998 1771 3756 9587 12359 11524 478 34146 13794 365 3968 253 2303 4534 8161 9741 11731 1894 254 5471 4331 2007 430 1822 2009 6174 518 6909 3639 3378 327 3436 318 2638 2033 2048 2824 6928 3223 5204 2427 584 764 9417 4575 338
leaf_count=5597 3309 2143 16334 117 7692 3398 4301 18666 3616 8019 5286 48504 194 19861 17543 5393 998 1771 3756 9587 12359 11524 478 34146 13794 365 3968 253 2303 4534 8161 9741 11731 1894 254 5471 4331 2007 430 1822 2009 6174 518 6909 3639 3378 327 3436 318 2638 2033 2048 2824 6928 3223 5204 2427 584 764 9417 4575 338
internal_value=-0.00679845 -0.0111032 -0.00116842 -0.0150633 -0.00904231 -0.00314401 -0.00772983 -0.00803978 -0.0106222 -0.0109261 -0.0132936 0.000188637 -0.0136012 -0.0112474 -0.00414282 -0.0076309 -0.0138824 -0.017871 -0.0188122 -0.0131896 -0.0118361 -0.0078472 -0.00829977 0.000444283 -0.00444232 -0.0109275 -0.0147421 -0.0170875 -0.00210631 -0.0153969 -0.0102334 -0.0134187 -0.00890065 -0.0136254 -0.0156217 -0.00230502 -0.00194425 -0.0106569 -0.00796916 -0.0163212 -0.0169912 -0.010263 -0.00913295 -0.0175913 -0.0124411 -0.0112506 -0.0155433 -0.007749 -0.00639862 -0.00714457 -0.00863071 -0.00884786 -0.00781281 -0.0108989 -0.00318703 -0.0027077 -0.0199133 -0.0205756 -0.018632 -0.00131969 -0.0177158 -0.00862957
internal_weight=385362 218385 166977 74749 143636 67993 78457 70765 65179 58944 45850 98984 40564 50925 34646 59772 36704 28899 13128 20326 32220 54379 33075 82650 31337 3860 16378 15771 33347 10324 18705 19328 21551 6054 4034 29949 21255 2915 908 5790 2263 10993 4819 11737 3833 3743 2221 6235 2461 21304 18636 16603 4872 10544 8694 9535 7531 5104 1348 11720 11484 3774
internal_count=385362 218385 166977 74749 143636 67993 78457 70765 65179 58944 45850 98984 40564 50925 34646 59772 36704 28899 13128 20326 32220 54379 33075 82650 31337 3860 16378 15771 33347 10324 18705 19328 21551 6054 4034 29949 21255 2915 908 5790 2263 10993 4819 11737 3833 3743 2221 6235 2461 21304 18636 16603 4872 10544 8694 9535 7531 5104 1348 11720 11484 3774
cat_boundaries=0 1 2 3 4 5 6 7
cat_threshold=1 4 9 6 1 6 1
is_linear=0
shrinkage=0.03


Tree=88
num_leaves=63
num_cat=6
split_feature=7 7 7 7 7 7 23 15 15 13 7 10 20 15 15 23 6 23 7 10 14 15 17 13 6 23 23 17 15 17 17 13 17 27 6 7 13 14 15 6 14 20 23 6 27 7 17 6 13 27 10 5 17 14 27 20 27 7 27 17 13 13
split_gain=10281.3 1949.94 521.132 405.158 334.438 80.1156 79.5038 79.3371 59.1145 40.0738 39.5836 38.7728 38.5681 30.9571 29.8952 29.3225 25.2463 25.0865 24.4735 20.9861 20.6776 19.0514 17.7961 22.8772 16.7863 13.9387 13.7264 12.4801 12.3404 12.2791 12.2181 12.1744 18.2183 12.3386 11.189 11.1653 11.1612 11.076 10.3267 10.2131 9.8016 9.78547 9.64099 9.58199 9.24989 9.20725 13.5512 9.05455 8.81314 8.68485 8.69654 8.62776 8.575 8.40738 8.38417 7.83768 7.74575 7.65595 7.58917 7.44631 14.1327 9.61885
threshold=1.741071403026581 0.81250000000000011 2.991071462631226 0.50892856717109691 1.151785731315613 2.1696429252624516 2.5000000000000004 0.91289180517196666 0.87994369864463817 3.3950001001358037 3.4375000000000004 2.8413627147674565 2.5000000000000004 0.91289180517196666 0.86604186892509472 1.0000000180025095e-35 0.48214285075664526 1.5000000000000002 1.4196428656578066 1.1755914092063906 1.0539636015892031 0.89709714055061351 2.5000000000000004 9.9949998855590838 5.1250000000000009 1.0000000180025095e-35 2.5000000000000004 3.5000000000000004 0.71422553062438976 5.5000000000000009 1.0000000180025095e-35 4.6000001430511483 4.5000000000000009 0 2.0178571939468388 0.31250000000000006 10.619999885559084 1.0249089002609255 0.77564415335655224 3.1250000000000004 1.0379781723022463 1.5000000000000002 1.0000000180025095e-35 0.87500000000000011 1 2.4553570747375493 4.5000000000000009 0.73214286565780651 8.6549997329711932 2 1.2348572015762331 1.0357142686843874 2.5000000000000004 1.000000059604645 3 3.5000000000000004 4 0.68750000000000011 5 1.0000000180025095e-35 10.320000171661379 5.1349999904632577
decision_type=2 2 2 2 2 2 2 2 2 2 2 2 2 2 2 2 2 2 2 2 2 2 2 2 2 2 2 2 2 2 2 2 2 1 2 2 2 2 2 2 2 2 2 2 1 2 2 2 2 1 2 2 2 2 1 2 1 2 1 2 2 2
left_child=1 3 5 15 8 14 7 -6 49 57 -4 21 31 28 -2 16 22 19 51 55 25 -7 -1 35 52 36 34 38 -11 54 -27 47 48 -34 -16 -24 43 42 -18 -13 53 -20 -35 -15 -43 -23 59 -10 -33 50 -3 -9 56 -30 -25 -14 -12 -5 -57 -47 61 -61
right_child=2 4 10 9 6 11 -8 18 12 13 24 39 17 20 26 -17 27 -19 41 -21 -22 45 23 29 -26 30 -28 -29 40 -31 -32 32 33 37 -36 -37 -38 -39 -40 -41 -42 44 -44 -45 -46 46 -48 -49 -50 -51 -52 -53 -54 -55 -56 58 -58 -59 -60 60 -62 -63
leaf_value=0 0 0 0 0 0 0 0 0 0 0 0.0053975903506540395 1.1572377084394505e-05 0 0 0 0 0 0 0 0 0 0 0 0 0.002083199206639711 0 4.3920702988542635e-06 0 0 0 0 0 0 0 0 0 0 0 0 -0.0002469423058639687 0 0 0 0 0 0 0 0 0 0 0 0 0.0057487743791502901 0 0 0 -0.002947870886228028 0 0 0 0 0
leaf_weight=9938 1872 1647 17775 6917 7422 4032 1503 9928 673 296 9861 2979 11673 22872 13169 788 121 965 5113 14628 4427 12359 1916 1029 28100 205 391 2126 849 1383 554 3563 2014 1702 7776 5412 2305 801 2737 2000 753 4017 172 2693 21120 3263 6688 5636 7986 3168 557 28145 31300 1604 3471 4454 13508 2456 5584 3884 4168 5189
leaf_count=9938 1872 1647 17775 6917 7422 4032 1503 9928 673 296 9861 2979 11673 22872 13169 788 121 965 5113 14628 4427 12359 1916 1029 28100 205 391 2126 849 1383 554 3563 2014 1702 7776 5412 2305 801 2737 2000 753 4017 172 2693 21120 3263 6688 5636 7986 3168 557 28145 31300 1604 3471 4454 13508 2456 5584 3884 4168 5189
internal_value=-0.00680904 -0.0111199 -0.00124296 -0.0150404 -0.00906014 -0.00327623 -0.00772455 -0.00786012 -0.010642 -0.013289 0.000127526 -0.00253184 -0.0109125 -0.0128403 -0.00470553 -0.0178219 -0.0179818 -0.0115046 -0.00818013 -0.0116314 -0.0131245 -0.00284569 -0.0183988 -0.0191202 0.000403376 -0.0128294 -0.00502447 -0.0160449 -0.0101582 -0.0205135 -0.00881818 -0.00993298 -0.00949846 -0.0110755 -0.00512843 -0.0180016 -0.0129386 -0.00974019 -0.0147502 -3.67543e-05 -0.0106993 -0.00754314 -0.00847812 -0.0131189 -0.00778649 -0.00306734 -0.0027149 -0.0110514 -0.00885817 -0.00762733 -0.0090735 -0.00868623 9.70752e-05 -0.00978027 -0.0212733 -0.0122232 -0.000337755 -0.015039 -0.0116085 -0.00225327 -0.00193694 -0.00260123
internal_weight=385637 217323 168314 74852 142471 67770 77248 75745 65223 45931 100544 44562 59851 36558 23208 28921 28133 37304 68323 36339 33056 39583 23149 13211 82769 28629 21336 4984 3502 5883 759 22547 16238 4689 20945 7328 27870 2675 2858 4979 3206 30250 1874 25565 25137 35551 23192 6309 11549 5372 2204 38073 54669 2453 4500 21711 23369 9373 10038 16504 13241 9073
internal_count=385637 217323 168314 74852 142471 67770 77248 75745 65223 45931 100544 44562 59851 36558 23208 28921 28133 37304 68323 36339 33056 39583 23149 13211 82769 28629 21336 4984 3502 5883 759 22547 16238 4689 20945 7328 27870 2675 2858 4979 3206 30250 1874 25565 25137 35551 23192 6309 11549 5372 2204 38073 54669 2453 4500 21711 23369 9373 10038 16504 13241 9073
cat_boundaries=0 1 2 3 4 5 6
cat_threshold=4 4 1 1 1 1
is_linear=0
shrinkage=0.03


Tree=89
num_leaves=63
num_cat=15
split_feature=7 7 7 7 7 15 24 12 15 24 12 7 19 19 12 17 24 21 24 15 24 6 15 19 19 12 19 25 24 13 14 24 19 24 17 24 21 13 19 24 17 19 19 24 15 24 17 19 24 7 12 13 19 24 15 7 15 19 21 7 21 21
split_gain=10259.7 1976.83 484.126 396.321 340.094 84.5989 76.6686 73.6118 61.2054 53.6052 43.3742 42.3446 31.4825 31.4484 31.0541 28.3803 33.4758 25.3607 23.8619 23.7179 23.0786 22.4397 22.3049 21.2857 21.0911 20.9989 18.4501 23.6039 22.6789 17.8036 17.5262 15.8368 15.6056 15.4973 15.4518 14.6861 14.6319 14.3024 13.2278 12.9585 12.6797 12.4763 11.4041 11.0736 10.8725 10.6454 10.516 10.3959 10.0705 9.97178 9.87614 9.78298 13.4898 9.70022 9.57948 9.91068 9.51296 9.49559 9.4439 9.27541 9.21507 9.18911
threshold=1.7589285969734194 0.81250000000000011 2.991071462631226 0.50892856717109691 1.151785731315613 0.91289180517196666 0 0.62500000000000011 0.87994369864463817 1 1.3750000000000002 3.6517857313156132 47.500000000000007 25.500000000000004 2.6250000000000004 3.5000000000000004 2 15.500000000000002 3 0.71422553062438976 4 0.48214285075664526 0.89709714055061351 22.500000000000004 15.500000000000002 1.8750000000000002 22.500000000000004 5 6 6.2400000095367441 1.0516129136085512 7 25.500000000000004 8 4.5000000000000009 9 1.5000000000000002 7.5950000286102304 24.500000000000004 10 3.5000000000000004 46.500000000000007 25.500000000000004 11 0.9991869628429414 12 1.0000000180025095e-35 25.500000000000004 13 2.2053570747375493 1.0000000180025095e-35 5.9949998855590829 51.500000000000007 14 0.82468372583389293 0.77678570151329052 0.79161494970321666 37.500000000000007 26.500000000000004 1.491071403026581 18.500000000000004 7.5000000000000009
decision_type=2 2 2 2 2 2 1 2 2 1 2 2 2 2 2 2 1 2 1 2 1 2 2 2 2 2 2 1 1 2 2 1 2 1 2 1 2 2 2 1 2 2 2 1 2 1 2 2 1 2 2 2 2 1 2 2 2 2 2 2 2 2
left_child=1 3 6 15 8 -6 22 20 48 24 13 -4 19 31 26 21 -17 61 -19 -11 -7 -1 -2 -8 -5 49 35 39 34 44 38 50 -13 -12 41 -9 -30 57 58 -28 42 -29 53 -40 -25 -16 47 -46 -3 -24 -10 52 -14 -38 60 -56 -50 -36 -21 -39 -26 -15
right_child=2 4 11 9 5 7 23 14 10 12 33 32 51 17 45 16 -18 18 -20 30 -22 -23 25 29 54 -27 27 28 36 -31 -32 -33 -34 -35 37 -37 40 59 43 -41 -42 -43 -44 -45 46 -47 -48 -49 56 -51 -52 -53 -54 -55 55 -57 -58 -59 -60 -61 -62 -63
leaf_value=0 0 0 0 0 0 0 0 0 0 0 0 0.0021776491424757441 0 0 0 0 0 0 0 0 0 0 0 0 0 0 0 0 0 0 0 0 0.00031307483013450513 0 0 0 0 0 0 0 0 0 0 0 0 0 0 0 0 0 0 0 0 0 0 0 0 0 0 0 0 0
leaf_weight=13517 4436 2683 25408 3711 7677 3430 11431 12537 538 284 6002 38662 1583 6855 2386 6242 6161 8241 7027 4946 7696 2894 4437 624 490 25148 2086 5817 307 4405 3811 8951 36256 7294 951 9677 280 763 5199 9404 4240 1171 4611 9620 156 3028 5350 719 1641 9961 7018 2496 239 1293 11390 1121 1127 772 765 395 249 7712
leaf_count=13517 4436 2683 25408 3711 7677 3430 11431 12537 538 284 6002 38662 1583 6855 2386 6242 6161 8241 7027 4946 7696 2894 4437 624 490 25148 2086 5817 307 4405 3811 8951 36256 7294 951 9677 280 763 5199 9404 4240 1171 4611 9620 156 3028 5350 719 1641 9961 7018 2496 239 1293 11390 1121 1127 772 765 395 249 7712
internal_value=-0.00680058 -0.0110818 -0.00120323 -0.0150394 -0.00902277 -0.00769357 -0.00318477 -0.00801773 -0.0106263 -0.0133084 -0.0109044 0.00011351 -0.0124896 -0.0113377 -0.00760032 -0.0177972 -0.0188802 -0.0119191 -0.0110647 -0.0129082 -0.0102581 -0.0169787 -0.00245213 -0.00460211 -0.0146896 -0.00267896 -0.00781633 -0.00827641 -0.00889811 -0.0055303 -0.0130088 -0.0102871 0.000472437 -0.00939395 -0.00781688 -0.00715171 -0.00988427 -0.00597605 -0.012662 -0.00714783 -0.00970338 -0.00858701 -0.008837 -0.0131347 -0.00457337 -0.00543369 -0.00495181 -0.00190286 -0.00758338 -0.00359258 -0.0113577 -0.0101311 -0.0118024 -0.00663128 -0.0152581 -0.0154542 -0.00890065 -0.00424318 -0.0114353 -0.0085544 -0.0119391 -0.0128145
internal_weight=385321 218328 166993 74718 143610 78521 66667 70844 65089 45904 59638 100326 28943 46342 59718 28814 12403 29835 15268 24625 11126 16411 43982 22685 16961 39546 54304 32090 20600 11254 24341 16507 74918 13296 9869 22214 10731 2881 20530 11490 10424 6988 6184 14819 6849 5414 6225 875 5451 14398 7556 4318 1822 1573 13250 12511 2768 1723 5711 1158 739 14567
internal_count=385321 218328 166993 74718 143610 78521 66667 70844 65089 45904 59638 100326 28943 46342 59718 28814 12403 29835 15268 24625 11126 16411 43982 22685 16961 39546 54304 32090 20600 11254 24341 16507 74918 13296 9869 22214 10731 2881 20530 11490 10424 6988 6184 14819 6849 5414 6225 875 5451 14398 7556 4318 1822 1573 13250 12511 2768 1723 5711 1158 739 14567
cat_boundaries=0 1 2 3 4 5 6 7 8 9 10 11 12 13 14 15
cat_threshold=551242 32801 131073 295061 163857 1 6424 426032 203160 6028 393221 198400 269445 363528 65537
is_linear=0
shrinkage=0.03


Tree=90
num_leaves=63
num_cat=19
split_feature=7 7 7 7 7 24 12 24 12 22 19 7 10 19 17 24 12 19 19 24 19 24 19 10 22 19 12 24 22 24 24 19 11 17 24 17 19 19 24 24 17 24 10 24 24 21 22 17 21 21 17 17 24 21 24 10 17 27 27 17 24 17
split_gain=10218.3 1984.8 482.831 403.811 327.055 77.7439 65.1199 61.0492 53.8574 52.7884 36.3637 34.934 30.3613 30.0153 28.7051 36.6366 27.2939 27.2114 25.466 21.5255 20.3315 18.85 18.7009 17.906 17.7398 17.6295 17.1378 16.9978 16.7403 16.5898 16.2394 15.8933 15.4384 13.5954 22.3698 13.663 13.1271 15.4229 13.0964 12.4858 23.5968 12.0418 11.7201 11.3865 11.2614 10.9906 10.9276 10.1807 9.76761 9.60258 9.54439 9.53638 9.43425 9.38722 9.77792 9.31629 9.20318 14.3058 10.1595 9.13938 31.4018 15.467
threshold=1.7589285969734194 0.81250000000000011 3.0267857313156132 0.50892856717109691 1.151785731315613 0 0.62500000000000011 1 1.6250000000000002 1.0000000180025095e-35 25.500000000000004 3.6517857313156132 2.8413627147674565 47.500000000000007 3.5000000000000004 2 1.8750000000000002 17.500000000000004 42.500000000000007 3 18.500000000000004 4 37.500000000000007 0.90209394693374645 1.0000000180025095e-35 6.5000000000000009 1.6250000000000002 5 1.0000000180025095e-35 6 7 25.500000000000004 0.19642857462167743 4.5000000000000009 8 1.5000000000000002 21.500000000000004 42.500000000000007 9 10 4.5000000000000009 11 0.39588086307048803 12 13 25.500000000000004 1.0000000180025095e-35 1.0000000180025095e-35 19.500000000000004 11.500000000000002 5.5000000000000009 1.0000000180025095e-35 14 7.5000000000000009 15 1.1007876396179201 5.5000000000000009 16 17 4.5000000000000009 18 1.5000000000000002
decision_type=2 2 2 2 2 1 2 1 2 2 2 2 2 2 2 1 2 2 2 1 2 1 2 2 2 2 2 1 2 1 1 2 2 2 1 2 2 2 1 1 2 1 2 1 1 2 2 2 2 2 2 2 1 2 1 2 2 1 1 2 1 2
left_child=1 3 5 14 8 12 19 36 10 17 39 -4 16 25 21 56 44 30 -12 -6 -7 23 29 -1 38 55 -24 45 -17 33 -8 -13 -14 35 -35 52 -5 -38 -10 48 -41 -15 -23 46 -2 50 -22 -47 -3 -11 -27 -32 -19 -28 -55 -9 58 -58 -16 61 -61 -31
right_child=2 4 11 7 6 20 9 13 24 49 18 31 32 41 15 28 -18 22 -20 -21 43 42 26 -25 -26 27 53 -29 -30 59 51 -33 -34 34 -36 -37 37 -39 -40 40 -42 -43 -44 -45 -46 47 -48 -49 -50 -51 -52 -53 -54 54 -56 -57 57 -59 -60 60 -62 -63
leaf_value=0 0 0 0 0 0 0 0 0 0 7.6819052268117412e-09 0 0.0021119991051387755 -0.00023485871245231219 0 0 0 0 0 0 0 0 0 0 0 1.8703402573701021e-06 0 0 0 0 0 0 -0.00022107468084443883 1.2658499922563383e-05 0 0 0 0 0 0 0 0 0 0 0 0 0 0.027392588318783967 0 0 0 0 0 0 0 0 0 0 0 0 0 0 0
leaf_weight=11483 5067 3219 24054 5162 5122 8228 6975 1416 4004 733 22459 38650 2756 1505 1481 5933 25356 1241 13652 7066 8667 329 9262 814 211 11194 1285 9796 132 4700 1677 36356 2311 1555 2775 6125 6926 1460 4793 10460 4637 3253 3770 5476 9817 358 289 2423 1785 1090 1888 9746 2910 2696 1954 388 745 1314 2684 1715 2315 7667
leaf_count=11483 5067 3219 24054 5162 5122 8228 6975 1416 4004 733 22459 38650 2756 1505 1481 5933 25356 1241 13652 7066 8667 329 9262 814 211 11194 1285 9796 132 4700 1677 36356 2311 1555 2775 6125 6926 1460 4793 10460 4637 3253 3770 5476 9817 358 289 2423 1785 1090 1888 9746 2910 2696 1954 388 745 1314 2684 1715 2315 7667
internal_value=-0.00680748 -0.011081 -0.00122249 -0.0150571 -0.00902282 -0.00316976 -0.00771976 -0.013308 -0.0105934 -0.00734989 -0.0109385 0.000113568 -0.00245027 -0.0125692 -0.0178478 -0.018944 -0.00272639 -0.00749197 -0.0115078 -0.00973548 -0.0046052 -0.0170262 -0.00788052 -0.0176858 -0.00843983 -0.0129542 -0.00701842 -0.0131557 -0.017084 -0.0083031 -0.00651625 0.000432605 -0.000262285 -0.00752956 -0.00612471 -0.00812884 -0.0150447 -0.0157885 -0.00864602 -0.00991578 -0.00943927 -0.0103733 -0.0149679 -0.00528575 -0.00374617 -0.0138172 -0.00460205 -0.0121133 -0.0113119 -0.00231541 -0.01419 -0.00579297 -0.00680005 -0.0057599 -0.0063871 -0.0100876 -0.0206959 -0.0190884 -0.0215402 -0.00898208 -0.0102283 -0.00858325
internal_weight=385310 218283 167027 74454 143829 67967 78609 45769 65220 66421 56212 99060 45307 32221 28685 12289 40240 64598 36111 12188 22660 16396 46200 12297 9008 27463 15197 25659 6065 31003 18398 75006 5067 14606 4330 10276 13548 8386 8797 20101 15097 4758 4099 14432 14884 15863 8956 2781 5004 1823 13082 11423 4151 5935 4650 1804 6224 2059 4165 16397 4030 12367
internal_count=385310 218283 167027 74454 143829 67967 78609 45769 65220 66421 56212 99060 45307 32221 28685 12289 40240 64598 36111 12188 22660 16396 46200 12297 9008 27463 15197 25659 6065 31003 18398 75006 5067 14606 4330 10276 13548 8386 8797 20101 15097 4758 4099 14432 14884 15863 8956 2781 5004 1823 13082 11423 4151 5935 4650 1804 6224 2059 4165 16397 4030 12367
cat_boundaries=0 1 2 3 4 5 6 7 8 9 10 11 12 13 14 15 16 17 18 19
cat_threshold=551242 33 131073 229393 131108 295044 138520 330768 3072 199064 131124 388 135808 548866 272 230040 1 1 132
is_linear=0
shrinkage=0.03


Tree=91
num_leaves=63
num_cat=14
split_feature=6 6 6 6 6 24 6 24 22 25 24 24 24 22 6 19 17 13 24 6 10 6 19 19 24 6 10 13 25 13 19 11 13 22 24 19 25 21 17 19 19 19 19 21 17 24 19 21 19 19 19 19 24 13 21 13 24 19 13 17 19 21
split_gain=10048.9 1718.86 765.053 302.998 286.274 129.507 99.8738 67.9744 54.8033 46.9708 35.4664 35.129 34.1322 30.6978 30.6836 27.2044 25.1899 26.8529 24.9569 22.9043 22.2403 20.4396 19.005 18.865 17.9924 16.6277 15.7914 14.3454 14.318 14.2346 13.9705 13.72 13.3077 12.937 12.8119 12.798 12.661 12.512 11.7724 11.5916 13.8719 10.2461 14.312 10.9824 10.0839 16.6475 9.85271 9.77732 9.76091 9.65278 10.5337 9.29042 9.8604 9.16518 9.05114 8.6362 8.60644 10.4782 8.43786 10.4152 9.5938 8.21107
threshold=1.6250000000000002 0.73214286565780651 2.553571462631226 1.0892856717109682 0.44642856717109686 0 3.553571462631226 1 1.0000000180025095e-35 2 3 4 5 1.0000000180025095e-35 1.2321428656578066 18.500000000000004 2.5000000000000004 2.120000004768372 6 0.94642856717109691 2.8413627147674565 4.8035714626312265 18.500000000000004 47.500000000000007 7 1.9464285969734194 0.78204792737960827 10.275000095367433 8 9.9649996757507342 25.500000000000004 0.19642857462167743 3.2350000143051152 1.0000000180025095e-35 9 13.500000000000002 10 5.5000000000000009 3.5000000000000004 33.500000000000007 42.500000000000007 29.500000000000004 33.500000000000007 3.5000000000000004 5.5000000000000009 11 16.500000000000004 1.5000000000000002 17.500000000000004 3.5000000000000004 9.5000000000000018 24.500000000000004 12 4.0750000476837167 4.5000000000000009 4.6000001430511483 13 10.500000000000002 7.5950000286102304 4.5000000000000009 26.500000000000004 8.5000000000000018
decision_type=2 2 2 2 2 1 2 1 2 1 1 1 1 2 2 2 2 2 1 2 2 2 2 2 1 2 2 2 1 2 2 2 2 2 1 2 1 2 2 2 2 2 2 2 2 1 2 2 2 2 2 2 1 2 2 2 1 2 2 2 2 2
left_child=1 4 5 11 10 12 20 26 14 15 16 28 -2 19 -5 -7 -1 -18 -16 32 34 -8 -11 24 27 -14 -6 -9 -3 -24 -21 -22 -13 53 -4 -10 -20 -32 -17 56 61 43 54 -30 -36 -46 -28 -44 -48 55 -51 -38 -53 -12 -43 -26 57 -34 59 -27 -60 -41
right_child=2 3 6 8 7 9 21 23 35 22 33 13 25 -15 18 38 17 -19 36 30 31 -23 29 -25 49 58 46 -29 41 -31 37 -33 39 -35 44 -37 51 -39 -40 40 -42 42 47 -45 45 -47 48 -49 -50 50 -52 52 -54 -55 -56 -57 -58 -59 60 -61 -62 -63
leaf_value=0 0 0 0 0 0 0 -0.00056968996326769029 0 0 0 0 0 0 0 0 0 0 0 0 0 -0.00011826789356024316 0.0020156193903865718 0 0 0 0 0 0 0 0 0 1.5002559842374136e-05 0 0 0 0 0 0 0 0 0 0 0 0 0 0 0 0 0 0 0 0 0 0 0 0 0 0 0 0 0 0
leaf_weight=9042 12452 6488 11385 21858 8438 4676 40705 12128 135 4047 816 2363 8877 1359 17420 5460 2718 9187 18338 7716 8414 36294 3840 3395 142 4649 1929 1634 347 552 1828 3798 1303 123 17724 1856 7666 9698 3994 2024 6260 143 147 3210 1616 1308 219 3799 6975 298 6541 1664 3799 3402 881 124 7692 4777 2760 1858 5050 6144
leaf_count=9042 12452 6488 11385 21858 8438 4676 40705 12128 135 4047 816 2363 8877 1359 17420 5460 2718 9187 18338 7716 8414 36294 3840 3395 142 4649 1929 1634 347 552 1828 3798 1303 123 17724 1856 7666 9698 3994 2024 6260 143 147 3210 1616 1308 219 3799 6975 298 6541 1664 3799 3402 881 124 7692 4777 2760 1858 5050 6144
internal_value=-0.00682194 -0.0113426 -0.00163209 -0.00943797 -0.0152849 -0.0044589 -0.000274801 -0.0137614 -0.00810152 -0.00623823 -0.0178047 -0.0109068 -0.00332965 -0.0112918 -0.00823966 -0.00516832 -0.0183509 -0.0192663 -0.0078219 -0.0114154 -0.00141067 0.000377888 -0.00802142 -0.0126946 -0.0130373 -0.00401129 -0.0152192 -0.0137209 -0.00958103 -0.00939754 -0.0106046 -0.000321323 -0.0119259 -0.0150924 -0.00182596 -0.00319287 -0.00730085 -0.011266 -0.00609774 -0.0117447 -0.0123389 -0.010438 -0.01133 -0.00922097 -0.00227157 -0.00390492 -0.0143627 -0.0105099 -0.0148732 -0.0116774 -0.0114758 -0.00804194 -0.00899341 -0.0154068 -0.0144902 -0.0173008 -0.0111221 -0.0120739 -0.00338053 -0.00417842 -0.00271575 -0.0131533
internal_weight=385485 206026 179459 138915 67111 58215 121244 41823 72736 22569 25288 66179 35646 51164 70745 14130 20947 11905 48887 49805 44245 76999 8439 24262 20867 23194 17561 13762 15015 4392 19242 12212 30563 4341 32033 1991 31467 11526 9454 28200 14428 8527 4970 3557 20648 2924 9123 3946 7194 7105 6839 13129 5463 4218 1024 266 13772 6080 14317 6507 7810 8168
internal_count=385485 206026 179459 138915 67111 58215 121244 41823 72736 22569 25288 66179 35646 51164 70745 14130 20947 11905 48887 49805 44245 76999 8439 24262 20867 23194 17561 13762 15015 4392 19242 12212 30563 4341 32033 1991 31467 11526 9454 28200 14428 8527 4970 3557 20648 2924 9123 3946 7194 7105 6839 13129 5463 4218 1024 266 13772 6080 14317 6507 7810 8168
cat_boundaries=0 1 2 3 4 5 6 7 8 9 10 11 12 13 14
cat_threshold=555338 131105 1 131105 71816 548930 360497 295044 9 543234 5 8384 4360 262149
is_linear=0
shrinkage=0.03


Tree=92
num_leaves=63
num_cat=21
split_feature=7 7 7 7 7 7 23 24 7 20 10 7 22 24 10 17 24 24 24 24 20 22 24 24 17 20 7 10 11 24 24 24 21 17 22 7 17 24 17 10 24 17 17 24 24 21 17 20 24 17 24 20 20 24 17 21 10 24 17 27 27 21
split_gain=10264.3 1929.99 572.806 404.294 288.253 99.4749 71.6025 53.6917 48.3955 40.2453 34.1852 30.6895 30.3723 27.108 25.1981 21.8891 26.3346 21.3869 20.1609 17.1718 17.095 16.1179 15.5884 15.4524 24.4833 15.3673 14.9688 14.9532 14.5693 13.2995 12.526 11.3512 11.0658 14.4203 10.6156 10.9059 10.5046 12.0072 9.88664 9.83303 9.79389 16.112 9.35426 10.7947 10.3015 17.9739 11.104 9.17816 14.4644 9.13875 9.71658 8.86166 8.7664 8.63058 9.86489 8.8024 8.42736 8.3901 8.243 15.1416 10.5893 8.21558
threshold=1.6875000000000002 0.74107143282890331 2.9196429252624516 1.1339285969734194 0.49107143282890325 2.1696429252624516 2.5000000000000004 0 3.6517857313156132 2.5000000000000004 2.8413627147674565 1.4196428656578066 1.0000000180025095e-35 1 1.2634480595588686 3.5000000000000004 2 3 4 5 1.5000000000000002 1.0000000180025095e-35 6 7 4.5000000000000009 2.5000000000000004 0.97321429848670971 0.90209394693374645 0.19642857462167743 8 9 10 25.500000000000004 1.0000000180025095e-35 1.0000000180025095e-35 1.866071403026581 2.5000000000000004 11 1.0000000180025095e-35 0.39588086307048803 12 2.5000000000000004 1.0000000180025095e-35 13 14 12.500000000000002 2.5000000000000004 2.5000000000000004 15 2.5000000000000004 16 1.5000000000000002 1.5000000000000002 17 3.5000000000000004 25.500000000000004 3.4477697610855107 18 5.5000000000000009 19 20 3.5000000000000004
decision_type=2 2 2 2 2 2 2 1 2 2 2 2 2 1 2 2 1 1 1 1 2 2 1 1 2 2 2 2 2 1 1 1 2 2 2 2 2 1 2 2 1 2 2 1 1 2 2 2 1 2 1 2 2 1 2 2 2 1 2 1 1 2
left_child=1 4 5 9 15 19 11 20 -4 13 18 23 14 -3 22 27 58 -13 -7 52 38 -18 -11 47 42 -10 -15 29 56 -1 -26 36 -9 -34 35 -21 37 -16 -6 -31 41 -35 43 -25 45 -44 -46 -5 -49 50 -19 -20 -2 -51 55 -55 -12 -28 60 -60 -17 -53
right_child=2 3 8 6 7 10 -8 32 25 12 28 17 -14 26 31 16 21 49 51 34 -22 -23 -24 24 30 -27 57 -29 -30 39 -32 -33 33 40 -36 -37 -38 -39 -40 -41 -42 -43 44 -45 46 -47 -48 48 -50 53 -52 61 -54 54 -56 -57 -58 -59 59 -61 -62 -63
leaf_value=0 0 0 0 0 0 0 -4.7410392750362949e-14 0 0.0020212604314923145 0 -6.7240455031533354e-05 0 0 0 0 0 0 0 0 0 0 0 0 0 0 -3.3532762229533119e-06 0 0 1.4172728049426011e-05 0 0 0 0 0 0 0 0 0 0 0 0 0 0 0 0 0 0 0 0 0 0 0 0 0 0 0 -0.00041797113962826045 0 0 0 0 0
leaf_weight=10919 766 9334 28424 14556 353 25514 1451 16935 39897 5265 1531 8431 1252 11497 908 1394 5327 2643 1927 6841 13009 129 28732 999 581 34851 957 821 2301 327 4295 7199 524 172 567 14572 2455 839 2054 3240 2743 267 2501 1401 1714 3902 1725 2099 11078 5586 6823 1063 4050 1448 5271 329 398 5653 708 1317 2604 8943
leaf_count=10919 766 9334 28424 14556 353 25514 1451 16935 39897 5265 1531 8431 1252 11497 908 1394 5327 2643 1927 6841 13009 129 28732 999 581 34851 957 821 2301 327 4295 7199 524 172 567 14572 2455 839 2054 3240 2743 267 2501 1401 1714 3902 1725 2099 11078 5586 6823 1063 4050 1448 5271 329 398 5653 708 1317 2604 8943
internal_value=-0.00681664 -0.0112036 -0.00135305 -0.00936424 -0.0156212 -0.00348036 -0.00783948 -0.01387 5.87951e-05 -0.0109454 -0.0025635 -0.00796654 -0.0114817 -0.0100338 -0.0116088 -0.0179785 -0.0189688 -0.00723288 -0.00285227 -0.0049064 -0.0152536 -0.017214 -0.0120181 -0.00846596 -0.00920633 0.000459464 -0.0107307 -0.0172358 -7.09209e-06 -0.0174591 -0.0110094 -0.0103883 -0.012823 -0.0113443 -0.00454161 -0.00465096 -0.00900855 -0.00725186 -0.012941 -0.0154848 -0.0121037 -0.00728953 -0.00849567 -0.010175 -0.00808616 -0.00731031 -0.00948188 -0.00800278 -0.00857927 -0.00672456 -0.00602282 -0.00387264 -0.00654828 -0.00725566 -0.00798753 -0.00606584 -0.00193002 -0.00959909 -0.0204958 -0.0189704 -0.0213197 -0.00423466
internal_weight=385412 213767 171645 150924 62843 68473 76833 36057 103172 74091 41677 75382 46650 27441 45398 26786 11479 30531 37447 26796 15416 5456 33997 44851 17118 74748 18107 15307 4230 14486 4876 11401 20641 3706 21980 21413 4202 1747 2407 3567 3182 439 12242 2400 9842 6403 3439 27733 13177 22100 9466 11933 4816 12634 7048 1777 1929 6610 6023 2025 3998 10006
internal_count=385412 213767 171645 150924 62843 68473 76833 36057 103172 74091 41677 75382 46650 27441 45398 26786 11479 30531 37447 26796 15416 5456 33997 44851 17118 74748 18107 15307 4230 14486 4876 11401 20641 3706 21980 21413 4202 1747 2407 3567 3182 439 12242 2400 9842 6403 3439 27733 13177 22100 9466 11933 4816 12634 7048 1777 1929 6610 6023 2025 3998 10006
cat_boundaries=0 1 2 3 4 5 6 7 8 9 10 11 12 13 14 15 16 17 18 19 20 21
cat_threshold=32801 69504 131073 362512 550986 132117 71936 7828 131108 1 464905 135177 65808 65824 360448 516 131208 4364 131104 1 1
is_linear=0
shrinkage=0.03


Tree=93
num_leaves=63
num_cat=4
split_feature=6 6 6 6 6 6 15 23 6 12 13 15 22 15 15 6 12 6 6 13 22 13 15 6 12 14 18 23 18 13 13 12 18 12 15 14 18 18 25 12 13 25 25 25 18 15 14 11 9 15 15 14 9 13 18 12 15 12 9 12 13 13
split_gain=9948.12 1752.76 691.607 333.51 298.45 110.529 85.6348 85.884 75.5551 62.6982 54.9581 47.4494 31.6764 30.5249 28.7248 28.1253 27.9116 22.9896 22.6195 22.2929 22.4103 19.2278 17.5742 17.5167 17.3783 15.168 14.9542 14.286 12.7822 15.5586 12.5014 11.9372 12.0169 11.5056 9.91811 9.75293 9.33892 9.24094 9.23289 9.08611 10.4439 8.55779 8.4448 8.43552 9.32441 8.09578 7.59597 7.29534 7.18433 6.99438 6.95444 6.91272 7.42438 6.88885 6.87096 6.85729 6.85426 6.62104 6.60269 7.4905 6.60077 6.61085
threshold=1.6607143282890322 0.73214286565780651 2.6607142686843877 1.053571403026581 0.44642856717109686 2.0178571939468388 0.91289180517196666 2.5000000000000004 3.553571462631226 0.62500000000000011 3.2350000143051152 0.86604186892509472 1.0000000180025095e-35 0.8933892846107484 0.84593328833580028 1.3392856717109682 0.87500000000000011 0.5892857313156129 4.8750000000000009 10.444999694824221 1.0000000180025095e-35 9.0199999809265154 0.79504477977752697 0.30357143282890325 1.6250000000000002 1.0379781723022463 5.5000000000000009 2.5000000000000004 6.5000000000000009 3.8449999094009404 3.3950001001358037 1.3750000000000002 6.5000000000000009 2.6250000000000004 0.89113023877143871 1.0585023760795595 11.500000000000002 7.5000000000000009 0 1.8750000000000002 4.6250000000000009 1 2 3 5.5000000000000009 0.72387105226516735 1.0473437905311587 0.19642857462167743 3.1237229108810429 0.77898260951042186 0.72387105226516735 1.01045697927475 1.089108467102051 9.6250000000000018 9.5000000000000018 1.6250000000000002 0.7833717167377473 1.8750000000000002 1.8721898198127749 2.6250000000000004 5.8949999809265146 8.1350002288818377
decision_type=2 2 2 2 2 2 2 2 2 2 2 2 2 2 2 2 2 2 2 2 2 2 2 2 2 2 2 2 2 2 2 2 2 2 2 2 2 2 1 2 2 1 1 1 2 2 2 2 2 2 2 2 2 2 2 2 2 2 2 2 2 2
left_child=1 4 5 11 19 13 45 9 34 -8 26 49 16 -2 25 31 30 21 -10 20 23 -16 -7 37 48 50 -6 39 29 -18 -13 32 -11 43 -4 -31 46 -1 -26 40 -15 -34 -22 -17 -45 -5 -19 -36 -24 -3 -12 52 -32 -27 57 60 -28 -30 -33 -60 -46 -62
right_child=2 3 8 6 10 22 7 -9 18 15 14 12 -14 27 17 33 28 36 -20 -21 42 -23 24 -25 38 53 56 -29 54 35 51 58 41 -35 47 -37 -38 -39 -40 -41 -42 -43 -44 44 55 -47 -48 -49 -50 -51 -52 -53 -54 -55 -56 -57 -58 -59 59 -61 61 -63
leaf_value=0 0 0 0.012713101455346702 0 0 0 0 0 -0.00084132014399585864 0 0 0 0 0 0 0 0 0 0.0018176602025403864 0 0 0 0 0 0 0 0 -0.00037268328612217235 0 0 0 0 0 0 0 0 0 0 0 0 0 0 0 0 0 0 0 0 0 0 0 0 0 0 0 0 0 0 0 0 0 0
leaf_weight=1129 2234 2300 3557 1249 3656 1664 12377 1454 42704 8158 298 1614 1446 1844 6067 8926 1062 12480 34107 7436 171 6671 9606 11505 10300 184 233 409 7104 7178 6736 12836 2766 2830 27763 734 2214 4685 13353 9798 11664 6320 317 8227 1837 6840 2803 6870 445 2011 1398 15380 4875 462 7938 3519 5288 881 554 238 1690 2462
leaf_count=1129 2234 2300 3557 1249 3656 1664 12377 1454 42704 8158 298 1614 1446 1844 6067 8926 1062 12480 34107 7436 171 6671 9606 11505 10300 184 233 409 7104 7178 6736 12836 2766 2830 27763 734 2214 4685 13353 9798 11664 6320 317 8227 1837 6840 2803 6870 445 2011 1398 15380 4875 462 7938 3519 5288 881 554 238 1690 2462
internal_value=-0.00680187 -0.0112369 -0.00155637 -0.00934467 -0.0152345 -0.00412951 -0.00810886 -0.00842842 -0.000184407 -0.00857272 -0.0136777 -0.0110606 -0.0112984 -0.00561652 -0.0131 -0.0081739 -0.0114168 -0.0133479 0.0003578 -0.0178097 -0.0172336 -0.0143175 -0.00303851 -0.0174123 -0.0031871 -0.00989923 -0.0157283 -0.00593232 -0.0106824 -0.00977691 -0.0120561 -0.00880681 -0.00933125 -0.00751134 -0.00127494 -0.00931926 -0.0126421 -0.0187544 -0.00274303 -0.00602986 -0.00653435 -0.0100817 -0.0108934 -0.0077044 -0.00810566 -0.00517777 -0.0129059 -0.00142988 -0.00423212 -0.00802992 -0.0084092 -0.0119027 -0.0113502 -0.0138111 -0.0111927 -0.0087501 -0.0167138 -0.011814 -0.00814323 -0.00548485 -0.00936767 -0.0087052
internal_weight=384857 208539 176318 141542 66997 61317 82283 74194 115001 72740 41754 59259 54948 25949 32577 60363 53502 30235 76811 25243 17807 12738 35368 17319 33704 2342 9177 23715 24897 8974 28605 30872 17244 29491 38190 7912 17497 5814 23653 23306 13508 9086 488 26661 17735 8089 15283 34633 10051 4311 1696 26991 11611 646 15923 9508 5521 7985 13628 792 5989 4152
internal_count=384857 208539 176318 141542 66997 61317 82283 74194 115001 72740 41754 59259 54948 25949 32577 60363 53502 30235 76811 25243 17807 12738 35368 17319 33704 2342 9177 23715 24897 8974 28605 30872 17244 29491 38190 7912 17497 5814 23653 23306 13508 9086 488 26661 17735 8089 15283 34633 10051 4311 1696 26991 11611 646 15923 9508 5521 7985 13628 792 5989 4152
cat_boundaries=0 1 2 3 4
cat_threshold=6 1 8 1
is_linear=0
shrinkage=0.03


Tree=94
num_leaves=63
num_cat=20
split_feature=10 10 10 24 11 24 11 24 12 15 25 10 10 23 12 10 25 15 24 24 24 10 24 12 18 24 24 15 18 15 17 23 12 11 27 23 18 24 24 12 17 17 12 15 12 18 24 24 24 12 17 24 12 24 23 15 17 18 11 17 24 15
split_gain=9278.66 1538.12 890.718 342.854 333.262 285.313 86.7664 84.0596 80.5478 77.373 75.8846 63.0015 53.632 53.2155 48.6472 44.4286 41.1113 38.0932 37.8449 37.5572 36.554 32.8945 29.7717 29.3645 29.066 29.0131 28.0852 25.1945 24.3374 23.9465 23.5043 23.3805 22.5143 22.3825 22.1667 21.085 21.0843 20.5474 19.7887 18.5246 18.4948 17.5862 17.4025 16.5487 15.9819 15.4546 15.3859 14.8389 14.4705 14.3339 14.0873 13.2847 12.9244 12.8409 12.8104 12.9729 12.7441 12.2324 15.3393 11.9736 13.7312 11.7998
threshold=1.6342942714691164 0.93915662169456493 2.5373482704162602 0 0.41071428358554846 1 0.66071426868438732 2 1.8750000000000002 0.91289180517196666 3 1.2573741078376772 2.8413627147674565 2.5000000000000004 0.62500000000000011 0.59491118788719188 4 0.86914184689521801 5 6 7 0.78204792737960827 8 2.6250000000000004 5.5000000000000009 9 10 0.77898260951042186 6.5000000000000009 0.84593328833580028 2.5000000000000004 1.5000000000000002 1.1250000000000002 0.19642857462167743 11 2.5000000000000004 5.5000000000000009 12 13 6.3750000000000009 3.5000000000000004 5.5000000000000009 0.62500000000000011 0.84840714931488048 0.62500000000000011 7.5000000000000009 14 15 16 1.6250000000000002 3.5000000000000004 17 1.6250000000000002 18 2.5000000000000004 0.87994369864463817 5.5000000000000009 11.500000000000002 0.51785713434219371 4.5000000000000009 19 0.72767218947410595
decision_type=2 2 2 1 2 1 2 1 2 2 1 2 2 2 2 2 1 2 1 1 1 2 1 2 2 1 1 2 2 2 2 2 2 2 1 2 2 1 1 2 2 2 2 2 2 2 1 1 1 2 2 1 2 1 2 2 2 2 2 2 1 2
left_child=1 3 5 6 7 8 21 25 22 49 18 19 26 14 47 -5 20 -13 -7 57 40 61 -2 24 -12 -3 -4 -21 38 -17 -8 44 -29 -10 45 42 -20 52 -18 -14 -16 -36 -31 -24 -19 -32 -46 -11 -35 -9 -38 -28 -30 -26 55 -27 -40 58 -6 -48 -61 -1
right_child=2 4 12 15 11 10 30 9 33 13 23 17 39 -15 16 29 28 31 36 27 -22 -23 43 -25 53 54 51 32 37 35 34 -33 -34 48 41 -37 50 -39 56 -41 -42 -43 -44 -45 46 -47 59 -49 -50 -51 -52 -53 -54 -55 -56 -57 -58 -59 -60 60 -62 -63
leaf_value=0 0 0 0 0 0 0 0 0 0 0 0 0 8.9073504162549215e-06 0 0 0 0 0 0 0 0 0 0 0 0 0 0 0 0 0 0 0 0 0 0 0 0 0 0 0.0022455325005684423 0 0 0 0 0 0 0 0 0 0 0 0 0 0 9.3598341003694243e-06 0 0 0 0 0 0 0
leaf_weight=128 4322 1138 1382 2436 4410 543 8945 4037 21059 4002 6616 1675 63954 946 3969 1780 1320 6222 6196 1156 5368 7035 971 2223 4085 855 8951 21665 3356 13417 2066 474 8809 4466 3543 576 4370 6397 14028 16950 2799 1197 13745 13634 4947 5038 5669 3603 7438 1786 3339 11037 2047 2516 248 10703 2134 547 5215 767 1235 9555
leaf_count=128 4322 1138 1382 2436 4410 543 8945 4037 21059 4002 6616 1675 63954 946 3969 1780 1320 6222 6196 1156 5368 7035 971 2223 4085 855 8951 21665 3356 13417 2066 474 8809 4466 3543 576 4370 6397 14028 16950 2799 1197 13745 13634 4947 5038 5669 3603 7438 1786 3339 11037 2047 2516 248 10703 2134 547 5215 767 1235 9555
internal_value=-0.00680836 -0.0112649 -0.00194176 -0.0148762 -0.00935769 -0.00427567 -0.016831 -0.00791437 -0.0029289 -0.00842163 -0.00661068 -0.0109377 -7.55616e-05 -0.00880452 -0.00894052 -0.0125725 -0.00853556 -0.0095966 -0.00503638 -0.011611 -0.0070354 -0.0152265 -0.0044893 -0.00807961 -0.0086214 -0.005717 -0.00141226 -0.0110755 -0.00915178 -0.0122551 -0.0181294 -0.00997297 -0.0112439 -0.00203383 -0.0190061 -0.0124716 -0.00472476 -0.0102076 -0.00844434 0.000277514 -0.00554234 -0.0205949 -0.012592 -0.00513685 -0.0101385 -0.0179459 -0.00952496 -0.011146 -0.00307359 -0.00515044 -0.00577546 -0.00112391 -0.00875503 -0.0100298 -0.00616046 -0.00631043 -0.00813406 -0.0132522 -0.0135132 -0.00861567 -0.0106214 -0.0163607
internal_weight=385040 200988 184052 69461 131527 81778 37507 68736 51890 55792 29888 62791 102274 49969 49023 31954 41418 20989 14448 41802 12136 16718 18927 15440 13217 12944 21370 31630 29282 29518 20789 19314 30474 32963 11844 27738 13905 11800 17482 80904 6768 4740 27162 14605 18840 7104 12618 7605 11904 5823 7709 19988 5403 6601 11806 11558 16162 10172 9625 7671 2002 9683
internal_count=385040 200988 184052 69461 131527 81778 37507 68736 51890 55792 29888 62791 102274 49969 49023 31954 41418 20989 14448 41802 12136 16718 18927 15440 13217 12944 21370 31630 29282 29518 20789 19314 30474 32963 11844 27738 13905 11800 17482 80904 6768 4740 27162 14605 18840 7104 12618 7605 11904 5823 7709 19988 5403 6601 11806 11558 16162 10172 9625 7671 2002 9683
cat_boundaries=0 1 2 3 4 5 6 7 8 9 10 11 12 13 14 15 16 17 18 19 20
cat_threshold=131105 555338 553288 1 1 1 37 99968 548866 532544 99476 1 2193 393248 295972 265860 4352 542722 1173 4368
is_linear=0
shrinkage=0.03


Tree=95
num_leaves=63
num_cat=14
split_feature=7 7 7 7 7 24 15 22 24 15 7 18 10 24 19 18 13 17 22 19 15 15 15 19 14 24 19 10 7 19 17 19 25 22 15 10 24 19 19 18 24 17 24 19 11 24 17 7 18 19 24 7 10 17 24 24 24 19 18 24 17 13
split_gain=10233.6 1962.39 514.173 397.287 330.585 80.3402 77.6914 71.4052 65.7593 53.8139 41.237 38.5951 31.3696 29.2436 29.1838 28.5065 28.3675 28.0168 26.4292 25.9431 24.0962 23.3689 23.2128 22.938 21.2594 21.2406 21.1735 19.717 17.9906 17.7305 17.4179 16.7214 19.5349 16.3173 15.088 14.4199 13.9089 15.8299 13.7977 13.6308 14.9291 13.2074 16.0511 12.7383 12.4819 12.3881 11.9484 14.9736 11.8703 11.1258 11.7394 10.5792 10.5751 11.9802 15.0077 13.8805 10.1611 10.0962 9.98195 22.5465 11.1878 13.4037
threshold=1.741071403026581 0.81250000000000011 2.991071462631226 0.50892856717109691 1.1339285969734194 0 0.91289180517196666 1.0000000180025095e-35 1 0.83485752344131481 3.6517857313156132 6.5000000000000009 2.8413627147674565 2 47.500000000000007 4.5000000000000009 10.444999694824221 2.5000000000000004 1.0000000180025095e-35 42.500000000000007 0.83881488442420971 0.8933892846107484 0.71422553062438976 15.500000000000002 1.0468839406967165 3 18.500000000000004 0.90209394693374645 1.866071403026581 25.500000000000004 5.5000000000000009 37.500000000000007 4 1.0000000180025095e-35 0.91289180517196666 1.1583746671676638 5 25.500000000000004 12.500000000000002 6.5000000000000009 6 4.5000000000000009 7 4.5000000000000009 0.19642857462167743 8 3.5000000000000004 0.7053571641445161 10.500000000000002 24.500000000000004 9 2.491071462631226 1.6065465211868288 4.5000000000000009 10 11 12 51.500000000000007 6.5000000000000009 13 4.5000000000000009 8.8649997711181658
decision_type=2 2 2 2 2 1 2 2 1 2 2 2 2 1 2 2 2 2 2 2 2 2 2 2 2 1 2 2 2 2 2 2 1 2 2 2 1 2 2 2 1 2 1 2 2 1 2 2 2 2 1 2 2 2 1 1 1 2 2 1 2 2
left_child=1 3 5 16 9 12 -6 13 23 45 -4 25 20 38 22 52 18 -18 27 35 -2 -7 -10 -5 34 43 -23 36 -22 -12 -19 58 -33 -21 -24 -13 -1 -38 -8 -30 -41 -27 -43 -11 -14 -3 47 -25 -39 -36 -51 -28 53 54 -15 -55 -16 -58 -17 60 -60 -62
right_child=2 4 10 8 6 21 7 -9 14 11 29 19 44 15 56 31 17 30 -20 33 28 26 24 46 -26 41 51 -29 39 -31 -32 32 -34 -35 49 -37 37 48 -40 40 -42 42 -44 -45 -46 -47 -48 -49 -50 50 -52 -53 -54 55 -56 -57 57 -59 59 -61 61 -63
leaf_value=0 -0.0014782044421285086 0 0 0 0 0 0 0 0 0 0.0019439425818130356 0 -9.4225283282213632e-05 0 0 0 0 0 0 0 0 0 0 0 0 0 0 0 0 -0.00022074136156497785 0 0 0 0 0 0 0 0 0 0 0 0 0 0 9.9470768054978272e-06 0 0 0 0 0 0 0 0 0 0 0 0 0 0 0 0 0
leaf_weight=1778 2831 1333 25410 3659 7809 2134 2382 1930 268 671 38663 14092 2381 2263 1039 13513 3488 3476 548 13721 1888 7726 1866 5650 4139 10520 12058 1292 13649 36376 1143 6084 3293 622 5030 7819 4087 7436 16889 6296 15069 2149 2004 6719 2253 2428 5692 1931 5418 6602 6672 1743 5490 888 4734 1851 2886 393 2737 9033 677 574
leaf_count=1778 2831 1333 25410 3659 7809 2134 2382 1930 268 671 38663 14092 2381 2263 1039 13513 3488 3476 548 13721 1888 7726 1866 5650 4139 10520 12058 1292 13649 36376 1143 6084 3293 622 5030 7819 4087 7436 16889 6296 15069 2149 2004 6719 2253 2428 5692 1931 5418 6602 6672 1743 5490 888 4734 1851 2886 393 2737 9033 677 574
internal_value=-0.00680737 -0.0111188 -0.00126147 -0.0150633 -0.00905273 -0.00327536 -0.00777982 -0.0080867 -0.0133305 -0.0106962 0.00010241 -0.0109205 -0.00252043 -0.00824276 -0.0124292 -0.00862531 -0.0178334 -0.0193363 -0.0172408 -0.0115225 -0.00279342 -0.00468789 -0.0128331 -0.0148527 -0.0129299 -0.00993115 -0.00498671 -0.0174188 -0.00299805 0.000456123 -0.0208688 -0.00908822 -0.00799925 -0.0105306 -0.012528 -0.0121718 -0.0176662 -0.0179722 -0.00721939 -0.00284423 -0.00331734 -0.00922843 -0.0106672 -0.0112986 -0.000185153 -0.00721803 -0.0154412 -0.0146613 -0.0184999 -0.01279 -0.0132453 -0.00569067 -0.00753921 -0.00813291 -0.00747449 -0.0098149 -0.0101589 -0.0110195 -0.00947305 -0.0100658 -0.00808304 -0.005753
internal_weight=385195 216718 168477 74493 142225 68028 80147 72338 45827 62078 100449 58317 44367 70408 28895 51137 28666 8107 20559 36254 39733 23661 24577 16932 24309 22063 21527 20011 36902 75039 4619 35911 9377 14343 20170 21911 18719 16941 19271 35014 21365 14673 4153 7390 4634 3761 13273 7581 12854 18304 13274 13801 15226 9736 6997 2739 4318 3279 26534 13021 3988 1251
internal_count=385195 216718 168477 74493 142225 68028 80147 72338 45827 62078 100449 58317 44367 70408 28895 51137 28666 8107 20559 36254 39733 23661 24577 16932 24309 22063 21527 20011 36902 75039 4619 35911 9377 14343 20170 21911 18719 16941 19271 35014 21365 14673 4153 7390 4634 3761 13273 7581 12854 18304 13274 13801 15226 9736 6997 2739 4318 3279 26534 13021 3988 1251
cat_boundaries=0 1 2 3 4 5 6 7 8 9 10 11 12 13 14
cat_threshold=551242 32801 528776 393264 5 295440 264 98305 181 262276 33281 131092 260 34832
is_linear=0
shrinkage=0.03


Tree=96
num_leaves=63
num_cat=2
split_feature=7 7 7 7 7 23 15 7 12 15 12 13 7 15 12 15 13 18 18 22 18 22 10 10 18 12 22 6 6 18 15 18 13 22 15 10 6 12 12 14 18 14 13 13 27 10 22 13 13 6 13 7 18 27 10 18 12 18 10 13 13 13
split_gain=10170.6 1968.36 496.467 396.116 334.085 104.719 87.6434 81.063 75.6079 56.3053 50.5139 42.8263 36.4222 34.6063 32.4719 31.1121 28.6209 28.5814 25.8453 24.9216 24.539 20.0799 20.0278 19.9654 19.4209 18.9843 17.06 16.4188 15.0377 14.1928 14.0384 13.5278 13.5227 13.279 12.6112 12.3019 11.5091 11.4608 11.0522 10.8572 10.7991 10.6571 10.6109 12.2248 10.2291 9.55399 9.45872 9.22908 12.7666 8.92503 8.81965 8.5673 9.75657 9.239 8.5617 8.34616 8.25188 9.23707 8.22351 8.12382 8.01724 7.92923
threshold=1.7589285969734194 0.81250000000000011 3.0267857313156132 0.50892856717109691 1.1339285969734194 2.5000000000000004 0.91289180517196666 2.4196429252624516 0.62500000000000011 0.86604186892509472 1.3750000000000002 3.2350000143051152 3.616071462631226 0.91289180517196666 2.6250000000000004 0.89709714055061351 10.444999694824221 6.5000000000000009 11.500000000000002 1.0000000180025095e-35 4.5000000000000009 1.0000000180025095e-35 2.8413627147674565 0.77714383602142345 10.500000000000002 0.62500000000000011 1.0000000180025095e-35 2.0178571939468388 4.9821429252624521 5.5000000000000009 0.71422553062438976 2.5000000000000004 10.045000076293947 1.0000000180025095e-35 0.89709714055061351 1.2505096793174746 3.1250000000000004 1.6250000000000002 1.8750000000000002 1.0520055294036867 6.5000000000000009 1.0379781723022463 4.4949998855590829 11.670000076293947 0 1.5696011781692507 1.0000000180025095e-35 10.370000362396242 10.204999923706056 0.19642857462167743 9.9049997329711932 1.5625000000000002 6.5000000000000009 1 2.8619378805160527 6.5000000000000009 1.6250000000000002 4.5000000000000009 1.2348572015762331 7.6449999809265146 11.230000019073488 4.3550000190734872
decision_type=2 2 2 2 2 2 2 2 2 2 2 2 2 2 2 2 2 2 2 2 2 2 2 2 2 2 2 2 2 2 2 2 2 2 2 2 2 2 2 2 2 2 2 2 1 2 2 2 2 2 2 2 2 1 2 2 2 2 2 2 2 2
left_child=1 3 7 16 9 6 -6 15 -8 44 17 29 -4 30 20 -2 19 42 25 23 -10 55 34 40 51 39 31 46 -14 -5 -13 -27 50 35 -9 -19 -24 -26 -36 -15 -1 -32 -11 -44 58 -16 -17 48 -33 -42 -20 52 53 -22 56 61 57 -29 -3 -54 -57 -12
right_child=2 4 12 11 5 -7 8 22 14 10 21 13 28 18 45 27 -18 33 32 -21 24 -23 36 -25 37 26 -28 54 -30 -31 41 47 -34 -35 38 -37 -38 -39 -40 -41 49 -43 43 -45 -46 -47 -48 -49 -50 -51 -52 -53 59 -55 -56 60 -58 -59 -60 -61 -62 -63
leaf_value=0 0 0 0 0 0 -8.0596581124903669e-15 0 0 0 0 0 0 0.0028581936312961137 0 0 0 0 0 0 0 0 0 9.6486645013328919e-06 0 0 0 0 0 0.0016577920843126269 0 0 0 0 0 0 0 -0.0003695264564881934 0 0 0 0 0 0 0 0 0 0 0 0 0 0 0 0 0 6.5147680129619502e-06 0 0 0 0 0 0 0
leaf_weight=3684 3280 1468 22739 4169 7812 1539 11484 2703 14855 4585 878 318 44709 13160 1847 14033 8122 20293 2270 563 2453 286 2700 4214 4874 1039 338 1302 31413 4791 2423 10104 1251 793 7418 7084 2373 2736 17872 2513 1400 744 11143 819 2715 3533 363 1001 1177 10850 401 7063 6975 7707 330 5933 11545 3856 491 8633 1403 4246
leaf_count=3684 3280 1468 22739 4169 7812 1539 11484 2703 14855 4585 878 318 44709 13160 1847 14033 8122 20293 2270 563 2453 286 2700 4214 4874 1039 338 1302 31413 4791 2423 10104 1251 793 7418 7084 2373 2736 17872 2513 1400 744 11143 819 2715 3533 363 1001 1177 10850 401 7063 6975 7707 330 5933 11545 3856 491 8633 1403 4246
internal_value=-0.00680666 -0.011069 -0.00122592 -0.0150249 -0.00901646 -0.00775327 -0.00790244 -0.00320361 -0.00822921 -0.0106735 -0.0109311 -0.0132877 0.00012991 -0.0128341 -0.00780674 -0.00421628 -0.0177783 -0.0114059 -0.0131322 -0.0171864 -0.00802322 -0.00926502 -0.00214063 -0.0173603 -0.00840625 -0.013438 -0.0126205 -0.00450644 0.000444628 -0.0151473 -0.00998996 -0.0127894 -0.010845 -0.0119872 -0.00245493 -0.0120981 -0.000406268 -0.00704074 -0.00266311 -0.0141505 -0.017846 -0.0105933 -0.0104163 -0.009946 -0.00750706 -0.00558178 -0.00525229 -0.0130674 -0.0133124 -0.0182743 -0.0120505 -0.00872276 -0.00897648 -0.00825295 -0.00387606 -0.00944543 -0.0039706 -0.0049682 -0.00915926 -0.00944746 -0.0100943 -0.00851639
internal_weight=384816 218180 166636 74532 143648 81511 79972 67775 72160 62137 57463 45699 98861 36739 60676 34709 28833 44717 33254 20711 55296 12746 33066 20148 40441 29332 13659 31429 76122 8960 3485 13321 3922 28170 27993 27377 5073 7610 25290 15673 15934 3167 16547 11962 4674 5380 14396 12282 11281 12250 2671 32831 25768 10160 17033 12460 16703 5158 1959 15608 7336 5124
internal_count=384816 218180 166636 74532 143648 81511 79972 67775 72160 62137 57463 45699 98861 36739 60676 34709 28833 44717 33254 20711 55296 12746 33066 20148 40441 29332 13659 31429 76122 8960 3485 13321 3922 28170 27993 27377 5073 7610 25290 15673 15934 3167 16547 11962 4674 5380 14396 12282 11281 12250 2671 32831 25768 10160 17033 12460 16703 5158 1959 15608 7336 5124
cat_boundaries=0 1 2
cat_threshold=1 2
is_linear=0
shrinkage=0.03


Tree=97
num_leaves=63
num_cat=16
split_feature=7 7 7 7 7 24 22 12 24 7 12 24 18 7 18 7 17 18 18 10 12 22 24 22 18 12 6 22 14 12 24 12 22 18 17 18 18 17 24 24 24 10 24 17 17 12 24 14 24 17 24 17 7 17 24 17 24 18 6 24 17 24
split_gain=10157.7 1930.02 560.242 401.431 303.539 93.0038 83.5736 63.4345 62.4375 57.6678 43.0591 38.8597 36.0064 29.2954 25.0375 24.7773 23.4429 22.6238 21.4142 20.6486 19.0165 18.9407 18.7417 17.7154 17.2232 17.0098 15.1802 14.7817 14.6991 13.5817 13.4968 13.4536 13.3288 12.5793 12.5125 12.2025 18.5879 11.9513 15.8565 11.7756 11.7279 11.5622 11.3203 11.3036 12.2146 11.1753 10.8583 10.8201 10.565 10.1024 10.0516 9.42633 13.8333 9.30339 9.11465 9.0948 18.9237 8.80159 8.76255 8.65497 13.5675 8.61274
threshold=1.6875000000000002 0.81250000000000011 2.866071462631226 0.50892856717109691 1.1339285969734194 0 1.0000000180025095e-35 1.1250000000000002 1 3.6517857313156132 1.6250000000000002 2 5.5000000000000009 2.0446429252624516 11.500000000000002 0.36607143282890325 2.5000000000000004 4.5000000000000009 5.5000000000000009 2.8413627147674565 2.6250000000000004 1.0000000180025095e-35 3 1.0000000180025095e-35 5.5000000000000009 0.62500000000000011 5.1250000000000009 1.0000000180025095e-35 1.0468839406967165 2.6250000000000004 4 1.8750000000000002 1.0000000180025095e-35 5.5000000000000009 2.5000000000000004 4.5000000000000009 10.500000000000002 2.5000000000000004 5 6 7 1.2087581753730776 8 5.5000000000000009 1.5000000000000002 1.6250000000000002 9 1.0260725021362307 10 2.5000000000000004 11 3.5000000000000004 0.65178570151329052 5.5000000000000009 12 5.5000000000000009 13 10.500000000000002 3.1250000000000004 14 4.5000000000000009 15
decision_type=2 2 2 2 2 1 2 2 1 2 2 1 2 2 2 2 2 2 2 2 2 2 1 2 2 2 2 2 2 2 1 2 2 2 2 2 2 2 1 1 1 2 1 2 2 2 1 2 1 2 1 2 2 2 1 2 1 2 2 1 2 1
left_child=1 3 5 15 10 13 7 11 18 55 12 33 54 -2 27 16 -1 -7 -5 31 35 48 43 24 34 -13 37 28 -10 50 -26 -15 41 53 -17 39 59 38 -11 -9 -16 -24 -22 44 -14 -38 -29 -35 -12 -50 -19 52 -20 -6 -3 -4 -57 -18 -21 60 -37 -55
right_child=2 4 9 8 6 17 -8 20 14 26 21 25 22 19 40 23 57 29 51 58 42 -23 32 -25 30 -27 -28 46 -30 -31 -32 -33 -34 47 -36 36 45 -39 -40 -41 -42 -43 -44 -45 -46 -47 -48 -49 49 -51 -52 -53 -54 61 -56 56 -58 -59 -60 -61 -62 -63
leaf_value=0 0 0 0 0 0 0 0 0 0 -0.0058267646150421569 0 0 0 0 0 0 0 0 0 8.7364682504704624e-06 0 1.814230049648999e-06 0 0 0 0 0.0016080583217832488 0 0 0 0 0 0 0 0 0 0 0.0061983892102030662 0.0061150006938762054 0 0 0 0 0 0 0 0 0 0 0 0 0 0 0 0 -0.00051776632790915547 0 0 -0.00020860236014113651 0 0 0
leaf_weight=5632 6755 1346 26753 6210 6092 8233 2058 4306 20186 9000 4127 5738 1650 10623 911 1756 5063 1489 3905 2281 1642 205 21358 409 1656 8339 28015 351 4143 4298 9832 19214 778 5869 2143 4617 2429 26809 11206 6167 2814 9973 3481 870 2949 2857 354 5301 2282 1823 11852 4575 2224 491 15039 2193 2232 2429 1011 15688 1107 688
leaf_count=5632 6755 1346 26753 6210 6092 8233 2058 4306 20186 9000 4127 5738 1650 10623 911 1756 5063 1489 3905 2281 1642 205 21358 409 1656 8339 28015 351 4143 4298 9832 19214 778 5869 2143 4617 2429 26809 11206 6167 2814 9973 3481 870 2949 2857 354 5301 2282 1823 11852 4575 2224 491 15039 2193 2232 2429 1011 15688 1107 688
internal_value=-0.00680095 -0.0111658 -0.00137254 -0.01506 -0.00908013 -0.00354876 -0.00781826 -0.00798233 -0.0133088 -2.51957e-05 -0.0106346 -0.0089786 -0.0109462 -0.00263769 -0.012426 -0.0178257 -0.0187891 -0.00495031 -0.0147937 -0.00227121 -0.00721634 -0.00864158 -0.0114579 -0.0170253 -0.0171891 -0.0101866 0.00042543 -0.0127718 -0.0128958 -0.00555831 -0.0177739 -0.00251999 -0.0117492 -0.00804656 -0.0154663 -0.0074525 -0.00779294 9.60333e-05 -0.000454914 -0.00658465 -0.0101356 -0.0118492 -0.00550283 -0.00970852 -0.00913307 -0.00619977 -0.00848936 -0.00868308 -0.00886589 -0.0100061 -0.00603081 -0.0156155 -0.0148463 -0.00707977 -0.00977266 -0.00110963 -0.00236949 -0.0198884 -1.64033e-05 -0.00818625 -0.00925846 -0.00951908
internal_weight=385827 213863 171964 74593 139270 65756 76870 74812 45673 106208 62400 32518 53963 39884 28759 28920 13124 25872 16914 33129 42294 8437 37578 15796 15387 14077 75030 25034 24329 17639 11488 29837 32109 18441 3899 37171 26698 47015 20206 10473 3725 31331 5123 5469 4599 5286 705 11170 8232 4105 13341 10704 6129 7271 16385 31178 4425 7492 3292 21412 5724 1179
internal_count=385827 213863 171964 74593 139270 65756 76870 74812 45673 106208 62400 32518 53963 39884 28759 28920 13124 25872 16914 33129 42294 8437 37578 15796 15387 14077 75030 25034 24329 17639 11488 29837 32109 18441 3899 37171 26698 47015 20206 10473 3725 31331 5123 5469 4599 5286 705 11170 8232 4105 13341 10704 6129 7271 16385 31178 4425 7492 3292 21412 5724 1179
cat_boundaries=0 1 2 3 4 5 6 7 8 9 10 11 12 13 14 15 16
cat_threshold=551242 32801 269964 71688 295440 540928 330788 260 269317 132116 199068 131093 131104 11456 297505 265216
is_linear=0
shrinkage=0.03


Tree=98
num_leaves=63
num_cat=17
split_feature=6 6 6 6 6 24 15 6 23 24 12 15 6 23 24 15 24 17 24 17 24 19 24 6 15 6 12 15 23 24 12 10 19 24 24 11 18 15 17 10 24 24 19 17 23 19 24 19 17 24 23 18 17 6 10 24 19 19 15 24 12 24
split_gain=10145.7 1655.66 836.206 288.158 279.567 137.451 84.0602 82.4752 81.4135 64.012 55.9629 50.6059 39.3617 35.7502 29.9183 26.2701 26.2147 27.2371 25.0152 30.5931 30.4438 24.6351 24.1598 21.4956 21.3528 20.3099 20.1482 19.469 19.4037 18.744 18.3044 17.6978 17.4602 17.8159 17.4081 13.994 13.2239 13.1119 13.0303 14.4747 12.9623 12.5944 15.3206 11.6179 11.3067 11.197 11.1844 12.4594 11.174 18.7299 15.8071 11.1399 10.7694 10.387 10.3751 10.3488 10.514 10.1189 9.72973 9.60258 9.28643 11.3805
threshold=1.5892856717109682 0.73214286565780651 2.553571462631226 1.053571403026581 0.44642856717109686 0 0.91289180517196666 3.553571462631226 2.5000000000000004 1 0.62500000000000011 0.83881488442420971 1.9821428656578066 1.0000000180025095e-35 2 0.8609888255596162 3 2.5000000000000004 4 3.5000000000000004 5 47.500000000000007 6 2.0178571939468388 0.84593328833580028 4.8750000000000009 1.6250000000000002 0.80553331971168529 2.5000000000000004 7 0.62500000000000011 2.8413627147674565 18.500000000000004 8 9 0.19642857462167743 5.5000000000000009 0.8995385766029359 1.5000000000000002 1.4148896932601931 10 11 32.500000000000007 5.5000000000000009 1.5000000000000002 24.500000000000004 12 33.500000000000007 3.5000000000000004 13 1.5000000000000002 6.5000000000000009 4.5000000000000009 1.1964285969734194 0.48377145826816564 14 28.500000000000004 31.500000000000004 0.86914184689521801 15 1.1250000000000002 16
decision_type=2 2 2 2 2 1 2 2 2 1 2 2 2 2 1 2 1 2 1 2 1 2 1 2 2 2 2 2 2 1 2 2 2 1 1 2 2 2 2 2 1 1 2 2 2 2 1 2 2 1 2 2 2 2 2 1 2 2 2 1 2 1
left_child=1 4 5 11 16 23 -5 31 10 27 22 -3 15 14 45 -7 17 -1 26 29 36 24 -8 40 -11 -9 55 52 32 38 -16 59 60 -34 51 -33 -21 -14 39 -20 -2 42 43 -26 54 -13 -32 -48 49 50 -29 -19 -6 -31 -18 -12 -57 -35 -42 -4 61 -17
right_child=2 3 7 6 9 12 8 25 -10 21 18 13 37 -15 30 28 44 34 19 20 -22 -23 -24 -25 41 -27 -28 48 -30 53 46 35 33 57 -36 -37 -38 -39 -40 -41 58 -43 -44 -45 -46 -47 47 -49 -50 -51 -52 -53 -54 -55 -56 56 -58 -59 -60 -61 -62 -63
leaf_value=0 0 0 0 0 0 0 0 -0.00039621603402484893 0 0 0 0 0 0 0 0 0 0 0 0 0 0 0 0 0 0.0015651783235991444 0 0 -0.00032814844877831047 0 0 -0.00011498707726592351 0 0 0 1.7305683644473989e-05 0 0 0 0 0 0 0 0 0 0 0 0 0 0 0 0 0 0 0 0 0 0 0 0 0 0
leaf_weight=8963 1126 3593 16072 7536 670 1814 2895 42860 1331 1340 6860 3460 1272 1493 14917 737 948 1028 2220 2577 7728 3392 8844 16691 5144 34265 6953 4541 422 4412 11502 8463 4060 5997 7354 3807 4134 12806 4097 1281 377 6559 6971 880 128 8753 8721 7100 7152 4841 139 3597 242 9531 3282 1738 3722 3863 5090 15793 5825 1377
leaf_count=8963 1126 3593 16072 7536 670 1814 2895 42860 1331 1340 6860 3460 1272 1493 14917 737 948 1028 2220 2577 7728 3392 8844 16691 5144 34265 6953 4541 422 4412 11502 8463 4060 5997 7354 3807 4134 12806 4097 1281 377 6559 6971 880 128 8753 8721 7100 7152 4841 139 3597 242 9531 3282 1738 3722 3863 5090 15793 5825 1377
internal_value=-0.00678816 -0.0114117 -0.00166229 -0.00950137 -0.0152623 -0.00451306 -0.00827526 -0.000217466 -0.00860693 -0.0137579 -0.0087529 -0.0110636 -0.00562138 -0.0112852 -0.0114108 -0.0063592 -0.0177522 -0.0182342 -0.00835323 -0.00883162 -0.00990256 -0.0127211 -0.010634 -0.00269245 -0.0131113 0.000374392 -0.00745169 -0.0151739 -0.00664185 -0.00811787 -0.0118026 -0.00125173 -0.00676486 -0.00740517 -0.0191788 -0.000283618 -0.00835992 -0.00436255 -0.0093541 -0.0107104 -0.00414394 -0.0133624 -0.0139689 -0.0128715 -0.0153585 -0.0100377 -0.011344 -0.0107559 -0.015416 -0.0147429 -0.0131962 -0.0174013 -0.0109145 -0.00743216 -0.0156596 -0.00818425 -0.0071298 -0.00810638 -0.00474512 -0.00162451 -0.00564215 -0.00734532
internal_weight=385286 202569 182717 135398 67171 61457 75859 121260 68323 41871 66992 59539 38173 55946 54453 24095 25300 20942 55253 35980 14439 24286 11739 23284 20894 77125 19273 17585 22281 21541 42240 44135 21859 13920 11979 12270 6711 14078 7598 3501 6593 19554 12995 6024 4358 12213 27323 15821 16673 9521 4680 4625 912 13943 4230 12320 5460 9860 5467 31865 7939 2114
internal_count=385286 202569 182717 135398 67171 61457 75859 121260 68323 41871 66992 59539 38173 55946 54453 24095 25300 20942 55253 35980 14439 24286 11739 23284 20894 77125 19273 17585 22281 21541 42240 44135 21859 13920 11979 12270 6711 14078 7598 3501 6593 19554 12995 6024 4358 12213 27323 15821 16673 9521 4680 4625 912 13943 4230 12320 5460 9860 5467 31865 7939 2114
cat_boundaries=0 1 2 3 4 5 6 7 8 9 10 11 12 13 14 15 16 17
cat_threshold=550986 131105 71816 131105 545176 66564 131121 327716 4352 32 532544 295044 263204 131073 144 543298 135184
is_linear=0
shrinkage=0.03


Tree=99
num_leaves=63
num_cat=6
split_feature=6 6 6 6 6 6 6 23 23 6 6 6 18 23 23 10 6 6 19 25 19 10 23 11 25 6 11 18 25 19 19 19 19 6 19 19 10 10 19 25 10 9 25 19 10 21 25 10 19 19 6 19 19 6 10 10 11 21 19 21 21 19
split_gain=10049.6 1680.16 866.372 284.846 277.115 118.883 82.9864 77.5949 37.7086 33.9594 27.013 26.8866 23.5795 21.7987 21.043 20.5376 20.154 19.5012 18.4071 15.1833 20.612 13.7019 11.0032 10.8945 10.4842 10.1596 9.96612 9.36221 9.13936 8.94239 9.60689 8.2363 11.7964 7.20957 7.08115 6.92661 7.65192 6.55158 6.14773 6.06601 6.68489 5.90407 5.84751 5.60087 5.47432 5.31125 5.28529 5.23055 5.02896 4.98982 4.97037 4.92899 5.41913 4.92469 4.83248 4.75465 4.63229 4.58535 4.56904 4.2938 4.55999 4.2874
threshold=1.5892856717109682 0.73214286565780651 2.553571462631226 1.0892856717109682 0.44642856717109686 2.0178571939468388 3.553571462631226 2.5000000000000004 1.0000000180025095e-35 0.5892857313156129 1.2321428656578066 0.91071426868438732 6.5000000000000009 1.0000000180025095e-35 1.0000000180025095e-35 2.8413627147674565 4.8392858505249032 0.33928571641445165 47.500000000000007 0 24.500000000000004 2.8413627147674565 2.5000000000000004 0.19642857462167743 1 1.8392856717109682 0.44642856717109686 5.5000000000000009 2 48.500000000000007 16.500000000000004 18.500000000000004 33.500000000000007 2.7678571939468388 45.500000000000007 42.500000000000007 1.1583746671676638 2.3908573389053349 18.500000000000004 3 1.3305654525756838 1.5624691247940066 4 25.500000000000004 2.1446419954299931 24.500000000000004 5 0.76888915896415722 42.500000000000007 15.500000000000002 1.5178571343421938 27.500000000000004 37.500000000000007 2.053571462631226 2.3749328851699834 1.6254898905754092 0.44642856717109686 13.500000000000002 10.500000000000002 11.500000000000002 15.500000000000002 37.500000000000007
decision_type=2 2 2 2 2 2 2 2 2 2 2 2 2 2 2 2 2 2 2 1 2 2 2 2 1 2 2 2 1 2 2 2 2 2 2 2 2 2 2 1 2 2 1 2 2 2 1 2 2 2 2 2 2 2 2 2 2 2 2 2 2 2
left_child=1 4 5 8 13 14 15 10 11 22 -5 29 -13 17 25 33 38 28 41 26 55 24 27 -17 53 37 58 -6 49 30 -3 -26 -33 -4 45 36 -14 -2 -8 40 -37 -11 -15 -18 -34 -29 -10 -20 -32 -1 -22 -30 -53 -7 -27 -21 -31 -48 -12 -51 -61 -60
right_child=2 3 6 7 9 21 16 -9 46 18 19 12 35 42 -16 23 43 -19 47 20 50 -23 -24 -25 31 54 -28 34 51 56 48 32 44 -35 -36 39 -38 -39 -40 -41 -42 -43 -44 -45 -46 -47 57 -49 -50 59 -52 52 -54 -55 -56 -57 -58 -59 61 60 -62 -63
leaf_value=0 0 0 0 0 0 0 0.0062018991263190319 0 0 0 0 0 0 0 0 -9.6057996636010501e-05 0.0014573679911614389 0 0 0 0 8.4743742029563484e-06 0 1.5199386175981761e-05 0 0 0 0 0 0 0 0 0 0 0 0 0 0 -0.0014814953032833555 0 0 0 0 0.0036435436755980466 0 0 0 0 0 0 0 0 0 0 0 0 0 0 0 0 0 0
leaf_weight=100 19656 6341 10351 21901 5255 687 11910 1353 932 19335 1919 12773 6527 492 815 8484 22745 11801 722 12262 12096 544 346 3847 4765 10486 633 8398 3217 613 17665 6092 3483 21537 3067 1252 6312 298 29922 5779 273 276 189 12373 2449 2203 347 2159 5124 490 2300 2379 5716 11362 936 5090 1715 486 6451 183 688 5416
leaf_count=100 19656 6341 10351 21901 5255 687 11910 1353 932 19335 1919 12773 6527 492 815 8484 22745 11801 722 12262 12096 544 346 3847 4765 10486 633 8398 3217 613 17665 6092 3483 21537 3067 1252 6312 298 29922 5779 273 276 189 12373 2449 2203 347 2159 5124 490 2300 2379 5716 11362 936 5090 1715 486 6451 183 688 5416
internal_value=-0.00678898 -0.0113906 -0.00168792 -0.00946961 -0.0152764 -0.00458563 -0.000215426 -0.00812732 -0.0108785 -0.0137762 -0.00826873 -0.0109971 -0.0103977 -0.0177571 -0.00584502 -0.00125111 0.000379727 -0.0179038 -0.0129843 -0.00785711 -0.00823654 -0.00320584 -0.0147005 -0.000211418 -0.00329482 -0.00596864 -0.00701109 -0.0147974 -0.0187161 -0.0116243 -0.0117672 -0.00378255 -0.00420309 -0.00165316 -0.0152111 -0.0110371 -0.0114567 -0.00637707 -6.51175e-05 -0.0102996 -0.00829642 -0.0133133 -0.0124626 0.000909619 -0.00325084 -0.0155784 -0.00655241 -0.0107452 -0.0120546 -0.0156608 -0.00907835 -0.01908 -0.0194917 -0.00260992 -0.00525512 -0.00754288 -0.00983505 -0.00835231 -0.00684695 -0.0162432 -0.0149793 -0.00706657
internal_weight=385318 202576 182742 135560 67016 61573 121169 69421 66139 41761 68068 64374 32916 25255 32191 44219 76950 24574 22492 46167 31748 29382 19269 12331 28838 31376 14419 18923 12773 31458 29130 16789 12024 31888 13668 20143 12839 19954 41832 7304 1525 19611 681 35118 5932 10601 1765 2881 22789 1461 14396 11312 8095 12049 11422 17352 2328 833 13786 1361 871 11867
internal_count=385318 202576 182742 135560 67016 61573 121169 69421 66139 41761 68068 64374 32916 25255 32191 44219 76950 24574 22492 46167 31748 29382 19269 12331 28838 31376 14419 18923 12773 31458 29130 16789 12024 31888 13668 20143 12839 19954 41832 7304 1525 19611 681 35118 5932 10601 1765 2881 22789 1461 14396 11312 8095 12049 11422 17352 2328 833 13786 1361 871 11867
cat_boundaries=0 1 2 3 4 5 6
cat_threshold=1 6 2 1 12 10
is_linear=0
shrinkage=0.03


Tree=100
num_leaves=63
num_cat=19
split_feature=24 11 11 12 24 24 12 11 11 25 24 9 25 19 24 9 23 24 19 9 25 24 9 27 19 13 25 19 24 12 24 19 24 23 19 12 19 19 19 9 21 25 23 13 12 19 23 19 19 12 19 12 24 9 12 24 27 11 19 19 19 21
split_gain=9213.5 1745.92 680.041 371.576 351.555 163.412 140.415 117.109 114.019 98.3495 84.243 68.1681 55.7534 45.2804 41.8044 40.1393 38.9648 36.6254 33.185 30.1621 28.7997 32.74 27.479 25.8946 30.1846 25.8022 62.9833 24.0819 21.9965 21.7776 21.752 20.2599 20.103 18.3273 17.4328 17.0248 16.9819 16.8933 15.398 14.6096 14.3722 14.1354 13.8203 13.6852 13.4243 12.7022 12.5207 14.9989 12.3366 12.28 12.1922 11.7763 11.4901 11.0656 10.9583 10.9544 10.8052 10.3842 10.3586 9.78063 13.494 9.14059
threshold=0 0.51785713434219371 0.23214285820722583 1.3750000000000002 1 2 2.8750000000000004 0.37500000000000006 0.66071426868438732 3 4 1.5493560433387759 5 25.500000000000004 6 1.9146311283111574 2.5000000000000004 7 22.500000000000004 1.1394902467727663 8 9 2.8306801319122319 10 27.500000000000004 8.7399997711181658 11 21.500000000000004 12 2.3750000000000004 13 19.500000000000004 14 1.5000000000000002 24.500000000000004 0.37500000000000006 23.500000000000004 18.500000000000004 28.500000000000004 3.2907568216323857 24.500000000000004 15 1.5000000000000002 4.9349999427795419 0.62500000000000011 5.5000000000000009 2.5000000000000004 24.500000000000004 25.500000000000004 2.1250000000000004 18.500000000000004 0.62500000000000011 16 0.49743582308292394 2.6250000000000004 17 18 0.12500000372529033 28.500000000000004 47.500000000000007 33.500000000000007 17.500000000000004
decision_type=1 2 2 2 1 1 2 2 2 1 1 2 1 2 1 2 2 1 2 2 1 1 2 1 2 2 1 2 1 2 1 2 1 2 2 2 2 2 2 2 2 1 2 2 2 2 2 2 2 2 2 2 1 2 2 1 1 2 2 2 2 2
left_child=2 3 6 7 8 -4 15 12 25 10 37 38 14 28 34 30 19 61 35 32 21 46 57 24 45 27 59 -3 -11 39 -1 -16 -9 -19 -2 -14 -34 -5 -7 42 43 -25 58 -22 -40 -10 47 -6 -24 -39 -21 -36 -37 -26 -30 -17 -28 -8 -13 60 -27 -15
right_child=1 4 5 9 20 11 22 16 23 13 -12 29 18 17 31 55 -18 33 -20 50 40 -23 48 41 53 26 56 -29 54 -31 -32 -33 36 -35 51 52 -38 49 44 -41 -42 -43 -44 -45 -46 -47 -48 -49 -50 -51 -52 -53 -54 -55 -56 -57 -58 -59 -60 -61 -62 -63
leaf_value=0 0 0 0 0 0 0 0 0 0 0 0 0 0 0 0 0 0 0 0 0 0 0 0.0014136469514265948 0 0 0 0 0 0 0 0 0 0 0 0 0 0 0 0 1.7270792899216264e-05 0 0 0.0049395265026539771 0 0 0 0 0 0.00010279761889454398 0 0 0 0 0 0 0 0 0 0 0 0 0
leaf_weight=5377 1576 3788 7647 5618 1615 5920 18623 6725 1161 1316 4167 4390 945 2361 2149 15439 1028 8155 10465 6091 8782 5532 29164 227 5267 1658 5679 5517 13784 4229 8459 5811 7999 242 491 6142 16167 5837 2093 260 3628 8418 253 4618 8825 2768 125 4503 24475 5725 14453 968 4087 6554 2694 18976 1110 13661 5854 887 3236 1872
leaf_count=5377 1576 3788 7647 5618 1615 5920 18623 6725 1161 1316 4167 4390 945 2361 2149 15439 1028 8155 10465 6091 8782 5532 29164 227 5267 1658 5679 5517 13784 4229 8459 5811 7999 242 491 6142 16167 5837 2093 260 3628 8418 253 4618 8825 2768 125 4503 24475 5725 14453 968 4087 6554 2694 18976 1110 13661 5854 887 3236 1872
internal_value=-0.00676366 -0.010961 -0.00163989 -0.00894494 -0.014638 -0.00510139 -0.000621715 -0.0101642 -0.0162647 -0.00694089 -0.00536915 -0.00604693 -0.00875308 -0.0080393 -0.00698273 -0.00191679 -0.0110419 -0.00941568 -0.00964493 -0.0111575 -0.0120151 -0.013213 0.000105548 -0.0176784 -0.0169543 -0.0146955 -0.0138091 -0.0158931 -0.00706688 -0.00457707 -0.00328144 -0.00581932 -0.0117499 -0.010578 -0.0100049 -0.00851244 -0.0113088 -0.00443455 -0.00735871 -0.00529413 -0.0111795 -0.0189977 -0.00546813 -0.0116396 -0.00802674 -0.0146763 -0.0147755 -0.0149912 0.000521766 -0.00509289 -0.0102666 -0.012401 -0.00815652 -0.0177114 -0.00675255 -0.00136815 -0.0158101 -0.000585987 -0.0056392 -0.011412 -0.0119571 -0.00706835
internal_weight=385586 211941 173645 136868 75073 39471 134174 85097 46270 51771 21347 31824 32634 30424 10995 48251 52463 12630 21639 51435 28803 11775 85923 24395 15750 21875 12570 9305 17794 14986 13836 7960 30891 8397 3035 11174 24166 17180 16838 10757 17028 8645 10497 13400 10918 3929 6243 6118 53639 11562 20544 1459 10229 11821 16478 34415 6789 32284 10244 5781 4894 4233
internal_count=385586 211941 173645 136868 75073 39471 134174 85097 46270 51771 21347 31824 32634 30424 10995 48251 52463 12630 21639 51435 28803 11775 85923 24395 15750 21875 12570 9305 17794 14986 13836 7960 30891 8397 3035 11174 24166 17180 16838 10757 17028 8645 10497 13400 10918 3929 6243 6118 53639 11562 20544 1459 10229 11821 16478 34415 6789 32284 10244 5781 4894 4233
cat_boundaries=0 1 2 3 4 5 6 7 8 9 10 11 12 13 14 15 16 17 18 19
cat_threshold=555338 131109 548930 1 231040 1 131093 144 2 294912 1 3 393248 548930 131105 2 1669 542722 1
is_linear=0
shrinkage=0.03


Tree=101
num_leaves=63
num_cat=22
split_feature=7 7 7 7 7 24 12 24 12 7 18 10 18 19 17 24 19 24 6 25 24 18 19 12 24 19 14 6 24 24 19 24 24 14 24 17 17 17 12 24 17 24 24 17 24 7 19 10 12 24 17 6 24 18 25 24 18 11 24 19 17 25
split_gain=10285 1955.2 522.341 407.123 333.409 74.6831 70.4965 62.2125 49.8386 41.0597 38.1088 31.5557 28.6455 27.8138 27.7914 38.2326 25.8336 24.2612 21.7232 21.4482 22.6578 21.1511 20.8483 19.8562 18.1521 21.3007 17.3799 15.4299 14.6773 14.1259 13.2441 12.546 12.5216 11.5185 11.303 15.9983 14.5275 12.8727 11.1459 11.0934 10.7818 25.5572 11.876 10.6187 14.3814 10.2318 10.7278 10.2125 10.0628 11.1403 10.0436 9.87409 9.79718 9.61906 9.28988 9.24647 11.6099 8.92162 8.88118 9.49575 8.87515 8.82811
threshold=1.741071403026581 0.81250000000000011 2.866071462631226 0.50892856717109691 1.151785731315613 0 0.62500000000000011 1 1.6250000000000002 3.6517857313156132 6.5000000000000009 2.8413627147674565 4.5000000000000009 47.500000000000007 3.5000000000000004 2 42.500000000000007 3 0.48214285075664526 4 5 5.5000000000000009 18.500000000000004 1.8750000000000002 6 27.500000000000004 1.0468839406967165 5.0892858505249032 7 8 24.500000000000004 9 10 1.1127845644950869 11 3.5000000000000004 4.5000000000000009 1.0000000180025095e-35 2.1250000000000004 12 4.5000000000000009 13 14 2.5000000000000004 15 1.6339285969734194 10.500000000000002 1.1755914092063906 1.8750000000000002 16 1.0000000180025095e-35 2.3392857313156132 17 5.5000000000000009 18 19 10.500000000000002 0.19642857462167743 20 51.500000000000007 5.5000000000000009 21
decision_type=2 2 2 2 2 1 2 1 2 2 2 2 2 2 2 1 2 1 2 1 1 2 2 2 1 2 2 2 1 1 2 1 1 2 1 2 2 2 2 1 2 1 1 2 1 2 2 2 2 1 2 2 1 2 1 1 2 2 1 2 2 1
left_child=1 3 5 14 8 11 17 21 10 -4 28 23 32 26 18 60 47 -6 -1 20 -14 -5 61 39 48 52 30 43 -3 -10 -9 -32 45 55 36 -36 37 -24 -22 -2 42 -42 -30 44 -11 46 -8 -12 53 -50 54 -37 -26 -21 -34 56 -18 -13 -15 -60 -16 -7
right_child=2 4 9 7 6 22 12 13 29 27 16 57 19 58 15 -17 33 -19 -20 24 38 -23 34 -25 25 -27 -28 -29 40 -31 31 -33 50 -35 35 51 -38 -39 -40 -41 41 -43 -44 -45 -46 -47 -48 -49 49 -51 -52 -53 -54 -55 -56 -57 -58 -59 59 -61 -62 -63
leaf_value=0 0 0 0 0 0 0 0 0 0 -0.0064058360746666668 0 -7.6184211074064952e-05 0 0 0 0 0 0 0 0 0 0 0 0 0 0 0 0.0014267307741441337 0 0 0 0 0 0 0 0 0 0 0 0 0 0 0 0.0059456429502009103 0.00020053755119790672 0 0 0 0 0 0 0 0 0 0 0 0 8.6796180858986276e-06 0 0 0 0
leaf_weight=13572 4422 2000 31069 6215 5016 6296 1480 5701 4061 4999 15078 1421 2549 1078 4179 6072 291 6904 2883 1650 10027 10765 758 21868 3788 5565 4256 28856 4689 4965 5175 9456 1078 169 5499 3181 1478 2995 2581 9495 3086 2353 8733 26281 14705 466 2959 6823 2262 2814 11499 793 5229 10641 875 11124 1926 1870 2852 391 2065 1969
leaf_count=13572 4422 2000 31069 6215 5016 6296 1480 5701 4061 4999 15078 1421 2549 1078 4179 6072 291 6904 2883 1650 10027 10765 758 21868 3788 5565 4256 28856 4689 4965 5175 9456 1078 169 5499 3181 1478 2995 2581 9495 3086 2353 8733 26281 14705 466 2959 6823 2262 2814 11499 793 5229 10641 875 11124 1926 1870 2852 391 2065 1969
internal_value=-0.00679024 -0.011099 -0.00121452 -0.0150325 -0.00904071 -0.00340035 -0.00770855 -0.0132784 -0.0106194 6.59995e-05 -0.0109513 -0.00259996 -0.00732217 -0.0123999 -0.0178303 -0.0189081 -0.0115506 -0.00983054 -0.0170237 -0.00771392 -0.00675341 -0.0147581 -0.00475882 -0.00285916 -0.00816493 -0.00897368 -0.0127943 0.000446587 -0.00993418 -0.00854997 -0.0124294 -0.0129073 -0.00631688 -0.0105189 -0.00543852 -0.00606675 -0.00428105 -0.00528137 -0.00621541 -0.00374499 -0.00964639 -0.0107783 -0.0091949 0.000105361 -0.000421133 -0.00765107 -0.00811061 -0.012187 -0.0074811 -0.0063617 -0.00582038 -0.0075234 -0.00807907 -0.00794947 -0.00383564 -0.0104203 -0.00842344 0.000210574 -0.0101844 -0.0110178 -0.0206872 -0.00355535
internal_weight=385296 217341 167955 74660 142681 62045 77383 45889 65298 105910 56272 39076 65463 28909 28771 12316 35411 11920 16455 47106 15157 16980 22969 35785 31949 14582 24588 74841 20861 9026 20332 14631 18357 13510 14704 9473 5231 3753 12608 13917 18861 5439 13422 45985 19704 4905 4439 21901 17367 5076 13452 3974 9017 12291 1953 13341 2217 3291 4321 3243 6244 8265
internal_count=385296 217341 167955 74660 142681 62045 77383 45889 65298 105910 56272 39076 65463 28909 28771 12316 35411 11920 16455 47106 15157 16980 22969 35785 31949 14582 24588 74841 20861 9026 20332 14631 18357 13510 14704 9473 5231 3753 12608 13917 18861 5439 13422 45985 19704 4905 4439 21901 17367 5076 13452 3974 9017 12291 1953 13341 2217 3291 4321 3243 6244 8265
cat_boundaries=0 1 2 3 4 5 6 7 8 9 10 11 12 13 14 15 16 17 18 19 20 21 22
cat_threshold=551242 32801 131073 229425 1 262149 269592 131104 199064 198400 330752 4096 548866 360449 262164 16640 24 65541 9 268296 260 5
is_linear=0
shrinkage=0.03


Tree=102
num_leaves=63
num_cat=14
split_feature=6 6 6 6 6 24 6 15 23 15 24 24 22 15 24 24 13 6 6 10 23 6 24 6 17 24 6 18 18 15 15 10 24 24 15 24 10 15 18 17 24 17 24 21 21 15 13 22 17 17 10 18 18 15 10 10 17 21 18 18 24 24
split_gain=10077.2 1686.05 842.816 324.642 231.495 130.767 89.0859 80.8785 71.9732 70.3057 57.3716 39.5569 36.0027 35.4521 32.3962 31.6547 29.1916 25.8059 25.3922 22.6845 22.1023 21.8903 21.3996 20.6614 20.3567 29.6777 18.2652 17.1406 16.8876 16.8181 15.4017 12.985 11.9166 11.4879 11.5751 11.3105 11.1417 11.0805 10.9419 10.9342 17.615 10.0316 9.57861 9.45268 9.03141 9.0172 8.994 8.81861 8.74165 8.70084 8.67787 8.62829 10.4685 8.56161 8.52205 8.50449 8.46928 8.3129 8.13881 10.0389 7.981 7.73679
threshold=1.5892856717109682 0.69642856717109691 2.553571462631226 1.0892856717109682 0.44642856717109686 0 3.553571462631226 0.91289180517196666 2.5000000000000004 0.9991869628429414 1 2 1.0000000180025095e-35 0.8933892846107484 3 4 2.4250000715255742 2.0178571939468388 2.0892857313156132 2.8413627147674565 2.5000000000000004 1.2321428656578066 5 5.0892858505249032 2.5000000000000004 6 0.94642856717109691 6.5000000000000009 4.5000000000000009 0.82468372583389293 0.84593328833580028 0.78204792737960827 7 8 0.84091734886169445 9 1.3976565599441531 0.83485752344131481 6.5000000000000009 3.5000000000000004 10 4.5000000000000009 11 30.500000000000004 10.500000000000002 0.77564415335655224 3.0449999570846562 1.0000000180025095e-35 2.5000000000000004 5.5000000000000009 1.225525498390198 5.5000000000000009 11.500000000000002 0.89709714055061351 2.8413627147674565 1.8025987148284914 4.5000000000000009 10.500000000000002 11.500000000000002 5.5000000000000009 12 13
decision_type=2 2 2 2 2 1 2 2 2 2 1 1 2 2 1 1 2 2 2 2 2 2 1 2 2 1 2 2 2 2 2 2 1 1 2 1 2 2 2 2 1 2 1 2 2 2 2 2 2 2 2 2 2 2 2 2 2 2 2 2 1 1
left_child=1 4 5 9 15 17 19 -5 14 22 29 27 16 -7 36 24 49 33 20 32 28 -16 44 -8 43 47 58 -11 42 41 -12 -31 -4 -2 -35 56 -9 -19 -28 40 48 -6 -15 -1 50 -24 -38 -26 55 -13 -3 -33 -53 -34 60 57 -30 -37 59 -18 -39 -29
right_child=2 3 6 7 10 13 23 8 -10 11 30 12 -14 18 21 -17 26 37 -20 -21 -22 -23 45 -25 25 -27 38 61 35 31 -32 51 53 34 -36 39 46 54 -40 -41 -42 -43 -44 -45 -46 -47 -48 -49 -50 -51 -52 52 -54 -55 -56 -57 -58 -59 -60 -61 -62 -63
leaf_value=0 0 0 0 0 0 0 -1.6837623320390258e-06 0 0 0 0 0 0 0 0 0 0 -0.0012038123838630126 0 -4.7598746213267563e-05 9.5881595002962193e-06 0 0 0.0013839288509198099 0 0 0 0 0 0 0 0 -0.0020202637984028785 -0.00074300719720408234 0 0 0 0 0 0 0 0 0 0 0 0 0 0 0 0 0 0 0 0 7.9597544342906976e-06 0 0 0 0 0 0 0
leaf_weight=9591 969 662 8419 6983 1011 2883 47742 13087 1208 4750 872 2246 1267 1202 9246 2381 7236 1584 6887 12248 419 25416 1457 29051 5653 7267 6832 1112 2329 8700 14934 2924 2127 453 7577 167 263 2853 9935 5121 5521 342 6421 252 2021 2388 13239 123 289 355 169 5754 557 21454 435 445 932 278 2726 19545 14853 9938
leaf_count=9591 969 662 8419 6983 1011 2883 47742 13087 1208 4750 872 2246 1267 1202 9246 2381 7236 1584 6887 12248 419 25416 1457 29051 5653 7267 6832 1112 2329 8700 14934 2924 2127 453 7577 167 263 2853 9935 5121 5521 342 6421 252 2021 2388 13239 123 289 355 169 5754 557 21454 435 445 932 278 2726 19545 14853 9938
internal_value=-0.00679738 -0.0114071 -0.00168841 -0.00962259 -0.0156075 -0.00454455 -0.000234441 -0.00815593 -0.00849826 -0.0110247 -0.0140311 -0.0113221 -0.0117458 -0.00583662 -0.00864128 -0.0177971 -0.0118775 -0.00306181 -0.00614365 -0.00130664 -0.00661988 -0.00801898 -0.00809601 0.000383355 -0.0181622 -0.0189474 -0.0117037 -0.00996395 -0.00674587 -0.015162 -0.0126335 -0.0154132 -0.00172687 -0.00439415 -0.00476493 -0.00732754 -0.00944596 -0.00245551 -0.010913 -0.0077717 -0.0069806 -0.0119446 -0.00559504 -0.0171402 -0.0101027 -0.0065642 -0.00884491 -0.0171123 -0.0103726 -0.01497 -0.00750541 -0.0146297 -0.0152538 -0.0020727 -0.00266562 -0.0119326 -0.00567625 -0.0148652 -0.012153 -0.012312 -0.00276754 -0.0106181
internal_weight=385101 202442 182659 142081 60361 61618 121041 69442 62459 72639 35094 65942 50142 32894 61251 25267 48875 28724 30011 44248 23124 34662 6697 76793 22886 13043 46274 15800 22705 19288 15806 17935 32000 8999 8030 15082 26589 19725 16767 11821 6700 1353 7623 9843 2852 3845 13502 5776 1179 2601 831 9235 6311 23581 18141 890 3261 445 29507 26781 17706 11050
internal_count=385101 202442 182659 142081 60361 61618 121041 69442 62459 72639 35094 65942 50142 32894 61251 25267 48875 28724 30011 44248 23124 34662 6697 76793 22886 13043 46274 15800 22705 19288 15806 17935 32000 8999 8030 15082 26589 19725 16767 11821 6700 1353 7623 9843 2852 3845 13502 5776 1179 2601 831 9235 6311 23581 18141 890 3261 445 29507 26781 17706 11050
cat_boundaries=0 1 2 3 4 5 6 7 8 9 10 11 12 13 14
cat_threshold=551242 131109 72072 491569 131109 131381 36 18946 532480 4096 262164 131088 256 4104
is_linear=0
shrinkage=0.03


Tree=103
num_leaves=63
num_cat=18
split_feature=7 7 7 7 7 7 23 24 7 10 20 7 22 22 24 6 24 21 25 24 20 24 24 21 7 10 20 24 24 25 20 24 13 24 6 21 24 20 25 21 20 21 7 13 24 24 20 13 20 6 25 21 21 7 21 10 21 24 21 23 22 10
split_gain=10407.1 1922.34 584.485 399.957 301.608 94.2789 92.5929 58.8491 42.0593 37.55 37.1191 32.7816 24.5517 23.2957 21.8035 21.4605 20.9287 18.3788 18.289 21.2494 17.6969 19.9334 17.3123 17.3023 16.0109 15.7628 14.9484 14.3794 13.8198 12.9837 15.6304 12.0098 10.8748 10.8127 10.7949 10.4336 11.8017 10.1924 9.73645 9.71777 9.60889 9.2927 9.22753 9.81161 8.14221 7.8527 9.51757 7.79061 7.58659 7.75732 8.62389 7.03614 9.82191 9.38801 6.98432 6.91804 6.89756 6.6383 6.51871 6.3034 6.18657 6.21499
threshold=1.6875000000000002 0.81250000000000011 2.866071462631226 0.50892856717109691 1.1339285969734194 2.1696429252624516 2.5000000000000004 0 3.6517857313156132 2.8413627147674565 2.5000000000000004 1.401785731315613 1.0000000180025095e-35 1.0000000180025095e-35 1 0.48214285075664526 2 25.500000000000004 3 4 2.5000000000000004 5 6 20.500000000000004 0.65178570151329052 1.1583746671676638 2.5000000000000004 7 8 9 3.5000000000000004 10 11.670000076293947 11 1.9821428656578066 28.500000000000004 12 1.5000000000000002 13 27.500000000000004 1.5000000000000002 4.5000000000000009 0.97321429848670971 2.4250000715255742 14 15 2.5000000000000004 11.889999866485597 1.5000000000000002 2.6964285373687749 16 2.5000000000000004 21.500000000000004 0.7053571641445161 19.500000000000004 0.92167669534683239 3.5000000000000004 17 3.5000000000000004 1.5000000000000002 1.0000000180025095e-35 2.4561198949813847
decision_type=2 2 2 2 2 2 2 1 2 2 2 2 2 2 1 2 1 2 1 1 2 1 1 2 2 2 2 1 1 1 2 1 2 1 2 2 1 2 1 2 2 2 2 2 1 1 2 2 2 2 1 2 2 2 2 2 2 1 2 2 2 2
left_child=1 3 5 12 10 27 11 24 -4 16 22 20 15 14 23 32 58 33 -13 -20 28 -22 59 55 37 -16 -10 40 -6 30 -23 -19 45 -9 44 -30 -37 -5 -14 -31 -2 -35 56 -44 -29 -1 54 -25 -18 50 -50 -26 53 -53 -47 -12 -24 -28 -7 -3 61 -46
right_child=2 4 8 7 6 9 -8 17 26 -11 13 18 38 -15 25 -17 48 31 19 -21 21 29 42 47 51 -27 57 34 35 39 -32 -33 -34 41 -36 36 -38 -39 -40 -41 -42 -43 43 -45 60 46 -48 -49 49 -51 -52 52 -54 -55 -56 -57 -58 -59 -60 -61 -62 -63
leaf_value=0 0 0 0 0 0 0 -2.3687026402462856e-10 0 0.0014803244756333063 4.3701028516950424e-06 0 0 0 0 0 0 0 0 0 0 0 0 0 0 0 0 0.0063827526902717037 0 0 0 0 0 0 0 0 0 0 0 0 0 0 0 0 0 0 0 0 0 0 0 0 0 0 0 0 0 0 -0.0014866997569708911 0 0 -2.8079502301108271e-07 0
leaf_weight=1152 759 10162 31212 1665 9566 2315 1462 7032 40117 3692 901 12229 158 1054 17034 4931 1868 616 5396 15881 12556 1473 695 1998 436 11797 2969 470 10240 5279 1253 4550 4801 2664 9183 321 529 8476 635 628 4109 14041 249 5569 11944 2793 12689 951 1673 1855 6163 1643 2099 2635 1561 4867 6658 31985 21372 225 310 223
leaf_count=1152 759 10162 31212 1665 9566 2315 1462 7032 40117 3692 901 12229 158 1054 17034 4931 1868 616 5396 15881 12556 1473 695 1998 436 11797 2969 470 10240 5279 1253 4550 4801 2664 9183 321 529 8476 635 628 4109 14041 249 5569 11944 2793 12689 951 1673 1855 6163 1643 2099 2635 1561 4867 6658 31985 21372 225 310 223
internal_value=-0.00678072 -0.0112057 -0.00129378 -0.0150912 -0.00912063 -0.00351268 -0.0078634 -0.0133526 8.27885e-05 -0.00256808 -0.0106742 -0.00800848 -0.0178673 -0.0112469 -0.0113704 -0.0180151 -0.0028696 -0.0124965 -0.0073092 -0.0078531 -0.00856841 -0.00917754 -0.0097358 -0.00996665 -0.0147959 -0.0117873 0.000467597 -0.00487503 -0.00794355 -0.0103287 -0.00845833 -0.0108792 -0.0184002 -0.0128537 -0.00454065 -0.00869189 -0.00550588 -0.0155603 -0.012662 -0.0111761 -0.00637269 -0.0133237 -0.0104921 -0.00960742 -0.00510072 -0.0180651 -0.0182707 -0.00810885 -0.00391849 -0.00425931 -0.00467228 -0.0136799 -0.0134278 -0.0126031 -0.0170712 -0.0109338 -0.0112064 1.40758e-05 -0.00235511 -0.0087582 -0.00524537 -0.00535621
internal_weight=385769 213550 172219 74577 138973 65936 76813 45857 106283 38938 62160 75351 28720 38602 37548 27927 35246 28903 33506 21277 41845 21189 23558 8717 16954 28831 75071 26998 20656 8633 2726 5166 22996 23737 22130 11090 850 10141 793 5907 4868 16705 13171 5818 12947 18195 17043 2949 11559 9691 7836 6813 6377 4278 4354 5768 7353 34954 23687 10387 12477 12167
internal_count=385769 213550 172219 74577 138973 65936 76813 45857 106283 38938 62160 75351 28720 38602 37548 27927 35246 28903 33506 21277 41845 21189 23558 8717 16954 28831 75071 26998 20656 8633 2726 5166 22996 23737 22130 11090 850 10141 793 5907 4868 16705 13171 5818 12947 18195 17043 2949 11559 9691 7836 6813 6377 4278 4354 5768 7353 34954 23687 10387 12477 12167
cat_boundaries=0 1 2 3 4 5 6 7 8 9 10 11 12 13 14 15 16 17 18
cat_threshold=32801 202760 550986 1 4361 171152 69508 132117 7044 1 65920 198400 1040 2 524352 295440 6 8192
is_linear=0
shrinkage=0.03


Tree=104
num_leaves=63
num_cat=12
split_feature=7 7 7 7 7 23 7 15 24 15 7 18 10 15 18 24 21 18 15 13 23 18 24 24 25 24 14 7 24 18 23 24 18 21 7 10 18 21 24 18 18 24 24 21 10 24 18 15 23 10 14 15 10 21 7 14 15 7 18 18 14 21
split_gain=10316 1909.91 578.692 400.775 309.814 98.6993 95.1434 84.1351 64.218 55.6818 48.7194 36.7259 33.0766 31.8533 27.7012 29.2854 27.1399 26.6016 24.5944 23.5979 24.1981 22.0621 20.9381 20.5213 19.8824 18.866 18.4654 18.432 17.1306 17.026 15.8479 15.3763 15.1344 14.3911 15.2594 14.2163 14.2006 13.6204 13.535 13.2572 12.7459 12.6736 12.3922 15.2367 12.0671 11.9357 11.8933 11.714 11.5964 10.8841 10.6903 10.3984 10.3577 10.0552 9.81381 9.61224 9.56028 9.87263 9.49418 9.3726 9.35154 8.94919
threshold=1.6875000000000002 0.81250000000000011 2.866071462631226 0.50892856717109691 1.1339285969734194 2.5000000000000004 2.1696429252624516 0.91289180517196666 0 0.87994369864463817 3.6517857313156132 6.5000000000000009 2.8413627147674565 0.8609888255596162 4.5000000000000009 1 13.500000000000002 11.500000000000002 0.71422553062438976 10.444999694824221 1.0000000180025095e-35 5.5000000000000009 2 3 4 5 1.0468839406967165 0.33035713434219366 6 10.500000000000002 2.5000000000000004 7 6.5000000000000009 20.500000000000004 0.7053571641445161 0.66957503557205211 5.5000000000000009 9.5000000000000018 8 2.5000000000000004 6.5000000000000009 9 10 24.500000000000004 1.2894279956817629 11 11.500000000000002 0.84179055690765392 2.5000000000000004 1.1007876396179201 1.0880593657493594 0.77564415335655224 1.1583746671676638 5.5000000000000009 1.901785731315613 1.0179697871208193 0.83184513449668895 0.65178570151329052 5.5000000000000009 5.5000000000000009 1.0150708556175234 29.500000000000004
decision_type=2 2 2 2 2 2 2 2 1 2 2 2 2 2 2 1 2 2 2 2 2 2 1 1 1 1 2 2 1 2 2 1 2 2 2 2 2 2 1 2 2 1 1 2 2 1 2 2 2 2 2 2 2 2 2 2 2 2 2 2 2 2
left_child=1 3 6 19 9 7 13 -6 21 60 -4 22 23 -2 28 24 37 18 -10 20 27 33 -11 47 -16 -18 35 -1 -9 32 31 55 41 34 -5 -20 -29 44 -37 49 -12 -17 -19 -44 -13 -46 -47 -8 52 -40 -49 -38 -27 -26 -33 -15 -23 -58 -25 -43 -3 -41
right_child=2 4 10 8 5 -7 12 14 17 11 40 16 -14 30 15 29 25 42 26 -21 -22 56 -24 58 53 48 -28 36 -30 -31 -32 54 -34 -35 -36 38 51 -39 39 61 -42 59 43 -45 45 46 -48 50 -50 -51 -52 -53 -54 -55 -56 -57 57 -59 -60 -61 -62 -63
leaf_value=0 0 0 0 0 0 -2.2334938478208747e-10 0.018403351617129554 0 0 0 0.001428669774911585 0 2.9145344799736936e-06 0 0 0 0 0 0 0 0 0 0 0 0 0 0 0 0 0 1.539307180709282e-05 0 0 0 0 0 0 0 0 0 0.002125393878286004 0 0 0 0 0 0 0 0 0 0 0 0 0 0 0 0 0 0 0 0 0
leaf_weight=5361 2115 2137 31126 2922 7409 1470 1760 9326 294 7239 39955 7920 3634 2418 6923 6233 2282 1586 1547 8083 536 550 14167 5046 3524 10610 4186 3493 9204 2800 449 6879 9233 2218 1002 4464 259 4678 845 12649 35037 1259 1869 313 945 1163 395 21448 313 399 421 11097 7347 18299 11576 3398 6488 3745 6465 984 3023 689
leaf_count=5361 2115 2137 31126 2922 7409 1470 1760 9326 294 7239 39955 7920 3634 2418 6923 6233 2282 1586 1547 8083 536 550 14167 5046 3524 10610 4186 3493 9204 2800 449 6879 9233 2218 1002 4464 259 4678 845 12649 35037 1259 1869 313 945 1163 395 21448 313 399 421 11097 7347 18299 11576 3398 6488 3745 6465 984 3023 689
internal_value=-0.00677394 -0.0111772 -0.00130014 -0.0150491 -0.00909759 -0.00782112 -0.00351496 -0.00797162 -0.0133038 -0.0106704 6.92061e-05 -0.0109403 -0.00256455 -0.00488821 -0.00830339 -0.00867536 -0.0115301 -0.0124113 -0.0127688 -0.0178197 -0.0172839 -0.0148087 -0.00995805 -0.00284633 -0.00803665 -0.0108206 -0.0128711 -0.0174508 -0.00731462 -0.00956202 -0.00519053 -0.00529385 -0.00991038 -0.0133823 -0.0122905 -0.0125019 -0.0169064 -0.0124957 -0.0122772 -0.0127586 0.000483332 -0.00899504 -0.0100653 -0.0116031 -0.0118921 -0.0100763 -0.0117513 -0.00233652 -0.0111532 -0.00980547 -0.002527 -0.0174209 -0.0112591 -0.00849407 -0.00485703 -0.00666014 -0.0156349 -0.015842 -0.00388742 -0.0110346 -0.00768605 -0.0130436
internal_weight=385205 213478 171727 74595 138883 76664 65609 75194 45766 62219 106118 57059 38774 26835 67785 49255 35653 28841 25073 28829 20746 16925 21406 35140 28746 20552 24779 20210 18530 20509 24720 24271 17709 6142 3924 20593 14849 15101 19046 14582 74992 8476 3768 2182 10423 2503 1558 23629 18270 1244 21869 11356 17957 21823 18455 5816 10783 10233 11511 2243 5160 13338
internal_count=385205 213478 171727 74595 138883 76664 65609 75194 45766 62219 106118 57059 38774 26835 67785 49255 35653 28841 25073 28829 20746 16925 21406 35140 28746 20552 24779 20210 18530 20509 24720 24271 17709 6142 3924 20593 14849 15101 19046 14582 74992 8476 3768 2182 10423 2503 1558 23629 18270 1244 21869 11356 17957 21823 18455 5816 10783 10233 11511 2243 5160 13338
cat_boundaries=0 1 2 3 4 5 6 7 8 9 10 11 12
cat_threshold=32801 7576 393264 550986 1 137224 37772 164885 197376 328196 66820 331913
is_linear=0
shrinkage=0.03


Tree=105
num_leaves=63
num_cat=13
split_feature=10 10 10 10 24 24 12 24 10 24 15 12 10 12 10 12 22 13 19 24 15 24 17 13 10 15 24 24 24 19 22 12 19 24 15 15 15 19 24 12 15 12 17 12 22 19 15 24 13 19 24 18 12 18 19 12 17 13 22 13 17 13
split_gain=9460.46 1810.14 591.247 355.401 326.254 208.238 140.342 86.0506 82.6392 73.2918 62.9826 47.8351 47.3815 46.2658 45.6946 45.5077 35.8527 33.3074 41.2867 32.077 28.2744 28.0075 26.8755 41.7026 26.2575 26.207 24.5639 21.5405 21.5045 20.9652 20.4164 19.0656 18.5214 18.1742 18.0544 17.7672 17.417 16.5028 15.22 15.0823 14.7356 14.5172 13.7128 13.8406 12.9325 11.8699 16.8069 12.646 11.5716 11.5579 11.4965 13.9305 11.3148 11.1795 11.1573 11.1503 10.7546 20.0208 10.6761 10.6427 10.5969 11.1412
threshold=1.7618041038513186 0.93915662169456493 2.5543829202651982 1.2573741078376772 0 1 0.87500000000000011 2 0.73148912191391002 3 0.99001988768577587 2.6250000000000004 0.62423235177993786 1.8750000000000002 2.8413627147674565 0.87500000000000011 1.0000000180025095e-35 2.4250000715255742 23.500000000000004 4 0.88805964589118969 5 2.5000000000000004 2.120000004768372 1.4912573099136355 0.91289180517196666 6 7 8 27.500000000000004 1.0000000180025095e-35 0.62500000000000011 15.500000000000002 9 0.87715458869934093 0.78139832615852367 0.84593328833580028 24.500000000000004 10 5.3750000000000009 0.83687353134155285 2.6250000000000004 3.5000000000000004 0.87500000000000011 1.0000000180025095e-35 18.500000000000004 0.85759276151657116 11 4.4949998855590829 45.500000000000007 12 3.5000000000000004 1.3750000000000002 4.5000000000000009 28.500000000000004 0.87500000000000011 3.5000000000000004 6.7049999237060556 1.0000000180025095e-35 6.1449999809265146 4.5000000000000009 6.1449999809265146
decision_type=2 2 2 2 1 1 2 1 2 1 2 2 2 2 2 2 2 2 2 1 2 1 2 2 2 2 1 1 1 2 2 2 2 1 2 2 2 2 1 2 2 2 2 2 2 2 2 1 2 2 1 2 2 2 2 2 2 2 2 2 2 2
left_child=1 4 5 7 8 13 19 17 22 26 -11 21 -6 27 28 20 24 -3 34 -5 -9 52 -1 44 38 -21 54 -2 -4 -17 36 -27 -10 -31 50 -34 -14 55 -12 -16 -35 -26 43 -20 -24 -23 -47 -48 -22 -39 -19 -52 -7 -54 -8 -38 57 -37 -59 -13 -40 -62
right_child=2 3 14 6 12 11 9 15 32 10 16 59 30 -15 39 29 -18 18 42 25 48 45 23 -25 41 31 -28 -29 -30 33 -32 -33 35 40 -36 56 37 49 60 -41 -42 -43 -44 -45 -46 46 47 -49 -50 -51 51 -53 53 -55 -56 -57 -58 58 -60 -61 61 -63
leaf_value=0 0 0 0 0 0 0 0 0 0 0 0 0 0 0 3.3228558012050235e-06 0 0 0 0 0 0 0 0 0 0 0 0 0 0 0 0 0 0 0 0 0 0 0 0 0.0011942861751461419 0 0 0 0 0 0 0 0 0 0 0 0 0 0 0 0 0 0 0 0 0 0
leaf_weight=10127 4104 3005 961 2669 3494 3176 4649 1505 2451 4337 7836 3754 1570 27614 53774 8986 1059 657 5160 1673 3653 5058 3617 9794 14776 11235 2249 8650 19008 1520 827 6692 636 689 9171 2446 4640 14734 9188 27491 9794 2760 7763 5211 127 695 3410 5628 11503 4421 109 313 652 1611 6203 2232 4624 3563 146 2982 1630 1381
leaf_count=10127 4104 3005 961 2669 3494 3176 4649 1505 2451 4337 7836 3754 1570 27614 53774 8986 1059 657 5160 1673 3653 5058 3617 9794 14776 11235 2249 8650 19008 1520 827 6692 636 689 9171 2446 4640 14734 9188 27491 9794 2760 7763 5211 127 695 3410 5628 11503 4421 109 313 652 1611 6203 2232 4624 3563 146 2982 1630 1381
internal_value=-0.0067877 -0.0109321 -0.0014569 -0.0090504 -0.0149251 -0.00363543 -0.00766737 -0.0106197 -0.0168311 -0.00686713 -0.00746792 -0.0056766 -0.0126746 -0.00226995 -7.88262e-06 -0.00963569 -0.00785452 -0.0117931 -0.0114789 -0.0096822 -0.0108089 -0.00640781 -0.0179132 -0.0187876 -0.00800796 -0.0101076 -0.00488727 -0.00376494 -0.00129366 -0.00870899 -0.0122734 -0.0104479 -0.0149965 -0.00952937 -0.00995707 -0.0155046 -0.0124125 -0.0125976 -0.00874994 0.000308066 -0.00998294 -0.00716024 -0.0123391 -0.0116254 -0.0160946 -0.0057136 -0.00633011 -0.00667581 -0.0111983 -0.0130501 -0.00628638 -0.010125 -0.00826996 -0.00666416 -0.00548186 -0.0113364 -0.0157921 -0.0149708 -0.0135813 -0.00348901 -0.00804267 -0.00959382
internal_weight=385393 216825 168568 147376 69449 67334 78337 69039 37531 56068 42967 26966 31918 40368 101234 37650 38630 31389 28384 22269 16661 20230 23665 13538 37571 19600 13101 12754 19969 20989 28424 17927 13866 12003 10250 11415 27597 26027 20035 81265 10483 17536 18134 10371 3744 14791 9733 9038 15156 19155 1079 422 5439 2263 10852 6872 10779 6155 3709 6736 12199 3011
internal_count=385393 216825 168568 147376 69449 67334 78337 69039 37531 56068 42967 26966 31918 40368 101234 37650 38630 31389 28384 22269 16661 20230 23665 13538 37571 19600 13101 12754 19969 20989 28424 17927 13866 12003 10250 11415 27597 26027 20035 81265 10483 17536 18134 10371 3744 14791 9733 9038 15156 19155 1079 422 5439 2263 10852 6872 10779 6155 3709 6736 12199 3011
cat_boundaries=0 1 2 3 4 5 6 7 8 9 10 11 12 13
cat_threshold=131105 551242 426021 553290 555080 32785 4360 548866 98452 20488 295972 266240 294916
is_linear=0
shrinkage=0.03


Tree=106
num_leaves=63
num_cat=2
split_feature=6 6 6 6 6 6 6 15 23 12 15 15 15 22 6 12 6 22 6 22 17 6 15 12 6 12 12 23 15 12 14 14 12 21 15 14 6 14 21 8 17 15 17 26 26 15 15 21 6 12 6 15 12 6 11 15 9 15 14 21 14 15
split_gain=10154.3 1714.76 783.044 307.299 277.937 105.031 84.5991 82.4902 79.8102 60.7817 50.2831 41.3692 35.5904 32.1926 28.8743 28.3659 25.6292 25.3103 20.1052 18.887 16.7897 18.7603 16.0054 13.0025 11.592 10.7424 10.7385 9.89558 9.78907 9.7707 9.65418 9.07223 9.03296 8.89002 8.635 8.62446 8.41136 8.13553 8.06419 7.58017 7.50164 8.80772 7.26653 11.3423 7.19251 8.91297 7.16799 7.08829 6.84838 6.84206 6.57466 6.56925 6.2931 6.28578 6.09873 7.02981 6.0864 5.95346 10.864 5.90777 5.88845 5.83461
threshold=1.6250000000000002 0.73214286565780651 2.553571462631226 1.053571403026581 0.44642856717109686 2.0178571939468388 3.553571462631226 0.91289180517196666 2.5000000000000004 0.62500000000000011 0.83881488442420971 0.86276194453239452 0.78139832615852367 1.0000000180025095e-35 0.5892857313156129 0.87500000000000011 1.3392856717109682 1.0000000180025095e-35 4.9821429252624521 1.0000000180025095e-35 2.5000000000000004 0.33928571641445165 0.83485752344131481 1.3750000000000002 0.8392857313156129 1.8750000000000002 2.3750000000000004 2.5000000000000004 0.9991869628429414 2.8750000000000004 1.0235444307327273 1.0378009080886843 1.6250000000000002 22.500000000000004 0.70940351486206066 1.0379781723022463 2.7678571939468388 1.0594965815544131 19.500000000000004 1.3322845697402956 3.5000000000000004 1.2344533205032351 2.5000000000000004 0 1 0.78139832615852367 0.8147830367088319 15.500000000000002 1.2678571343421938 1.6250000000000002 1.553571403026581 0.75480234622955333 0.62500000000000011 1.8392856717109682 0.87500000000000011 0.85178118944168102 3.0830340385437016 1.0290234684944155 1.0186840295791628 13.500000000000002 1.0561022162437441 0.88625004887580883
decision_type=2 2 2 2 2 2 2 2 2 2 2 2 2 2 2 2 2 2 2 2 2 2 2 2 2 2 2 2 2 2 2 2 2 2 2 2 2 2 2 2 2 2 2 1 1 2 2 2 2 2 2 2 2 2 2 2 2 2 2 2 2 2
left_child=1 4 5 10 17 11 28 32 9 30 44 -2 31 15 27 47 23 20 42 25 -1 54 37 -11 60 53 -24 57 -4 50 48 33 34 38 -5 40 56 -7 -6 -37 41 -16 43 -8 51 -46 -47 61 -9 -26 -18 -3 -42 -13 55 -22 -30 58 -14 -50 -17 -12
right_child=2 3 6 7 12 22 18 8 -10 16 13 19 14 -15 35 24 29 -19 -20 -21 21 -23 26 -25 49 -27 -28 -29 36 -31 -32 -33 -34 -35 -36 39 -38 -39 -40 -41 52 -43 -44 -45 45 46 -48 -49 59 -51 -52 -53 -54 -55 -56 -57 -58 -59 -60 -61 -62 -63
leaf_value=0 0 0 0.0098072102599518814 0 0 0.021150444377347692 0.0084981414799060722 0 0 0 0 0 0 0 0 0 0 0 0.0012604032236712269 0 0 0 0 0 0 0 0 0 0 0 0 0 0 0 0 0 0 -0.00034511802737218617 0 0 0 0 0.0050775388643532994 -0.0030603420666556382 0 0 0 0 0 0 0 0 0 0 0 0 7.8984943629063053e-06 0 0 0 0 0
leaf_weight=10545 2165 546 4502 352 770 1828 4554 3890 1384 17291 318 9479 7329 1474 8697 5821 20356 695 31372 656 436 6728 15900 13639 14065 10720 11265 339 9302 1505 5030 553 2413 376 5145 4816 29543 257 134 473 3802 513 26005 14924 1554 561 320 14833 1354 4569 5352 635 3169 5726 534 6350 919 2940 8048 1763 950 13825
leaf_count=10545 2165 546 4502 352 770 1828 4554 3890 1384 17291 318 9479 7329 1474 8697 5821 20356 695 31372 656 436 6728 15900 13639 14065 10720 11265 339 9302 1505 5030 553 2413 376 5145 4816 29543 257 134 473 3802 513 26005 14924 1554 561 320 14833 1354 4569 5352 635 3169 5726 534 6350 919 2940 8048 1763 950 13825
internal_value=-0.00679769 -0.0113368 -0.00157243 -0.00943355 -0.0152694 -0.00443896 -0.000199858 -0.0082131 -0.00853443 -0.00867512 -0.0110645 -0.00572678 -0.0137721 -0.0112865 -0.0139588 -0.011405 -0.00827341 -0.0177537 0.000401861 -0.00605158 -0.0179133 -0.0185924 -0.00317333 -0.00886421 -0.0106733 -0.00617878 -0.00336775 -0.0148221 -0.00124457 -0.00760192 -0.0106155 -0.00968412 -0.00530594 -0.00829687 -0.00597762 -0.0132087 -0.00139468 -0.000640288 -0.00990929 -0.0142604 -0.0128649 -0.0123029 -1.12119e-06 -0.000439265 -0.00763606 -0.00658282 -0.00902043 -0.0120466 -0.00989568 -0.010287 -0.00773946 -0.00967002 -0.0136074 -0.00669155 -0.0196434 -0.0194005 -0.00213648 -0.0149161 -0.0146797 -0.00884793 -0.0117364 -0.0125271
internal_weight=385309 206192 179117 138945 67247 57996 121121 79474 71564 70180 59471 28746 41959 55855 40126 54381 58143 25288 76855 26581 24593 14048 29250 30930 25405 25925 27165 18656 44266 27213 12037 1833 7910 1280 5497 21470 39764 2085 904 5289 16181 9210 45483 19478 3616 2435 881 28976 7007 18634 25708 1181 6971 15205 7320 6786 10221 18317 15377 3117 6771 14143
internal_count=385309 206192 179117 138945 67247 57996 121121 79474 71564 70180 59471 28746 41959 55855 40126 54381 58143 25288 76855 26581 24593 14048 29250 30930 25405 25925 27165 18656 44266 27213 12037 1833 7910 1280 5497 21470 39764 2085 904 5289 16181 9210 45483 19478 3616 2435 881 28976 7007 18634 25708 1181 6971 15205 7320 6786 10221 18317 15377 3117 6771 14143
cat_boundaries=0 1 2
cat_threshold=1 1
is_linear=0
shrinkage=0.03


Tree=107
num_leaves=63
num_cat=16
split_feature=7 7 7 7 7 22 24 24 7 18 7 18 10 13 17 22 10 10 18 24 24 17 25 24 18 17 14 7 21 25 24 22 7 21 24 17 24 18 21 18 24 18 18 24 18 24 14 18 7 24 17 18 27 21 7 24 21 7 21 10 17 13
split_gain=10373 1971.87 514.027 412.566 332.883 78.6359 65.8465 63.7344 41.8088 41.2067 36.3113 32.0498 29.6961 26.4507 30.5847 25.1564 23.8531 21.8833 21.8648 21.6169 19.7222 25.4786 19.1779 27.6108 18.6502 17.9808 16.5142 15.301 15.0024 14.7383 18.7913 14.3207 13.8228 13.0361 12.7333 12.4584 12.367 12.3476 11.4657 11.1028 11.0462 10.8627 10.8036 10.6394 10.632 12.5213 10.411 10.3289 10.2637 11.5257 11.5955 10.0147 12.4031 9.95069 11.8496 9.92827 9.90486 9.62055 9.55534 9.50852 9.41059 23.9142
threshold=1.741071403026581 0.81250000000000011 2.866071462631226 0.50892856717109691 1.1339285969734194 1.0000000180025095e-35 0 1 3.616071462631226 6.5000000000000009 1.401785731315613 11.500000000000002 2.8413627147674565 10.444999694824221 2.5000000000000004 1.0000000180025095e-35 1.2634480595588686 0.75084793567657482 5.5000000000000009 2 3 3.5000000000000004 4 5 5.5000000000000009 5.5000000000000009 1.0468839406967165 2.0446429252624516 26.500000000000004 6 7 1.0000000180025095e-35 4.8303573131561288 23.500000000000004 8 1.0000000180025095e-35 9 4.5000000000000009 13.500000000000002 6.5000000000000009 10 10.500000000000002 2.5000000000000004 11 3.5000000000000004 12 1.0506448745727541 6.5000000000000009 0.99107143282890331 13 1.0000000180025095e-35 4.5000000000000009 14 20.500000000000004 0.72321429848670971 15 24.500000000000004 2.491071462631226 2.5000000000000004 0.93915662169456493 4.5000000000000009 4.8250000476837167
decision_type=2 2 2 2 2 2 1 1 2 2 2 2 2 2 2 2 2 2 2 1 1 2 1 1 2 2 2 2 2 1 1 2 2 2 1 2 1 2 2 2 1 2 2 1 2 1 2 2 2 1 2 2 1 2 2 1 2 2 2 2 2 2
left_child=1 3 6 13 9 10 12 18 -4 19 20 26 27 15 -15 17 31 39 53 -3 21 -6 42 -24 36 -16 28 -2 44 34 60 38 -10 -18 -26 -30 -22 -8 43 -1 -13 55 -12 46 59 -46 -11 -32 49 -21 -51 -25 -53 54 -5 -41 -42 -39 -52 -9 -31 -62
right_child=2 4 8 7 5 -7 37 11 32 16 22 40 -14 14 25 -17 33 -19 -20 48 24 -23 23 51 29 -27 -28 -29 35 30 47 -33 -34 -35 -36 -37 -38 57 -40 41 56 -43 -44 -45 45 -47 -48 -49 -50 50 58 52 -54 -55 -56 -57 -58 -59 -60 -61 61 -63
leaf_value=0 0 0 0 0 0 0 0 0 0.00089117442431723088 0 0 0 2.7274127715383316e-06 0 0 0 0 0 0 0 0 0 0 0 0 0 0 0 0 0 0 0 0.0013121689996997133 0 0 0 0 0 0 0 0 0 0 0 0 0 0 0 0 0 0 0 0 0 0 0 0 0 0 0 0 0
leaf_weight=3374 5994 2304 30018 3144 1148 2194 7389 1040 41312 3935 1968 1255 3284 3441 3436 574 7892 5237 10798 4307 4863 834 6191 4924 1743 1166 4248 29748 486 5891 3145 709 34844 2696 4208 2752 9899 13449 15540 1176 2135 5165 12127 7084 8560 7195 695 7203 9765 1028 378 1512 9891 2231 849 5205 371 2023 5838 778 1116 1290
leaf_count=3374 5994 2304 30018 3144 1148 2194 7389 1040 41312 3935 1968 1255 3284 3441 3436 574 7892 5237 10798 4307 4863 834 6191 4924 1743 1166 4248 29748 486 5891 3145 709 34844 2696 4208 2752 9899 13449 15540 1176 2135 5165 12127 7084 8560 7195 695 7203 9765 1028 378 1512 9891 2231 849 5205 371 2023 5838 778 1116 1290
internal_value=-0.00677085 -0.0111051 -0.00117616 -0.0150552 -0.00903411 -0.00775624 -0.00334931 -0.0132879 9.05307e-05 -0.0106815 -0.00791388 -0.0123965 -0.00259791 -0.0178709 -0.0193312 -0.0173044 -0.011286 -0.0174807 -0.0147812 -0.00969475 -0.00852322 -0.0115482 -0.00722588 -0.00778125 -0.00836583 -0.0209309 -0.0127883 -0.00284942 -0.0124404 -0.00887388 -0.00930555 -0.0117452 0.000464284 -0.0100733 -0.00749321 -0.0105639 -0.007525 -0.00462887 -0.0118547 -0.0180664 -0.0098184 -0.0185087 -0.00632861 -0.0125634 -0.0127861 -0.0130368 -0.0138297 -0.0101956 -0.00937363 -0.00998329 -0.0107634 -0.00844029 -0.0089337 -0.0133737 -0.0124771 -0.0193366 -0.0110223 -0.00511272 -0.0112664 -0.0106139 -0.00818454 -0.00661347
internal_weight=384995 216934 168061 74616 142318 80147 61887 45842 106174 62171 77953 28820 39026 28774 8043 20731 38551 20157 17022 23620 41340 1982 36613 22518 39358 4602 25059 35742 20811 24596 18645 27963 76156 10588 5951 3238 14762 22861 27254 14920 3761 11546 14095 11714 17573 15755 4630 10348 21316 11551 7244 16327 11403 6224 3993 6381 2506 15472 6216 1818 8297 2406
internal_count=384995 216934 168061 74616 142318 80147 61887 45842 106174 62171 77953 28820 39026 28774 8043 20731 38551 20157 17022 23620 41340 1982 36613 22518 39358 4602 25059 35742 20811 24596 18645 27963 76156 10588 5951 3238 14762 22861 27254 14920 3761 11546 14095 11714 17573 15755 4630 10348 21316 11551 7244 16327 11403 6224 3993 6381 2506 15472 6216 1818 8297 2406
cat_boundaries=0 1 2 3 4 5 6 7 8 9 10 11 12 13 14 15 16
cat_threshold=551242 32801 131104 33 1 4361 1 268432 393220 4868 1284 393732 262276 67456 4 262660
is_linear=0
shrinkage=0.03


Tree=108
num_leaves=63
num_cat=2
split_feature=7 7 7 7 7 7 22 12 12 7 13 18 19 19 22 17 19 13 7 22 21 12 17 12 25 12 19 19 13 13 19 25 18 19 19 13 19 19 19 18 7 12 21 22 5 21 13 21 12 19 7 17 13 13 14 13 13 12 21 17 19 21
split_gain=10380.4 1829.93 661.485 397.883 288.363 121.927 73.4618 57.3858 45.2911 43.2884 39.7201 31.8447 31.0795 25.2552 24.6641 22.4952 21.2757 20.6002 19.4392 18.6921 18.177 17.7804 17.5893 15.8313 15.1447 14.6484 13.0107 12.8918 12.5197 21.5608 12.4231 12.1638 12.1301 18.3593 12.8821 11.991 14.7749 13.6788 11.8024 11.5483 11.4383 11.2572 11.1761 10.7511 10.0436 10.0339 14.2531 9.97727 9.84153 9.79069 10.1377 9.74065 10.472 10.1523 9.56875 9.31288 10.0023 9.23433 9.02549 9.01458 8.97505 8.91749
threshold=1.6339285969734194 0.81250000000000011 2.866071462631226 0.50892856717109691 1.1339285969734194 2.1696429252624516 1.0000000180025095e-35 1.1250000000000002 1.6250000000000002 3.6517857313156132 2.9400000572204594 6.5000000000000009 47.500000000000007 42.500000000000007 1.0000000180025095e-35 3.5000000000000004 6.5000000000000009 9.8750000000000018 1.901785731315613 1.0000000180025095e-35 26.500000000000004 0.62500000000000011 1.0000000180025095e-35 2.6250000000000004 0 5.3750000000000009 18.500000000000004 21.500000000000004 11.230000019073488 10.204999923706056 22.500000000000004 1 4.5000000000000009 38.500000000000007 24.500000000000004 11.670000076293947 25.500000000000004 44.500000000000007 45.500000000000007 2.5000000000000004 0.41964286565780645 2.3750000000000004 18.500000000000004 1.0000000180025095e-35 0.60714286565780651 19.500000000000004 10.444999694824221 11.500000000000002 1.6250000000000002 5.5000000000000009 0.66964283585548412 5.5000000000000009 10.444999694824221 10.219999790191652 1.1127845644950869 10.045000076293947 9.9049997329711932 1.8750000000000002 6.5000000000000009 2.5000000000000004 11.500000000000002 28.500000000000004
decision_type=2 2 2 2 2 2 2 2 2 2 2 2 2 2 2 2 2 2 2 2 2 2 2 2 1 2 2 2 2 2 2 1 2 2 2 2 2 2 2 2 2 2 2 2 2 2 2 2 2 2 2 2 2 2 2 2 2 2 2 2 2 2
left_child=1 3 5 14 8 18 7 21 11 -4 27 44 16 45 15 35 48 40 39 -10 28 -6 43 32 -7 -11 -26 61 29 -18 -23 -32 -9 34 -34 36 -1 -38 -31 -2 -17 -20 57 -22 -3 -13 -47 -8 49 50 -12 52 58 -53 -15 56 -14 -28 -19 -58 -60 -5
right_child=2 4 9 10 6 24 47 23 19 25 12 13 55 54 -16 17 20 51 41 -21 22 30 -24 -25 26 -27 42 -29 -30 38 31 -33 33 -35 -36 -37 37 -39 -40 -41 -42 -43 -44 -45 -46 46 -48 -49 -50 -51 -52 53 -54 -55 -56 -57 59 -59 60 -61 -62 -63
leaf_value=0 0 0 0 0 0 0 1.3808253565727365e-11 0 0 0.0012888822011128127 0 0 0 0 0 0 0 0 0 1.759803148159529e-06 0 0 0 0 0 0.0011217894656004623 0 0 0 0 0 0 0 0 0 0 0 0 0 0 0 0 0 0.029999999999999999 0 0 0 0 0 0 0 0 0 0 0 0 0 0 0 0 0 0
leaf_weight=3574 1847 1815 31207 3674 11608 19071 800 9579 8144 48784 774 13621 2867 12940 785 3544 21258 344 10098 203 414 7484 3704 4493 6159 26239 2879 4807 2205 2241 6217 5583 6679 7520 10510 2913 6090 3421 327 15170 2650 4707 5668 142 18201 5922 1173 1138 137 218 837 648 2266 1220 179 1617 212 5053 203 283 1157 254
leaf_count=3574 1847 1815 31207 3674 11608 19071 800 9579 8144 48784 774 13621 2867 12940 785 3544 21258 344 10098 203 414 7484 3704 4493 6159 26239 2879 4807 2205 2241 6217 5583 6679 7520 10510 2913 6090 3421 327 15170 2650 4707 5668 142 18201 5922 1173 1138 137 218 837 648 2266 1220 179 1617 212 5053 203 283 1157 254
internal_value=-0.00678128 -0.0113146 -0.00143516 -0.0150732 -0.00921398 -0.00368474 -0.00791606 -0.00807631 -0.0107083 6.09998e-05 -0.0133407 -0.011027 -0.0129136 -0.0115881 -0.0178371 -0.0179839 -0.0132541 -0.0189639 -0.0050614 -0.00865209 -0.0134504 -0.00904098 -0.0116338 -0.00730788 -0.00255653 0.000451582 -0.00313992 -0.0151614 -0.0137477 -0.0139479 -0.00848258 -0.00908898 -0.0075273 -0.00787863 -0.00841951 -0.0172469 -0.0168594 -0.0174773 -0.0165444 -0.00575301 -0.0177588 -0.00426646 -0.00365956 -0.00665827 -0.0100785 -0.0122404 -0.0113256 -0.0021548 -0.0102299 -0.0108108 -0.0116182 -0.0202425 -0.0210831 -0.0184561 -0.0105582 -0.0107076 -0.0116074 -0.00438654 -0.0193063 -0.0155455 -0.0204044 -0.0138865
internal_weight=385477 208595 176882 74786 133809 70652 71611 69673 62198 106230 45971 53851 37236 33835 28815 28030 32257 12032 31822 8347 30291 30892 4260 38781 38830 75023 19759 8735 26031 23826 19284 11800 34288 24709 17189 15998 13085 9511 2568 17017 6194 14805 13600 556 20016 20716 7095 1938 1966 1829 1611 5838 3970 1868 13119 4979 3362 7932 1704 495 1360 3928
internal_count=385477 208595 176882 74786 133809 70652 71611 69673 62198 106230 45971 53851 37236 33835 28815 28030 32257 12032 31822 8347 30291 30892 4260 38781 38830 75023 19759 8735 26031 23826 19284 11800 34288 24709 17189 15998 13085 9511 2568 17017 6194 14805 13600 556 20016 20716 7095 1938 1966 1829 1611 5838 3970 1868 13119 4979 3362 7932 1704 495 1360 3928
cat_boundaries=0 1 2
cat_threshold=6 5
is_linear=0
shrinkage=0.03


Tree=109
num_leaves=63
num_cat=15
split_feature=7 7 7 7 7 23 7 15 15 7 7 24 20 15 19 24 19 23 15 19 19 24 19 24 25 24 13 24 19 23 19 7 19 24 21 24 21 13 15 20 7 19 21 19 24 24 25 15 19 19 19 15 7 19 21 24 19 24 24 15 19 19
split_gain=10379.3 1901.83 575.68 485.014 199.033 99.6523 91.0692 89.3997 77.599 57.3462 43.9126 39.4057 39.3569 30.7091 29.4716 26.6168 23.0837 21.8796 19.8244 19.5992 19.0005 18.8204 20.4591 17.8016 17.2492 17.0231 17.0199 16.222 15.847 15.2389 14.7298 14.4852 14.4797 16.599 13.9086 13.6625 19.8622 13.5034 12.2812 11.2824 10.408 10.0678 13.2376 12.8204 12.5534 11.5628 11.5322 10.0135 10.5799 13.2327 9.94107 11.4789 9.87963 13.0061 11.9483 11.1244 9.45483 9.31118 9.11593 12.0448 8.93695 8.86206
threshold=1.6875000000000002 0.66964283585548412 2.866071462631226 1.1339285969734194 0.49107143282890325 2.5000000000000004 2.1696429252624516 0.91289180517196666 0.84091734886169445 0.8303571641445161 3.6517857313156132 0 2.5000000000000004 0.8609888255596162 16.500000000000004 1 42.500000000000007 1.0000000180025095e-35 0.89709714055061351 47.500000000000007 48.500000000000007 2 22.500000000000004 3 4 5 10.444999694824221 6 6.5000000000000009 1.0000000180025095e-35 25.500000000000004 1.901785731315613 25.500000000000004 7 13.500000000000002 8 20.500000000000004 7.9149999618530282 0.82468372583389293 1.5000000000000002 2.4553570747375493 36.500000000000007 29.500000000000004 25.500000000000004 9 10 11 0.9293062984943391 24.500000000000004 21.500000000000004 5.5000000000000009 0.99001988768577587 1.491071403026581 24.500000000000004 9.5000000000000018 12 7.5000000000000009 13 14 0.94937798380851757 43.500000000000007 46.500000000000007
decision_type=2 2 2 2 2 2 2 2 2 2 2 1 2 2 2 1 2 2 2 2 2 1 2 1 1 1 2 1 2 2 2 2 2 1 2 1 2 2 2 2 2 2 2 2 1 1 1 2 2 2 2 2 2 2 2 1 2 1 1 2 2 2
left_child=1 4 6 8 17 7 13 -5 23 19 -4 38 27 -2 25 24 35 26 -8 28 47 -20 -23 -3 -16 -9 32 -11 -10 31 -12 -15 50 -34 58 36 -14 40 -6 -40 -24 43 46 45 -45 -17 -43 -13 49 -49 51 -1 53 54 -26 -54 -52 -30 -18 -60 -35 -55
right_child=2 3 10 5 11 -7 18 14 9 12 30 20 16 29 15 41 34 -19 21 -21 -22 22 37 -25 52 -27 -28 -29 57 -31 -32 -33 33 60 -36 -37 -38 -39 39 -41 -42 42 -44 44 -46 -47 -48 48 -50 -51 56 -53 55 61 -56 -57 -58 -59 59 -61 -62 -63
leaf_value=0 0 0 0 0 0 -2.1706315084559667e-10 0 0 0 0 0.0012391502457407089 0 0 0 0 0 0 0 0 0 0 0 0 0 0 0 0 0 0 0 0.00057658875199740917 0 0 0 0 0 0 0 0 0 0 0 0 0 0 0 0 0 0 0 0 0 0 0 0 0 0 0 0 0 0 0
leaf_weight=352 2062 2718 31105 7373 720 1449 3986 8507 1066 9540 38693 1228 3037 10746 7037 8256 1798 720 19123 3188 1182 7368 4181 2634 822 8558 7775 11767 3976 645 36353 13293 1420 7170 8272 16549 1172 1042 1882 10094 3226 3645 389 3274 6397 2339 3578 2654 6872 494 402 1213 2349 7250 1742 2574 2416 15727 129 3374 5235 1242
leaf_count=352 2062 2718 31105 7373 720 1449 3986 8507 1066 9540 38693 1228 3037 10746 7037 8256 1798 720 19123 3188 1182 7368 4181 2634 822 8558 7775 11767 3976 645 36353 13293 1420 7170 8272 16549 1172 1042 1882 10094 3226 3645 389 3274 6397 2339 3578 2654 6872 494 402 1213 2349 7250 1742 2574 2416 15727 129 3374 5235 1242
internal_value=-0.00677152 -0.0111877 -0.00128272 -0.00958502 -0.0161887 -0.00785698 -0.00349044 -0.00800688 -0.0111469 -0.0113821 8.31176e-05 -0.0142721 -0.0108537 -0.00483818 -0.00834728 -0.00870904 -0.0114822 -0.017992 -0.0025644 -0.0126092 -0.0129936 -0.00279307 -0.00356031 -0.00765022 -0.00792721 -0.00726839 -0.018135 -0.00984085 -0.0129454 -0.00513199 0.000475948 -0.00525409 -0.0176332 -0.0181096 -0.0105202 -0.0121113 -0.0104036 -0.00457013 -0.0155015 -0.0157425 -0.00412029 -0.00934832 -0.00842144 -0.00970108 -0.0104908 -0.00898018 -0.00813111 -0.0133842 -0.0136976 -0.0122573 -0.0161307 -0.0180479 -0.0084904 -0.00899349 -0.0071209 -0.00737782 -0.015066 -0.0131382 -0.0117199 -0.0127045 -0.0185062 -0.00955888
internal_weight=385380 213557 171823 161728 51829 76781 65672 75332 84947 79595 106151 25126 55638 26746 67959 50894 34331 26703 38926 23957 12430 34940 15817 5352 23016 17065 25983 21307 20769 24684 75046 24039 18208 13825 13573 20758 4209 8449 12696 11976 7407 27878 7612 20266 9671 10595 7223 11248 10020 3148 4383 1565 15979 11056 2564 4923 2818 19703 5301 3503 12405 8492
internal_count=385380 213557 171823 161728 51829 76781 65672 75332 84947 79595 106151 25126 55638 26746 67959 50894 34331 26703 38926 23957 12430 34940 15817 5352 23016 17065 25983 21307 20769 24684 75046 24039 18208 13825 13573 20758 4209 8449 12696 11976 7407 27878 7612 20266 9671 10595 7223 11248 10020 3148 4383 1565 15979 11056 2564 4923 2818 19703 5301 3503 12405 8492
cat_boundaries=0 1 2 3 4 5 6 7 8 9 10 11 12 13 14 15
cat_threshold=32801 7560 550978 131253 1 37804 426032 295440 202752 163856 328212 1 1152 197384 69769
is_linear=0
shrinkage=0.03


Tree=110
num_leaves=63
num_cat=0
split_feature=7 7 7 7 7 23 15 7 15 7 18 13 15 15 19 21 23 18 18 17 13 19 15 7 19 13 21 9 14 21 18 13 19 13 17 17 13 21 17 17 11 15 19 13 21 7 7 21 14 23 14 17 17 13 13 21 21 13 13 21 15 14
split_gain=10383.3 1909.85 580.964 402.479 309.289 100.737 92.8374 88.4702 50.7523 42.3892 40.865 39.5234 33.472 33.4164 29.5877 29.3808 26.1232 24.1495 28.9411 24.0288 20.9434 19.5203 17.8526 17.3449 16.9952 16.5134 14.914 14.8854 14.5289 13.9492 13.7924 13.5132 13.5088 13.4762 20.3552 13.3469 26.4719 14.1451 14.4577 13.1087 12.2658 13.6218 11.9035 11.6837 11.8778 10.9714 10.8863 14.2276 10.1162 9.80305 9.72272 9.55764 9.5543 11.157 9.45137 12.3248 11.7319 9.4157 14.0278 9.4115 9.31266 9.30653
threshold=1.6875000000000002 0.81250000000000011 2.866071462631226 0.50892856717109691 1.1339285969734194 2.5000000000000004 0.91289180517196666 2.2232142686843877 0.86604186892509472 3.6517857313156132 6.5000000000000009 3.2849999666213994 0.8609888255596162 0.91289180517196666 47.500000000000007 13.500000000000002 1.0000000180025095e-35 4.5000000000000009 10.500000000000002 3.5000000000000004 9.8750000000000018 6.5000000000000009 0.89709714055061351 1.9375000000000002 42.500000000000007 10.340000152587892 9.5000000000000018 3.1237229108810429 1.0543610453605654 27.500000000000004 5.5000000000000009 9.6250000000000018 25.500000000000004 4.4949998855590829 4.5000000000000009 4.5000000000000009 9.6849999427795428 12.500000000000002 1.0000000180025095e-35 1.0000000180025095e-35 0.69642856717109691 0.77564415335655224 28.500000000000004 10.045000076293947 13.500000000000002 0.59821429848670971 1.4196428656578066 26.500000000000004 1.0406901836395266 1.0000000180025095e-35 1.0351536870002749 2.5000000000000004 5.5000000000000009 10.444999694824221 9.7049999237060565 2.5000000000000004 4.5000000000000009 11.230000019073488 10.204999923706056 19.500000000000004 0.71422553062438976 1.0182204842567446
decision_type=2 2 2 2 2 2 2 2 2 2 2 2 2 2 2 2 2 2 2 2 2 2 2 2 2 2 2 2 2 2 2 2 2 2 2 2 2 2 2 2 2 2 2 2 2 2 2 2 2 2 2 2 2 2 2 2 2 2 2 2 2 2
left_child=1 3 7 16 8 6 -6 12 -3 -4 33 30 -2 60 21 26 19 46 31 40 -21 45 -9 49 25 -17 -12 48 29 57 -5 -19 -11 50 -35 37 -37 38 -33 -31 41 -1 54 61 -45 -15 -8 -48 -24 -14 -10 -42 53 -22 -38 -56 -57 58 -23 -30 -13 -16
right_child=2 4 9 11 5 -7 17 22 10 32 15 13 23 14 43 24 -18 18 -20 20 52 28 27 -25 -26 -27 -28 -29 59 39 -32 35 -34 34 -36 36 42 -39 -40 -41 51 -43 -44 44 -46 -47 47 -49 -50 -51 -52 -53 -54 -55 55 56 -58 -59 -60 -61 -62 -63
leaf_value=0 0 0 0 0 0 -2.1055125632022877e-10 0 0 0 0.0011181582656421736 0 0 0 0 0 0 0 0 0 0 0 0 0 0 0 0 0 0 0 0 0 0 0.00038766857905616324 0 0 0 0 0 0 0 0 0 0 0 0 0 0 0 0 0 0 0 0 0 0 0.01500000737607479 0 0 0 0 0 0
leaf_weight=155 2283 4666 31186 4115 7357 1460 10799 3751 4476 38766 10571 304 12897 358 2141 9532 785 26808 9293 6169 1700 17053 23536 14026 8530 2392 4725 2634 2550 362 4925 783 36185 11365 4480 210 212 5552 3102 2039 7243 6146 1625 651 775 1339 6547 1226 6309 326 1417 2457 1854 2272 146 166 1381 1582 1825 1565 3168 945
leaf_count=155 2283 4666 31186 4115 7357 1460 10799 3751 4476 38766 10571 304 12897 358 2141 9532 785 26808 9293 6169 1700 17053 23536 14026 8530 2392 4725 2634 2550 362 4925 783 36185 11365 4480 210 212 5552 3102 2039 7243 6146 1625 651 775 1339 6547 1226 6309 326 1417 2457 1854 2272 146 166 1381 1582 1825 1565 3168 945
internal_value=-0.00679904 -0.0112207 -0.00131242 -0.0150964 -0.00914146 -0.00786647 -0.00801799 -0.00352809 -0.0107142 6.04032e-05 -0.0109584 -0.0133461 -0.00474685 -0.012908 -0.013201 -0.0115821 -0.0178752 -0.00836507 -0.00871253 -0.0180266 -0.0190417 -0.0135563 -0.00253464 -0.00503919 -0.0108384 -0.0115698 -0.0125766 -0.00276095 -0.0137527 -0.0134573 -0.0151228 -0.00906302 0.000447132 -0.00993265 -0.00947712 -0.00984966 -0.0113663 -0.0092486 -0.0106371 -0.011294 -0.0172656 -0.016235 -0.0107507 -0.0109428 -0.00869705 -0.0104355 -0.00744314 -0.00658703 -0.00295175 -0.00581872 -0.0111575 -0.0179351 -0.0203316 -0.0211616 -0.00914173 -0.00839397 -0.00760763 -0.0137111 -0.0138974 -0.0153937 -0.0101077 -0.0119806
internal_weight=385198 213299 171899 74478 138821 76667 75207 65762 62154 106137 57488 45697 29532 36657 33185 35750 28781 67850 49278 27996 11995 28673 36230 27249 20454 11924 15296 32479 26976 22861 9040 39985 74951 21738 15845 13177 3740 9437 3885 2401 16001 6301 3530 4512 1426 1697 18572 7773 29845 13223 5893 9700 5826 3972 1905 1693 1547 20460 18878 4115 3472 3086
internal_count=385198 213299 171899 74478 138821 76667 75207 65762 62154 106137 57488 45697 29532 36657 33185 35750 28781 67850 49278 27996 11995 28673 36230 27249 20454 11924 15296 32479 26976 22861 9040 39985 74951 21738 15845 13177 3740 9437 3885 2401 16001 6301 3530 4512 1426 1697 18572 7773 29845 13223 5893 9700 5826 3972 1905 1693 1547 20460 18878 4115 3472 3086
is_linear=0
shrinkage=0.03


Tree=111
num_leaves=63
num_cat=12
split_feature=6 6 6 6 6 24 15 23 24 6 12 15 15 6 22 24 24 24 24 6 22 15 6 10 12 18 22 24 12 18 24 6 15 12 24 24 21 18 18 10 18 23 21 10 21 18 15 14 15 18 10 15 24 18 18 21 6 18 24 14 15 15
split_gain=10109.4 1663.47 814.304 289.888 288.12 155.147 83.884 78.7828 68.0026 62.7117 54.1048 49.9669 49.1883 33.9439 29.132 28.2075 26.8538 26.4796 26.4396 22.4266 21.8782 19.3126 18.4738 18.1184 16.3828 16.0035 15.8632 14.9749 13.9832 13.738 13.6033 13.4789 13.0005 12.0518 11.975 11.8593 10.6571 10.5982 10.503 10.2784 9.80904 9.39546 9.32659 9.19054 9.09067 8.99501 14.272 8.7575 8.66165 8.54258 8.40847 9.2499 8.31058 8.48111 8.29225 8.20682 8.10324 7.79923 7.76871 8.48988 8.05156 7.4092
threshold=1.5892856717109682 0.73214286565780651 2.6607142686843877 0.44642856717109686 1.053571403026581 0 0.91289180517196666 2.5000000000000004 1 3.8750000000000004 0.62500000000000011 0.86604186892509472 0.8933892846107484 1.9821428656578066 1.0000000180025095e-35 2 3 4 5 2.0178571939468388 1.0000000180025095e-35 0.84258803725242626 0.5892857313156129 1.3976565599441531 1.3750000000000002 4.5000000000000009 1.0000000180025095e-35 6 1.6250000000000002 11.500000000000002 7 5.1250000000000009 0.80553331971168529 2.6250000000000004 8 9 18.500000000000004 6.5000000000000009 6.5000000000000009 0.54337161779403698 2.5000000000000004 2.5000000000000004 25.500000000000004 0.81714713573455822 18.500000000000004 6.5000000000000009 0.9991869628429414 1.0169933438301089 0.84840714931488048 10.500000000000002 2.8413627147674565 0.79504477977752697 10 6.5000000000000009 4.5000000000000009 14.500000000000002 0.33928571641445165 5.5000000000000009 11 1.0260725021362307 0.79887476563453685 0.72387105226516735
decision_type=2 2 2 2 2 1 2 2 1 2 2 2 2 2 2 1 1 1 1 2 2 2 2 2 2 2 2 1 2 2 1 2 2 2 1 1 2 2 2 2 2 2 2 2 2 2 2 2 2 2 2 2 1 2 2 2 2 2 1 2 2 2
left_child=1 3 5 16 11 19 61 10 22 27 18 58 -7 20 15 38 26 28 -8 34 25 -10 32 37 55 -14 45 -4 52 57 -27 -11 -5 54 -2 -31 -30 -19 -13 -18 -15 42 -23 -34 -39 46 -1 -44 -36 56 51 -21 -12 -54 -25 -17 -47 -24 -3 60 -60 -6
right_child=2 4 9 8 6 12 7 -9 21 31 17 14 13 40 -16 24 39 23 -20 50 -22 41 29 33 -26 30 -28 -29 36 35 -32 -33 43 -35 48 -37 -38 44 -40 -41 -42 -43 47 -45 -46 49 -48 -49 -50 -51 -52 -53 53 -55 -56 -57 -58 -59 59 -61 -62 -63
leaf_value=0 0 0 0 0 0 0 0 0 0 0.0018771855357429103 0 0 0 0 0 0 0 0 0 0.0206567749471082 0 0 0 0 0 0 0 0 0 0 0 0.0010208833409078423 0 0 1.298195266729452e-06 0 0 0 0 0 0 0 0 0 0 0 0 0 0 0 7.3209146241296149e-06 0 0 0 0 0 0 0 0 0 0 0
leaf_weight=708 1337 798 33319 662 1169 3409 2891 1348 1069 37647 8792 3755 7073 995 1424 15504 1480 9748 8847 1183 583 14825 3272 4621 7607 4098 569 16089 4766 616 10279 28012 6988 1444 318 217 3270 4932 8351 2809 13368 376 1833 4536 3338 5053 5826 1523 4964 4800 726 19166 1553 3851 8981 18730 4029 5940 1479 1374 682 6364
leaf_count=708 1337 798 33319 662 1169 3409 2891 1348 1069 37647 8792 3755 7073 995 1424 15504 1480 9748 8847 1183 583 14825 3272 4621 7607 4098 569 16089 4766 616 10279 28012 6988 1444 318 217 3270 4932 8351 2809 13368 376 1833 4536 3338 5053 5826 1523 4964 4800 726 19166 1553 3851 8981 18730 4029 5940 1479 1374 682 6364
internal_value=-0.00678327 -0.0113944 -0.00166237 -0.0152567 -0.00948254 -0.00427833 -0.00825627 -0.00858726 -0.0137248 -0.00012783 -0.00873166 -0.0110418 -0.00547821 -0.00580234 -0.0112846 -0.0113964 -0.0177937 -0.00833898 -0.0105815 -0.00255082 -0.00654205 -0.0123926 -0.0148886 -0.0088897 -0.0117796 -0.0066979 -0.0182765 -0.000935193 -0.00751254 -0.0139428 -0.00727266 0.000479706 -0.0156805 -0.00812389 -0.00407509 -0.0102533 -0.00651593 -0.00953413 -0.0100538 -0.0153531 -0.00466762 -0.0126248 -0.0127219 -0.0159153 -0.0103241 -0.0184229 -0.0175051 -0.0112938 -0.00471542 -0.0188549 -0.00207331 -0.0021865 -0.00808199 -0.00706834 -0.00840053 -0.0120622 -0.0193959 -0.0142764 -0.0079393 -0.00855994 -0.00741185 -0.00525169
internal_weight=385316 202750 182566 67131 135619 67499 75915 68382 41857 115067 67034 59704 39805 36396 55371 53947 25274 55296 11738 27694 22033 19626 22231 33064 41841 21450 20985 49408 22232 10045 14377 65659 12186 15046 6619 833 8036 18018 12106 4289 14363 18557 18181 11524 8270 20416 6534 3356 5282 13882 21075 20349 14196 5404 13602 34234 9082 9212 4333 3535 2161 7533
internal_count=385316 202750 182566 67131 135619 67499 75915 68382 41857 115067 67034 59704 39805 36396 55371 53947 25274 55296 11738 27694 22033 19626 22231 33064 41841 21450 20985 49408 22232 10045 14377 65659 12186 15046 6619 833 8036 18018 12106 4289 14363 18557 18181 11524 8270 20416 6534 3356 5282 13882 21075 20349 14196 5404 13602 34234 9082 9212 4333 3535 2161 7533
cat_boundaries=0 1 2 3 4 5 6 7 8 9 10 11 12
cat_threshold=550986 131109 71816 131105 547224 131121 543554 4352 548864 131076 2192 70912
is_linear=0
shrinkage=0.03


Tree=112
num_leaves=63
num_cat=3
split_feature=7 7 7 7 7 23 15 7 12 15 13 12 7 10 20 15 15 12 17 13 12 15 23 6 21 23 23 6 17 12 23 12 15 7 23 13 20 13 13 10 10 6 12 27 10 7 20 15 17 26 17 13 10 13 15 13 17 17 15 17 21 26
split_gain=10366.4 1966.95 512.977 396.217 327.967 91.1046 77.2591 73.917 65.6982 55.8988 47.747 43.1791 42.3109 35.3375 32.6259 31.366 29.3861 27.4539 26.2971 24.642 24.2032 23.0944 21.7766 21.1384 20.8737 18.7984 17.9432 15.5978 14.7796 14.9109 13.6521 12.9513 12.5641 12.4959 12.1739 12.0752 13.8649 12.0955 11.6315 11.5921 10.5094 10.0512 9.82714 9.41323 9.72079 9.33072 9.30272 9.18536 9.12856 10.2216 9.1029 10.0875 8.99828 8.89509 9.02314 8.78646 8.73488 8.71529 8.43466 9.06017 8.33614 10.9276
threshold=1.741071403026581 0.81250000000000011 2.866071462631226 0.49107143282890325 1.151785731315613 2.5000000000000004 0.91289180517196666 2.1696429252624516 0.62500000000000011 0.87994369864463817 3.2350000143051152 1.6250000000000002 3.616071462631226 2.8413627147674565 2.5000000000000004 0.86604186892509472 0.91289180517196666 2.6250000000000004 3.5000000000000004 9.8750000000000018 0.37500000000000006 0.89709714055061351 1.0000000180025095e-35 0.48214285075664526 15.500000000000002 1.0000000180025095e-35 1.0000000180025095e-35 5.1250000000000009 3.5000000000000004 0.62500000000000011 1.5000000000000002 2.6250000000000004 0.71422553062438976 0.65178570151329052 2.5000000000000004 7.9149999618530282 2.5000000000000004 5.8949999809265146 2.4250000715255742 1.1381011605262759 1.4425640106201174 2.0178571939468388 0.87500000000000011 0 1.2894279956817629 0.41964286565780645 1.5000000000000002 0.72586977481842052 2.5000000000000004 1 3.5000000000000004 11.670000076293947 2.0968266725540166 10.275000095367433 0.8447212576866151 9.7500000000000018 1.0000000180025095e-35 5.5000000000000009 0.80754438042640697 5.5000000000000009 26.500000000000004 2
decision_type=2 2 2 2 2 2 2 2 2 2 2 2 2 2 2 2 2 2 2 2 2 2 2 2 2 2 2 2 2 2 2 2 2 2 2 2 2 2 2 2 2 2 2 1 2 2 2 2 2 1 2 2 2 2 2 2 2 2 2 2 2 1
left_child=1 3 7 18 9 6 -6 15 -8 43 58 14 -4 21 38 -2 32 35 23 26 -18 -9 33 30 28 -13 45 48 29 -16 -1 46 -12 -22 41 37 -37 -10 -11 -26 -19 -17 -40 44 -3 -20 -23 -45 49 -14 51 52 -38 -49 -55 56 -24 -35 -5 -60 61 -48
right_child=2 4 12 10 5 -7 8 13 17 11 16 25 27 -15 24 34 20 40 19 -21 22 31 55 -25 39 -27 -28 -29 -30 -31 -32 -33 -34 57 -36 36 50 -39 42 -41 -42 -43 -44 47 -46 -47 60 53 -50 -51 -52 -53 -54 54 -56 -57 -58 -59 59 -61 -62 -63
leaf_value=0 0 0 0 0 0 -2.1094801195574345e-10 0 0 0 0 0 0 0.0068942475279906877 3.3352504017921596e-06 0 0 0 0 0 0 0 0 0 0 0 1.707009053714743e-06 0 0.0010378520838985983 0 0 0 0 0 0 1.2525024108905696e-05 0 0 0 0 0 0 0 0 0 0 0 0 0 0.005214283483662009 -0.0045631608581740554 0 0 0 0 0 0 0 0 0 0 0 0
leaf_weight=12677 1827 1788 29821 387 7346 1435 10749 3640 16181 437 309 7996 5114 3650 3249 13242 10591 915 3460 5769 8698 2887 111 2238 9568 198 140 27975 7292 5547 374 12532 3243 12489 379 12795 5123 12623 10552 6971 4228 7723 8082 562 427 2015 3781 1236 27435 15558 4600 1019 139 998 443 226 291 1912 8118 1352 2362 9805
leaf_count=12677 1827 1788 29821 387 7346 1435 10749 3640 16181 437 309 7996 5114 3650 3249 13242 10591 915 3460 5769 8698 2887 111 2238 9568 198 140 27975 7292 5547 374 12532 3243 12489 379 12795 5123 12623 10552 6971 4228 7723 8082 562 427 2015 3781 1236 27435 15558 4600 1019 139 998 443 226 291 1912 8118 1352 2362 9805
internal_value=-0.0067866 -0.0111176 -0.00118599 -0.0150714 -0.00905335 -0.00772881 -0.00787073 -0.00335731 -0.00818484 -0.0106172 -0.0134347 -0.010882 8.16692e-05 -0.00255423 -0.0112027 -0.00469712 -0.0129506 -0.00778319 -0.0179999 -0.0190915 -0.0132195 -0.00284712 -0.0126872 -0.0171871 -0.0117789 -0.00885868 -0.0176768 0.000457086 -0.0125482 -0.0117203 -0.017649 -0.00310961 -0.010353 -0.012837 -0.00502005 -0.00798819 -0.00849012 -0.00757561 -0.0102169 -0.0110305 -0.00569142 -0.00511638 -0.0101035 -0.00770957 -0.0092167 -0.0179479 -0.00360685 -0.00667891 0.000129524 -0.000346556 -0.00927736 -0.00853479 -0.00906385 -0.00741091 -0.00901249 -0.00717516 -0.00983582 -0.0122948 -0.0152946 -0.015472 -0.00389052 -0.00417651
internal_weight=384630 216899 167731 74400 142499 77153 75718 61828 68372 65346 47727 59892 105903 38657 51698 23171 37870 57623 26673 11384 34318 35007 23727 15289 32627 8194 5615 76082 16088 8796 13051 31367 3552 23099 21344 52480 23676 28804 19071 16539 5143 20965 18634 5454 2215 5475 18835 3239 48107 20672 10881 6281 5262 2677 1441 628 402 14401 9857 9470 15948 13586
internal_count=384630 216899 167731 74400 142499 77153 75718 61828 68372 65346 47727 59892 105903 38657 51698 23171 37870 57623 26673 11384 34318 35007 23727 15289 32627 8194 5615 76082 16088 8796 13051 31367 3552 23099 21344 52480 23676 28804 19071 16539 5143 20965 18634 5454 2215 5475 18835 3239 48107 20672 10881 6281 5262 2677 1441 628 402 14401 9857 9470 15948 13586
cat_boundaries=0 1 2 3
cat_threshold=1 1 2
is_linear=0
shrinkage=0.03


Tree=113
num_leaves=63
num_cat=16
split_feature=7 7 7 7 7 23 7 12 24 12 7 19 19 19 23 19 24 6 12 19 23 24 24 24 19 13 12 24 19 24 24 24 12 24 19 12 19 19 24 23 24 24 23 24 13 19 24 12 19 7 7 19 19 19 13 19 19 24 12 12 7 19
split_gain=10317.1 1949.33 499.262 407.88 336.398 93.0788 71.1613 63.3043 62.1183 55.6051 42.5095 36.9955 32.1388 30.0519 25.7079 25.2156 23.4383 23.1019 20.7625 18.3168 17.7036 15.9771 15.7738 14.1236 13.6217 13.3998 13.0334 16.4167 11.7804 14.5027 11.7653 11.3301 11.2601 11.2342 11.0454 10.6737 10.3631 11.847 10.2479 10.3128 8.92414 8.90525 8.64198 9.0178 8.53788 13.8661 8.38741 8.35623 8.23703 8.67753 8.10889 7.81465 7.49836 10.7099 7.58833 7.27017 7.24654 10.7298 7.18478 7.14316 7.10485 7.0782
threshold=1.741071403026581 0.81250000000000011 2.866071462631226 0.50892856717109691 1.151785731315613 2.5000000000000004 2.1696429252624516 0.62500000000000011 0 1.6250000000000002 3.6517857313156132 25.500000000000004 47.500000000000007 17.500000000000004 1.0000000180025095e-35 42.500000000000007 1 0.48214285075664526 2.3750000000000004 15.500000000000002 1.0000000180025095e-35 2 3 4 25.500000000000004 11.670000076293947 2.3750000000000004 5 24.500000000000004 6 7 8 1.3750000000000002 9 43.500000000000007 0.87500000000000011 25.500000000000004 41.500000000000007 10 2.5000000000000004 11 12 1.5000000000000002 13 5.9949998855590829 51.500000000000007 14 1.8750000000000002 18.500000000000004 2.491071462631226 0.7053571641445161 38.500000000000007 34.500000000000007 32.500000000000007 4.4749999046325692 43.500000000000007 44.500000000000007 15 0.37500000000000006 3.3750000000000004 0.24107142537832263 25.500000000000004
decision_type=2 2 2 2 2 2 2 2 1 2 2 2 2 2 2 2 1 2 2 2 2 1 1 1 2 2 2 1 2 1 1 1 2 1 2 2 2 2 1 2 1 1 2 1 2 2 1 2 2 2 2 2 2 2 2 2 2 1 2 2 2 2
left_child=1 3 6 14 9 7 26 16 19 11 -4 30 28 23 17 38 -6 25 22 -5 33 48 -15 -9 59 36 27 61 -10 58 -3 -20 -24 -11 -33 -32 -1 46 -13 52 -29 -28 43 -17 45 -14 -38 -23 -8 -50 -21 -34 53 -40 -55 -52 57 -45 -30 -12 -39 -2
right_child=2 4 10 8 5 -7 21 13 12 20 24 15 44 18 -16 42 -18 -19 31 50 -22 47 32 -25 -26 -27 41 40 29 -31 35 34 51 -35 -36 -37 37 60 39 -41 -42 -43 -44 56 -46 -47 -48 -49 49 -51 55 -53 -54 54 -56 -57 -58 -59 -60 -61 -62 -63
leaf_value=0 0 0 0 0 0 -2.5626085727157949e-07 0 0 0 0 0.0025508609815002438 0 0 0 0 0 0 0 0 0 1.6557987821033007e-06 0 0 0 0.00019024063661135445 0 0 0 0 0 0 0 0 0 0 0 0 0 0 0 0 0 0 0 0 0 0 0 0 0 0 0 0 0 0 0 0 0 0 0.0010120782728510324 0 0
leaf_weight=4302 906 1900 31196 3644 5182 1461 2973 3522 7105 4299 8987 3301 1565 17408 765 5913 6620 4904 2212 9909 215 10253 12566 14823 36212 4760 2073 775 1600 11575 10364 2976 7555 4487 581 7943 6125 1263 7105 320 14680 4580 690 348 2477 243 876 20179 3693 1771 3014 2579 9241 234 2333 319 5527 1209 4294 29732 5644 197
leaf_count=4302 906 1900 31196 3644 5182 1461 2973 3522 7105 4299 8987 3301 1565 17408 765 5913 6620 4904 2212 9909 215 10253 12566 14823 36212 4760 2073 775 1600 11575 10364 2976 7555 4487 581 7943 6125 1263 7105 320 14680 4580 690 348 2477 243 876 20179 3693 1771 3014 2579 9241 234 2333 319 5527 1209 4294 29732 5644 197
internal_value=-0.00677318 -0.0110912 -0.00119501 -0.0150297 -0.00904123 -0.00770375 -0.00333199 -0.00784789 -0.0132719 -0.0106252 5.50379e-05 -0.0109744 -0.0123944 -0.00747678 -0.0178373 -0.0115482 -0.00986731 -0.0179862 -0.00788715 -0.0147557 -0.0084354 -0.00254709 -0.0081292 -0.00645053 0.000442447 -0.0183853 -0.00464637 -0.00509699 -0.0128167 -0.0132356 -0.00994601 -0.00620437 -0.00866975 -0.00864352 -0.00726913 -0.00968166 -0.0180148 -0.0184129 -0.0121651 -0.0124591 -0.00483317 -0.00352488 -0.0105325 -0.0107062 -0.0100012 -0.0115686 -0.0192825 -0.00222403 -0.00370534 -0.00440117 -0.0152827 -0.00792954 -0.012556 -0.0119721 -0.0103113 -0.0140027 -0.00987285 -0.008079 -0.0118577 0.000833622 -0.0175313 -0.00867116
internal_weight=385505 217298 168207 74384 142914 77485 62080 76024 45745 65429 106127 56428 28859 64222 28639 36221 11802 27874 45877 16886 9001 38869 40108 18345 74931 22970 23211 16558 24574 17469 20207 5769 22700 8786 3557 18307 18210 13908 22534 19233 15455 6653 13687 12997 4285 1808 7001 30432 8437 5464 13242 10134 18913 9672 2567 3333 7084 1557 5894 38719 6907 1103
internal_count=385505 217298 168207 74384 142914 77485 62080 76024 45745 65429 106127 56428 28859 64222 28639 36221 11802 27874 45877 16886 9001 38869 40108 18345 74931 22970 23211 16558 24574 17469 20207 5769 22700 8786 3557 18307 18210 13908 22534 19233 15455 6653 13687 12997 4285 1808 7001 30432 8437 5464 13242 10134 18913 9672 2567 3333 7084 1557 5894 38719 6907 1103
cat_boundaries=0 1 2 3 4 5 6 7 8 9 10 11 12 13 14 15 16
cat_threshold=32801 269452 104064 529832 265216 21 198400 131104 131864 296481 71944 540736 99860 1940 131105 131073
is_linear=0
shrinkage=0.03


Tree=114
num_leaves=63
num_cat=15
split_feature=6 6 6 6 6 24 6 23 24 12 24 22 6 24 12 24 23 10 24 19 6 6 19 24 12 10 27 19 19 22 19 24 13 19 24 24 19 24 6 12 20 24 10 12 24 10 19 19 24 12 19 19 19 19 10 10 19 10 6 12 19 12
split_gain=10128.2 1664.82 833.649 290.885 290.362 131.686 82.296 75.8431 67.4859 47.5793 47.7163 42.2671 33.5049 32.3873 31.6906 30.1828 22.1213 21.2172 21.193 19.8557 19.8088 19.3922 19.0957 17.4102 17.4527 15.5459 15.2497 20.4179 14.5325 13.9051 13.8205 13.2869 14.6634 13.109 17.3485 12.8255 12.7609 12.1941 12.1317 12.0291 11.9162 10.9137 10.684 10.2631 11.353 9.97446 9.91679 8.9934 8.8332 9.32805 8.62631 8.69518 8.49109 8.35902 8.16234 7.49465 7.18942 7.14084 7.07237 7.86371 6.84825 6.7525
threshold=1.5892856717109682 0.73214286565780651 2.553571462631226 0.44642856717109686 1.0892856717109682 0 3.553571462631226 2.5000000000000004 1 1.3750000000000002 2 1.0000000180025095e-35 1.9821428656578066 3 0.62500000000000011 4 2.5000000000000004 2.8413627147674565 5 22.500000000000004 5.1250000000000009 2.0178571939468388 47.500000000000007 6 2.8750000000000004 0.78204792737960827 7 28.500000000000004 9.5000000000000018 1.0000000180025095e-35 43.500000000000007 8 10.275000095367433 18.500000000000004 9 10 11.500000000000002 11 0.91071426868438732 0.62500000000000011 2.5000000000000004 12 0.48377145826816564 1.3750000000000002 13 0.89177924394607555 5.5000000000000009 9.5000000000000018 14 1.6250000000000002 16.500000000000004 17.500000000000004 7.5000000000000009 2.5000000000000004 1.5696011781692507 1.1583746671676638 18.500000000000004 0.55730280280113231 3.053571462631226 3.3750000000000004 40.500000000000007 2.6250000000000004
decision_type=2 2 2 2 2 1 2 2 1 2 1 2 2 1 2 1 2 2 1 2 2 2 2 1 2 2 1 2 2 2 2 1 2 2 1 1 2 1 2 2 2 1 2 2 1 2 2 2 1 2 2 2 2 2 2 2 2 2 2 2 2 2
left_child=1 3 5 13 11 21 17 9 25 10 39 14 16 26 18 28 33 37 -3 -12 56 35 31 -11 -25 -5 27 46 -16 42 57 32 -10 43 -35 -2 -20 -4 -30 -6 -17 -21 60 44 -7 -42 -1 -14 -13 -50 -27 -52 -48 -33 -26 -55 -8 -29 59 -39 -15 -49
right_child=2 4 6 8 7 12 20 -9 22 23 19 48 47 29 15 40 -18 -19 36 41 -22 -23 -24 24 54 50 -28 30 38 -31 -32 53 -34 34 -36 -37 -38 58 -40 -41 45 -43 -44 -45 -46 -47 52 61 49 -51 51 -53 -54 55 -56 -57 -58 -59 -60 -61 -62 -63
leaf_value=0 0 0 0 0 0 0 0.0041353110061202476 0 0 0 0 0 0 0 0 0 8.281300035959971e-09 -3.8838744251181595e-05 0 0 0.00097635417319611004 0 0 0 0 0 0 0 0 0 0 0 0 0 0 0 0 0 0 0 0 0 0 0 0 0 0 0 0 1.6061248186402017e-06 0 0 0 0 0 0 -0.0013082281019981658 0 0 0 0 0
leaf_weight=858 1330 11203 6831 8387 5621 1238 14259 1351 12160 9448 9083 753 1108 184 2515 7048 465 12244 1290 4793 28046 16649 3441 17424 762 1930 8481 2592 9200 121 3686 178 1630 4437 10670 5323 9371 11400 9287 11811 1625 8246 3283 5415 2042 12691 295 8834 897 106 222 6924 2199 6649 975 290 34630 2917 9274 4589 750 4104
leaf_count=858 1330 11203 6831 8387 5621 1238 14259 1351 12160 9448 9083 753 1108 184 2515 7048 465 12244 1290 4793 28046 16649 3441 17424 762 1930 8481 2592 9200 121 3686 178 1630 4437 10670 5323 9371 11400 9287 11811 1625 8246 3283 5415 2042 12691 295 8834 897 106 222 6924 2199 6649 975 290 34630 2917 9274 4589 750 4104
internal_value=-0.00677322 -0.011392 -0.00165465 -0.0152536 -0.00947756 -0.00449623 -0.000210937 -0.00812452 -0.0137159 -0.00826403 -0.00893811 -0.0109029 -0.00557814 -0.0177881 -0.0110285 -0.0105498 -0.00625454 -0.00124038 -0.0119561 -0.00799178 0.000382336 -0.0027138 -0.0126577 -0.00733206 -0.00678979 -0.0151755 -0.0183114 -0.0176559 -0.0113846 -0.0151739 -0.0183866 -0.0130037 -0.0136065 -0.00638114 -0.00691527 -0.00408402 -0.0129713 -0.00164573 -0.0116811 -0.0101287 -0.00971919 -0.00874553 -0.0154966 -0.00545313 -0.00677744 -0.0102209 -0.0156516 -0.0044135 -0.00631093 -0.00816486 -0.0143237 -0.0148044 -0.0146945 -0.0118001 -0.00392573 -0.011652 1.77342e-05 -0.019338 -0.00133981 -0.00172262 -0.0183276 -0.00463565
internal_weight=385565 202677 182888 67177 135500 61615 121273 69514 41811 68163 39554 65986 38313 25366 64230 42366 24267 44338 21864 22122 76935 23302 24348 28609 19161 17463 21028 12547 21002 4338 9195 20907 13790 23802 15107 6653 10661 32094 18487 17432 21364 13039 4217 8695 3280 14316 3352 14046 1756 1003 9076 7146 2494 7117 1737 6939 48889 5509 25263 15989 934 12938
internal_count=385565 202677 182888 67177 135500 61615 121273 69514 41811 68163 39554 65986 38313 25366 64230 42366 24267 44338 21864 22122 76935 23302 24348 28609 19161 17463 21028 12547 21002 4338 9195 20907 13790 23802 15107 6653 10661 32094 18487 17432 21364 13039 4217 8695 3280 14316 3352 14046 1756 1003 9076 7146 2494 7117 1737 6939 48889 5509 25263 15989 934 12938
cat_boundaries=0 1 2 3 4 5 6 7 8 9 10 11 12 13 14 15
cat_threshold=550986 131105 491569 131105 295973 367752 265253 1 295044 4352 548864 103560 644 135185 6052
is_linear=0
shrinkage=0.03


Tree=115
num_leaves=63
num_cat=18
split_feature=7 7 7 7 7 23 15 7 12 24 15 12 7 15 10 12 20 17 24 15 10 24 15 24 23 24 15 23 24 24 10 14 20 12 20 23 12 23 24 15 24 24 24 24 12 23 12 24 10 20 24 17 24 20 24 23 24 24 20 20 7 11
split_gain=10273.8 1947.26 508.226 404.353 332.615 105.991 84.7883 73.0669 72.0238 62.0162 57.0516 45.0072 43.0671 34.9806 31.7412 31.3761 30.9948 26.7019 35.4352 24.1269 20.9443 20.4685 18.9363 18.2297 17.9542 17.6699 17.3832 17.2651 17.0786 16.7929 16.5886 16.3293 16.0712 15.394 14.1686 13.9297 12.9505 12.7424 12.9256 11.9822 11.5823 11.3763 11.3684 10.791 10.7853 10.5862 10.5855 11.8052 10.4946 9.7372 9.62516 9.59745 14.7304 9.19413 8.90688 8.61593 8.32769 8.25203 8.22807 9.79412 8.18164 8.17266
threshold=1.741071403026581 0.81250000000000011 2.866071462631226 0.50892856717109691 1.1339285969734194 2.5000000000000004 0.91289180517196666 2.1696429252624516 0.62500000000000011 0 0.86604186892509472 1.6250000000000002 3.6517857313156132 0.86604186892509472 2.8413627147674565 2.6250000000000004 2.5000000000000004 3.5000000000000004 1 0.91289180517196666 0.89177924394607555 2 0.89709714055061351 3 1.0000000180025095e-35 4 0.82468372583389293 1.0000000180025095e-35 5 6 1.1381011605262759 1.0539636015892031 2.5000000000000004 5.3750000000000009 3.5000000000000004 1.0000000180025095e-35 1.6250000000000002 1.0000000180025095e-35 7 0.71422553062438976 8 9 10 11 1.0000000180025095e-35 1.5000000000000002 2.3750000000000004 12 0.39588086307048803 2.5000000000000004 13 5.5000000000000009 14 1.5000000000000002 15 1.5000000000000002 16 17 3.5000000000000004 2.5000000000000004 0.7053571641445161 0.19642857462167743
decision_type=2 2 2 2 2 2 2 2 2 1 2 2 2 2 2 2 2 2 1 2 2 1 2 1 2 1 2 2 1 1 2 2 2 2 2 2 2 2 1 2 1 1 1 1 2 2 2 1 2 2 1 2 1 2 1 2 1 1 2 2 2 2
left_child=1 3 7 17 10 6 -6 13 21 26 41 16 -4 -2 22 29 25 20 -19 39 23 58 56 -1 40 44 -5 -20 -24 49 45 37 51 -14 43 46 -36 38 -21 -11 -13 -3 -39 -34 -12 54 47 -15 -25 -10 -17 -31 -53 -40 -18 -50 -9 -32 59 -8 -28 -16
right_child=2 4 12 9 5 -7 8 14 15 19 11 24 33 35 61 50 30 18 27 31 -22 -23 28 48 -26 -27 60 -29 -30 32 57 -33 34 -35 36 -37 -38 42 53 -41 -42 -43 -44 -45 -46 -47 -48 -49 55 -51 -52 52 -54 -55 -56 -57 -58 -59 -60 -61 -62 -63
leaf_value=0 0 0 0 0 0 2.6605641531639714e-11 0 -0.0022538721922493485 0 0 0 0 0.00095242529946962023 0 -0.00014063229177551281 0 0 0 0 0 0 0 0 0 1.5579410740809957e-06 0 0 0 0 0 0 0 0 0.00089600149016535232 0 0 0 0 0 0 0 0 0 0 0 0 0 0 0 0 0 0 0 0 0 0 0 0 0 0 0 9.1467230583982271e-06
leaf_weight=11478 1828 2311 31190 774 7688 1521 3095 418 3275 325 536 3187 48688 6768 1579 1719 4624 6159 5936 1465 1087 5382 21223 333 186 9991 10163 140 10293 21200 3928 3540 5115 26209 5088 519 2497 253 2595 2835 4328 2345 458 6915 7911 509 5860 8116 3464 6996 3478 1653 1698 20868 13246 106 3192 9174 1276 1733 2684 2136
leaf_count=11478 1828 2311 31190 774 7688 1521 3095 418 3275 325 536 3187 48688 6768 1579 1719 4624 6159 5936 1465 1087 5382 21223 333 186 9991 10163 140 10293 21200 3928 3540 5115 26209 5088 519 2497 253 2595 2835 4328 2345 458 6915 7911 509 5860 8116 3464 6996 3478 1653 1698 20868 13246 106 3192 9174 1276 1733 2684 2136
internal_value=-0.00676617 -0.0110742 -0.00119542 -0.0149993 -0.00901914 -0.00774344 -0.00789483 -0.00335487 -0.00821836 -0.0132546 -0.0106647 -0.0109228 6.5239e-05 -0.00469131 -0.00256036 -0.00779938 -0.0112521 -0.0177929 -0.0188545 -0.0125115 -0.0170043 -0.0103937 -0.00283926 -0.0172887 -0.00878808 -0.0102753 -0.0149987 -0.0170279 -0.00307501 -0.008012 -0.0118242 -0.012785 -0.00827377 0.000455305 -0.00891588 -0.00503367 -0.00790046 -0.0125213 -0.0126342 -0.0100253 -0.00901597 -0.00747036 -0.00856118 -0.00955611 -0.0113384 -0.0124056 -0.00515513 -0.00558035 -0.0152009 -0.00687161 -0.00557225 -0.00776412 -0.00925604 -0.0128173 -0.0125271 -0.0147647 -0.000781163 -0.0110085 -0.00911972 -0.00970091 -0.0152727 7.67161e-05
internal_weight=385287 217268 168019 74663 142605 80329 78808 61932 71120 45960 62276 57620 106087 23091 38841 59634 49919 28703 12235 32339 16468 11486 35126 15381 7701 18438 13621 6076 31516 54437 31481 29179 44166 74897 19615 21263 7585 25639 24928 3160 7515 4656 711 12030 8447 18379 20744 14884 3903 10271 5197 24551 3351 23463 17870 3570 3610 13102 6104 4828 12847 3715
internal_count=385287 217268 168019 74663 142605 80329 78808 61932 71120 45960 62276 57620 106087 23091 38841 59634 49919 28703 12235 32339 16468 11486 35126 15381 7701 18438 13621 6076 31516 54437 31481 29179 44166 74897 19615 21263 7585 25639 24928 3160 7515 4656 711 12030 8447 18379 20744 14884 3903 10271 5197 24551 3351 23463 17870 3570 3610 13102 6104 4828 12847 3715
cat_boundaries=0 1 2 3 4 5 6 7 8 9 10 11 12 13 14 15 16 17 18
cat_threshold=33 131073 269964 131108 426032 550986 4360 65792 198808 131765 328064 166032 607048 269317 196788 104704 1600 333833
is_linear=0
shrinkage=0.03


Tree=116
num_leaves=63
num_cat=4
split_feature=7 7 7 7 7 23 7 13 7 18 19 7 10 23 23 17 19 10 19 19 6 13 23 26 17 13 19 19 6 13 19 17 19 19 7 17 27 6 21 21 17 21 13 13 18 10 17 19 21 19 19 19 21 19 17 27 27 19 21 17 23 17
split_gain=10335.5 1968.61 477.891 414.802 343.846 103.119 74.7826 53.1051 44.0845 42.5506 38.8659 34.8415 33.9733 28.9119 27.2187 25.1562 24.8921 23.1683 20.989 21.4211 20.4905 18.4528 16.8398 16.4248 16.5511 16.1948 15.9405 15.2892 15.2575 14.5685 14.206 14.067 14.0622 12.4652 14.7571 12.3997 23.3408 12.2344 11.963 11.1749 10.7764 10.229 10.1977 10.1912 15.3126 10.1819 10.1718 10.2083 10.1361 10.0816 17.5898 10.0502 9.3256 9.23042 9.03593 12.4299 9.25527 8.86564 8.74069 8.73485 8.72577 8.61213
threshold=1.7589285969734194 0.81250000000000011 2.866071462631226 0.49107143282890325 1.151785731315613 2.5000000000000004 2.2053570747375493 3.2350000143051152 3.616071462631226 6.5000000000000009 47.500000000000007 1.401785731315613 2.8413627147674565 1.5000000000000002 1.0000000180025095e-35 3.5000000000000004 6.5000000000000009 1.2634480595588686 16.500000000000004 37.500000000000007 0.48214285075664526 9.8750000000000018 1.5000000000000002 0 3.5000000000000004 4.6150000095367441 24.500000000000004 45.500000000000007 5.1250000000000009 2.4250000715255742 45.500000000000007 5.5000000000000009 21.500000000000004 5.5000000000000009 0.66964283585548412 4.5000000000000009 1 1.9821428656578066 23.500000000000004 14.500000000000002 2.5000000000000004 28.500000000000004 10.045000076293947 4.6000001430511483 1.5000000000000002 2.3749328851699834 3.5000000000000004 37.500000000000007 14.500000000000002 23.500000000000004 42.500000000000007 20.500000000000004 6.5000000000000009 32.500000000000007 5.5000000000000009 2 3 50.500000000000007 25.500000000000004 3.5000000000000004 1.0000000180025095e-35 5.5000000000000009
decision_type=2 2 2 2 2 2 2 2 2 2 2 2 2 2 2 2 2 2 2 2 2 2 2 1 2 2 2 2 2 2 2 2 2 2 2 2 1 2 2 2 2 2 2 2 2 2 2 2 2 2 2 2 2 2 2 1 1 2 2 2 2 2
left_child=1 3 6 14 9 11 37 32 -4 29 16 26 -8 17 15 20 33 30 -13 45 57 -17 23 25 58 46 31 -28 -10 51 39 48 41 34 -9 43 -37 60 53 52 -24 -5 -12 44 -31 -20 -18 -48 -6 -27 -51 -3 -11 -19 55 -23 -56 -1 -25 -36 -2 -54
right_child=2 4 8 7 5 -7 12 10 28 13 42 18 -14 -15 -16 21 22 38 19 -21 -22 54 40 24 -26 49 27 -29 -30 35 -32 -33 -34 -35 59 36 -38 -39 -40 -41 -42 -43 -44 -45 -46 -47 47 -49 -50 50 -52 -53 61 -55 56 -57 -58 -59 -60 -61 -62 -63
leaf_value=0 0 0 0 0 0 7.4748099894362399e-09 0 0 0.0013324720351125773 0 0 0 6.3491225862011681e-06 0 0 0 0 0 0 0 0 0 0 0 0 0 0 0 0.00090183867948365518 0 0 0 0 0 0 0 0 0 0 0 0 0 0 0 0 0 0 0 0 0 0 0 0 0 0 0 0 0 0 0 -3.0031381467252604e-07 0
leaf_weight=12078 12639 419 30042 3910 7305 1514 33568 814 48401 4388 3452 9730 3593 1067 721 5513 1355 1689 19131 8928 2203 1370 483 8213 7633 2781 17019 3958 27896 463 6333 2511 5735 248 542 3168 3664 10762 2739 11094 324 275 1673 12835 4097 524 663 333 7902 5614 1893 178 5386 6748 620 2448 1172 632 1612 344 343 903
leaf_count=12078 12639 419 30042 3910 7305 1514 33568 814 48401 4388 3452 9730 3593 1067 721 5513 1355 1689 19131 8928 2203 1370 483 8213 7633 2781 17019 3958 27896 463 6333 2511 5735 248 542 3168 3664 10762 2739 11094 324 275 1673 12835 4097 524 663 333 7902 5614 1893 178 5386 6748 620 2448 1172 632 1612 344 343 903
internal_value=-0.00677777 -0.0110764 -0.00116571 -0.0150284 -0.00902313 -0.00768618 -0.00328471 -0.013357 4.79317e-05 -0.010634 -0.0128464 -0.00783861 -0.00244442 -0.0112353 -0.0180203 -0.0181795 -0.0132255 -0.0113676 -0.00719732 -0.007607 -0.0173742 -0.0192593 -0.0134328 -0.0135475 -0.0128725 -0.0144583 -0.00847358 -0.00903318 0.000431223 -0.0096567 -0.0118271 -0.00781104 -0.0153115 -0.00993634 -0.0108529 -0.00954262 -0.0106256 -0.00459981 -0.0102122 -0.0121908 -0.00915613 -0.0139892 -0.0104166 -0.00911727 -0.0103355 -0.00816052 -0.0122233 -0.00992169 -0.00746755 -0.0149831 -0.0155547 -0.0142864 -0.0128837 -0.0107715 -0.0204706 -0.0212954 -0.0187132 -0.0178371 -0.0120656 -0.00817381 -0.00521984 -0.0136243
internal_weight=385591 218347 167244 74654 143693 78522 60905 47897 106339 65171 37977 77008 37161 40347 26757 26036 32852 39280 38313 28583 14913 11123 30904 30097 17458 12639 38695 20977 76297 24824 28104 17718 9920 1948 1700 24227 6832 23744 11176 21771 807 4185 5125 17395 4560 19655 2351 996 15207 10288 7507 597 10677 8437 5610 3818 1792 12710 9825 886 12982 6289
internal_count=385591 218347 167244 74654 143693 78522 60905 47897 106339 65171 37977 77008 37161 40347 26757 26036 32852 39280 38313 28583 14913 11123 30904 30097 17458 12639 38695 20977 76297 24824 28104 17718 9920 1948 1700 24227 6832 23744 11176 21771 807 4185 5125 17395 4560 19655 2351 996 15207 10288 7507 597 10677 8437 5610 3818 1792 12710 9825 886 12982 6289
cat_boundaries=0 1 2 3 4
cat_threshold=1 4 1 1
is_linear=0
shrinkage=0.03


Tree=117
num_leaves=63
num_cat=15
split_feature=7 7 7 7 7 23 24 24 7 18 7 10 13 19 19 22 24 10 19 19 19 10 19 14 19 22 19 19 24 21 7 24 24 13 19 24 19 10 13 21 10 7 24 24 14 18 10 24 18 24 19 19 24 24 13 21 27 22 24 21 21 13
split_gain=10282.2 1997.86 481.417 397.014 350.41 107.339 66.0725 60.1692 44.1927 41.5703 33.1731 31.5777 28.9392 28.5856 28.5754 24.5008 23.3984 21.729 20.6219 19.0765 18.883 18.5806 18.2275 17.4762 14.7931 14.2077 13.9185 19.0896 13.9863 13.6481 13.0104 12.9536 11.9995 11.9677 14.5528 11.9577 11.6237 11.5441 10.6815 10.6723 10.5538 10.5239 9.89662 9.721 9.68538 9.63215 15.6446 12.9636 8.93488 8.8621 8.80612 8.79891 10.8245 8.67816 8.94391 8.64215 12.0142 8.4482 8.90971 8.33614 14.7125 8.31809
threshold=1.7589285969734194 0.81250000000000011 2.866071462631226 0.50892856717109691 1.151785731315613 2.5000000000000004 0 1 3.6517857313156132 6.5000000000000009 1.4196428656578066 2.8413627147674565 10.444999694824221 42.500000000000007 47.500000000000007 1.0000000180025095e-35 2 1.1583746671676638 16.500000000000004 15.500000000000002 19.500000000000004 0.77714383602142345 37.500000000000007 1.0516129136085512 25.500000000000004 1.0000000180025095e-35 24.500000000000004 45.500000000000007 3 26.500000000000004 2.2232142686843877 4 5 5.9949998855590829 51.500000000000007 6 25.500000000000004 1.6144673824310305 11.550000190734865 21.500000000000004 1.9891284704208376 0.97321429848670971 7 8 1.013765871524811 2.5000000000000004 1.1007876396179201 9 10.500000000000002 10 28.500000000000004 28.500000000000004 11 12 7.6649999618530282 28.500000000000004 13 1.0000000180025095e-35 14 30.500000000000004 26.500000000000004 6.2400000095367441
decision_type=2 2 2 2 2 2 1 1 2 2 2 2 2 2 2 2 1 2 2 2 2 2 2 2 2 2 2 2 1 2 2 1 1 2 2 1 2 2 2 2 2 2 1 1 2 2 2 1 2 1 2 2 1 1 2 2 1 2 1 2 2 2
left_child=1 3 6 12 9 10 11 19 -4 16 26 30 15 17 23 21 -3 57 42 -5 -8 36 38 29 -10 35 31 28 -28 45 -2 -6 -24 34 -16 39 -1 -37 49 -15 59 44 -12 -29 -18 46 -9 -47 53 50 -20 -32 -53 -38 -55 -33 -57 58 -11 60 -22 -30
right_child=2 4 8 7 5 -7 20 14 24 13 18 -13 -14 25 33 -17 41 -19 22 -21 40 -23 32 -25 -26 -27 27 43 61 -31 51 55 -34 -35 -36 37 48 -39 -40 -41 -42 -43 -44 -45 -46 47 -48 -49 -50 -51 -52 52 -54 54 -56 56 -58 -59 -60 -61 -62 -63
leaf_value=0 0 0 0 0 0 7.4952867174632641e-09 0 0 0.0009990457097097667 0 0 5.2738654102910627e-06 0 0 0 0 0 0 0 0 0 0 0 0 0.0004159131289850239 0 0 0 0 0 0 0 0 0 0 0 0 0 0 0 0 0 0 0 0 0 0 0 0 0 0 0 0 0 0 0 0 0 0 0.029178239783701612 0 0
leaf_weight=3541 9960 2346 31211 3691 7466 1491 8665 863 38590 6219 1421 3337 8050 2217 1589 569 6016 9181 3014 13241 5563 4213 1290 3885 36339 661 2894 2065 5736 2755 11333 10687 6788 2440 250 10973 1234 755 232 1132 6825 12031 7647 2287 4430 5153 366 11472 5456 12714 2163 2965 11090 3688 1836 348 421 283 8946 124 892 9715
leaf_count=3541 9960 2346 31211 3691 7466 1491 8665 863 38590 6219 1421 3337 8050 2217 1589 569 6016 9181 3014 13241 5563 4213 1290 3885 36339 661 2894 2065 5736 2755 11333 10687 6788 2440 250 10973 1234 755 232 1132 6825 12031 7647 2287 4430 5153 366 11472 5456 12714 2163 2965 11090 3688 1836 348 421 283 8946 124 892 9715
internal_value=-0.00675418 -0.0110466 -0.0011509 -0.0150403 -0.00898002 -0.00762836 -0.00328057 -0.0133059 6.81177e-05 -0.0106052 -0.00778296 -0.00253095 -0.0178133 -0.0111992 -0.0124383 -0.0172157 -0.00963908 -0.0118374 -0.00710604 -0.0147641 -0.00459138 -0.0173906 -0.0075328 -0.0128378 0.000463199 -0.0102005 -0.00835659 -0.00885751 -0.00928128 -0.0124898 -0.00279495 -0.00775573 -0.00634761 -0.0101806 -0.0120082 -0.0103893 -0.0178639 -0.0108703 -0.00806108 -0.00864632 -0.00529901 -0.00932045 -0.00587296 -0.00707123 -0.0100213 -0.0127931 -0.0102303 -0.0129826 -0.0183026 -0.00797815 -0.00684384 -0.00243446 -0.00293597 -0.0190317 -0.0196816 -0.00841287 -0.0053485 -0.0125243 -0.0126202 -0.00615641 -0.00630441 -0.00888862
internal_weight=384755 217861 166894 74292 143569 78379 60754 45705 106140 65190 76888 38685 28587 40367 28773 20537 24823 24629 35269 16932 22069 19968 26201 24494 74929 15738 41619 22697 18345 20609 35348 18922 8078 4279 1839 15077 15755 11728 18123 3349 13404 22477 9068 4352 10446 17854 1229 16625 12214 17891 5177 25388 14055 6758 5524 11456 769 15448 15165 6579 6455 15451
internal_count=384755 217861 166894 74292 143569 78379 60754 45705 106140 65190 76888 38685 28587 40367 28773 20537 24823 24629 35269 16932 22069 19968 26201 24494 74929 15738 41619 22697 18345 20609 35348 18922 8078 4279 1839 15077 15755 11728 18123 3349 13404 22477 9068 4352 10446 17854 1229 16625 12214 17891 5177 25388 14055 6758 5524 11456 769 15448 15165 6579 6455 15451
cat_boundaries=0 1 2 3 4 5 6 7 8 9 10 11 12 13 14 15
cat_threshold=551242 32801 131104 769 6916 395280 268297 2064 131225 198400 135433 264 262660 4 235792
is_linear=0
shrinkage=0.03


Tree=118
num_leaves=63
num_cat=1
split_feature=7 7 7 7 7 23 15 12 7 15 12 15 13 7 19 15 19 19 13 25 10 23 23 7 21 19 19 15 21 18 7 7 19 12 13 19 23 12 15 12 12 12 19 18 13 12 13 13 10 7 13 18 13 12 13 21 21 10 21 19 19 15
split_gain=10335.3 1976.14 503.763 398.485 324.785 111.64 90.8843 78.6815 73.0633 55.4607 44.2808 43.4066 40.5552 39.9002 36.1148 31.8967 28.1776 25.3708 24.9493 23.074 22.6359 22.55 21.7071 20.8171 20.3464 18.5527 18.4626 17.6156 16.4923 16.39 15.3688 14.5352 14.2611 14.0301 13.8472 27.8985 13.1627 12.5614 12.3321 12.1433 11.0429 10.747 10.7374 13.5031 10.7271 10.3314 10.19 10.0444 9.834 9.61237 9.39449 9.34675 9.25867 9.13611 9.10442 11.37 9.06033 8.92962 8.8369 8.80322 15.1744 9.69188
threshold=1.741071403026581 0.81250000000000011 2.866071462631226 0.50892856717109691 1.1339285969734194 2.5000000000000004 0.91289180517196666 0.62500000000000011 2.4196429252624516 0.86604186892509472 1.3750000000000002 0.89709714055061351 3.2350000143051152 4.7767856121063241 47.500000000000007 0.91289180517196666 16.500000000000004 20.500000000000004 10.444999694824221 0 2.8413627147674565 1.0000000180025095e-35 1.0000000180025095e-35 1.9732142686843874 19.500000000000004 32.500000000000007 6.5000000000000009 0.89709714055061351 26.500000000000004 10.500000000000002 3.4375000000000004 1.4196428656578066 37.500000000000007 0.37500000000000006 7.9149999618530282 28.500000000000004 1.0000000180025095e-35 3.3750000000000004 0.71422553062438976 2.1250000000000004 1.6250000000000002 1.6250000000000002 16.500000000000004 4.5000000000000009 10.045000076293947 1.8750000000000002 7.9049999713897714 11.670000076293947 1.1461999416351321 1.5625000000000002 9.6250000000000018 5.5000000000000009 11.230000019073488 0.62500000000000011 10.275000095367433 9.5000000000000018 2.5000000000000004 0.55730280280113231 12.500000000000002 5.5000000000000009 7.5000000000000009 0.99001988768577587
decision_type=2 2 2 2 2 2 2 2 2 2 2 2 2 2 2 2 2 2 2 1 2 2 2 2 2 2 2 2 2 2 2 2 2 2 2 2 2 2 2 2 2 2 2 2 2 2 2 2 2 2 2 2 2 2 2 2 2 2 2 2 2 2
left_child=1 3 8 18 9 6 -6 -8 11 -3 17 -2 42 30 15 38 31 47 21 32 27 25 -12 36 53 59 40 -10 33 57 -4 -9 50 -28 39 56 -13 -34 -14 46 -17 -25 -5 -44 -16 -29 -21 -11 -26 -37 -18 -45 54 -19 55 -35 -36 -27 -52 61 -61 -1
right_child=2 4 13 12 5 -7 7 16 20 10 22 23 14 -15 44 26 19 24 -20 34 -22 -23 -24 41 48 29 28 45 -30 -31 -32 -33 37 52 35 49 -38 -39 -40 -41 -42 -43 43 51 -46 -47 -48 -49 -50 -51 58 -53 -54 -55 -56 -57 -58 -59 -60 60 -62 -63
leaf_value=0 0 0 0 0 0 7.0400183694225e-09 0 0 3.8853285453839664e-06 0 0 0 0 0.00101434025789846 0 0 0 0 0 0 3.3637337891338034e-06 0 0 0 0 0 0 0 0 0 -0.00014877011887042755 0 0 0 0 0 0.0095303561666301977 0.029999999999999999 0 0 0 0 0 0 0 0 0 0 0 0 0 0 0 0 0 0 0 0 0 0 0 0
leaf_weight=348 3355 4676 23464 2516 7729 1525 11388 8119 2241 11933 12395 11371 290 36478 3331 1613 3890 8331 8065 13061 3414 538 290 7439 7638 2787 7242 6335 3694 6556 46160 6920 7120 4601 624 5296 285 177 2750 3568 135 13350 310 1355 1618 14208 525 487 5094 339 1129 4911 1311 11285 1153 9013 7199 4238 1560 454 4512 1254
leaf_count=348 3355 4676 23464 2516 7729 1525 11388 8119 2241 11933 12395 11371 290 36478 3331 1613 3890 8331 8065 13061 3414 538 290 7439 7638 2787 7242 6335 3694 6556 46160 6920 7120 4601 624 5296 285 177 2750 3568 135 13350 310 1355 1618 14208 525 487 5094 339 1129 4911 1311 11285 1153 9013 7199 4238 1560 454 4512 1254
internal_value=-0.00678158 -0.0111089 -0.00119822 -0.0150639 -0.00903559 -0.00777386 -0.00792976 -0.00826645 -0.00334666 -0.0106637 -0.0109194 -0.00422765 -0.0133275 5.71715e-05 -0.0128836 -0.0132546 -0.00782937 -0.0113627 -0.0178326 -0.00820887 -0.00214276 -0.0172809 -0.00935475 -0.00456357 -0.0118052 -0.0174427 -0.0135635 -0.00248411 -0.0137569 -0.0180758 -0.000363926 -0.00670676 -0.00715843 -0.0140519 -0.00867984 -0.00940303 -0.00557841 -0.00625038 -0.0103322 -0.00811752 -0.0105755 -0.00399456 -0.0151214 -0.0157591 -0.0104997 -0.00275963 -0.00852657 -0.0102101 -0.0108713 -0.0110124 -0.00817647 -0.0154568 -0.013558 -0.0124114 -0.0137725 -0.0135558 -0.00824377 -0.0190826 -0.00953998 -0.0161337 -0.0155099 -0.0180674
internal_weight=384993 216893 168100 74595 142298 80169 78644 70915 61998 62129 57453 35800 45843 106102 36751 31802 59527 44768 28752 44488 26198 20687 12685 32445 32348 20149 28762 22784 27014 13581 69624 15039 13876 23320 30612 13458 11656 7297 3040 17154 1748 20789 9092 6576 4949 20543 13586 12420 12732 5635 6579 6266 16078 19616 14767 13614 7823 7025 2689 6568 4966 1602
internal_count=384993 216893 168100 74595 142298 80169 78644 70915 61998 62129 57453 35800 45843 106102 36751 31802 59527 44768 28752 44488 26198 20687 12685 32445 32348 20149 28762 22784 27014 13581 69624 15039 13876 23320 30612 13458 11656 7297 3040 17154 1748 20789 9092 6576 4949 20543 13586 12420 12732 5635 6579 6266 16078 19616 14767 13614 7823 7025 2689 6568 4966 1602
cat_boundaries=0 1
cat_threshold=1
is_linear=0
shrinkage=0.03


Tree=119
num_leaves=63
num_cat=17
split_feature=7 7 7 7 7 7 15 22 24 12 7 15 12 15 24 18 18 17 24 15 15 18 21 18 25 24 24 24 18 12 24 22 24 22 24 18 24 24 22 12 7 18 17 24 21 21 24 24 21 7 21 22 12 21 17 17 15 17 24 24 21 21
split_gain=10359.7 1836.18 660.915 404.997 273.287 114.057 85.5915 65.1128 63.6897 60.8714 53.7061 52.7841 47.2619 37.4973 38.9144 36.8517 29.0758 24.9551 34.8816 24.831 24.0866 22.2573 22.2124 20.6194 20.4381 25.0183 19.5679 19.2529 23.8898 19.3067 18.8068 18.7895 16.5476 16.198 15.8561 14.5093 16.9444 14.3101 14.0564 12.6989 12.5598 12.1101 12.0748 15.9511 20.1839 21.9449 12.3686 11.7512 11.5821 12.6991 11.2595 11.1599 11.1295 10.6161 16.3651 11.3532 10.5215 10.2856 11.7891 10.1695 9.65447 10.7846
threshold=1.6339285969734194 0.81250000000000011 2.7946429252624516 0.50892856717109691 1.1339285969734194 1.9732142686843874 0.91289180517196666 1.0000000180025095e-35 0 0.62500000000000011 3.6517857313156132 0.87994369864463817 1.6250000000000002 0.89709714055061351 1 6.5000000000000009 11.500000000000002 3.5000000000000004 2 0.8933892846107484 0.71422553062438976 4.5000000000000009 15.500000000000002 5.5000000000000009 3 4 5 6 6.5000000000000009 1.8750000000000002 7 1.0000000180025095e-35 8 1.0000000180025095e-35 9 2.5000000000000004 10 11 1.0000000180025095e-35 1.8750000000000002 4.7767856121063241 4.5000000000000009 3.5000000000000004 12 13.500000000000002 11.500000000000002 13 14 20.500000000000004 0.7053571641445161 11.500000000000002 1.0000000180025095e-35 0.62500000000000011 25.500000000000004 1.0000000180025095e-35 1.0000000180025095e-35 0.83184513449668895 2.5000000000000004 15 16 27.500000000000004 1.5000000000000002
decision_type=2 2 2 2 2 2 2 2 1 2 2 2 2 2 1 2 2 2 1 2 2 2 2 2 1 1 1 1 2 2 1 2 1 2 1 2 1 1 2 2 2 2 2 1 2 2 1 1 2 2 2 2 2 2 2 2 2 2 1 1 2 2
left_child=1 3 5 17 11 19 -6 9 23 30 -4 59 15 -7 39 32 20 34 -19 -2 -10 37 42 48 25 -23 -24 29 -29 -26 -8 -20 -13 47 -1 -22 53 -11 52 -15 57 -16 43 44 45 -17 -44 -14 49 -5 -9 -38 -21 55 -55 -37 -25 58 -12 -3 61 -30
right_child=2 4 10 8 6 13 7 50 16 21 40 12 33 14 41 22 -18 18 31 38 35 24 26 56 27 -27 -28 28 60 -31 -32 -33 -34 -35 -36 36 51 -39 -40 -41 -42 -43 46 -45 -46 -47 -48 -49 -50 -51 -52 -53 -54 54 -56 -57 -58 -59 -60 -61 -62 -63
leaf_value=0 0 0 0 0 0 0 0 7.0592749751441785e-09 0 0 -0.0059407833180686676 0 0 0 0 0 0 0 0 0 0 0 0 0 0 0 0 0 0 0 0 0 0 1.5112028418585658e-06 0 0 0 0 -0.00017163825695852734 0 0.00089961035043903252 0 0 0 0 0 0 0 0 0 0 0 0 0 0 0 0 0.0049861999533650425 8.4712705609215084e-05 0 0 0
leaf_weight=12445 1795 1822 34953 2948 7060 4610 5004 708 296 7390 5045 8389 2464 10751 3642 2893 3751 6272 5897 1581 1487 2602 5677 528 7745 8661 10201 8135 320 2829 5560 142 9702 176 4080 1559 9473 7223 505 17933 36270 8847 640 4243 553 670 6289 4938 2247 1024 1012 272 17277 357 2249 9386 10258 22139 11478 3295 802 6964
leaf_count=12445 1795 1822 34953 2948 7060 4610 5004 708 296 7390 5045 8389 2464 10751 3642 2893 3751 6272 5897 1581 1487 2602 5677 528 7745 8661 10201 8135 320 2829 5560 142 9702 176 4080 1559 9473 7223 505 17933 36270 8847 640 4243 553 670 6289 4938 2247 1024 1012 272 17277 357 2249 9386 10258 22139 11478 3295 802 6964
internal_value=-0.00677749 -0.0113052 -0.00143521 -0.0150749 -0.00920405 -0.00378508 -0.0079473 -0.00828828 -0.0133225 -0.00844493 -3.68556e-06 -0.0106649 -0.0109277 -0.00294325 -0.00323054 -0.011267 -0.0124317 -0.0178604 -0.0188829 -0.00560667 -0.0128045 -0.00802808 -0.0118922 -0.0148166 -0.00841022 -0.00729362 -0.0111063 -0.00887353 -0.00954821 -0.0078305 -0.0105233 -0.0170512 -0.01019 -0.00872209 -0.0170986 -0.0129061 -0.0130895 -0.00703285 -0.00591959 -0.0026186 0.000449287 -0.00463021 -0.0127084 -0.0119408 -0.0133669 -0.0142271 -0.0136344 -0.00893596 -0.0134496 -0.0124758 -0.00252907 -0.0120231 -0.00605186 -0.0138373 -0.0121266 -0.0142572 -0.0156186 7.30951e-05 -0.000493312 -0.00774653 -0.0107089 -0.0103649
internal_weight=385464 208638 176826 74671 133967 66941 72015 64955 45835 63235 109885 61952 56835 45783 41173 49257 28830 28836 12311 21158 25079 52671 31166 17005 38058 11263 15878 26795 16221 10574 10564 6039 18091 7578 16525 24783 23296 14613 19363 28684 74932 12489 15288 8359 4116 3563 6929 7402 6219 3972 1720 9745 18858 13551 2606 10945 10786 38662 16523 5117 8086 7284
internal_count=385464 208638 176826 74671 133967 66941 72015 64955 45835 63235 109885 61952 56835 45783 41173 49257 28830 28836 12311 21158 25079 52671 31166 17005 38058 11263 15878 26795 16221 10574 10564 6039 18091 7578 16525 24783 23296 14613 19363 28684 74932 12489 15288 8359 4116 3563 6929 7402 6219 3972 1720 9745 18858 13551 2606 10945 10786 38662 16523 5117 8086 7284
cat_boundaries=0 1 2 3 4 5 6 7 8 9 10 11 12 13 14 15 16 17
cat_threshold=32801 551242 131073 1 393221 204040 268568 265868 426032 131108 262276 37772 394516 280 198792 24832 297992
is_linear=0
shrinkage=0.03


Tree=120
num_leaves=63
num_cat=18
split_feature=7 7 7 7 7 7 15 15 24 7 18 15 19 17 24 15 18 15 18 6 18 24 24 19 24 17 24 24 6 24 24 17 24 17 6 19 15 24 17 17 19 15 17 24 17 14 19 17 25 19 6 24 19 24 19 14 14 24 24 24 19 14
split_gain=10335.6 1907.86 574.213 403.608 307.186 95.2639 77.3014 61.3385 57.1404 42.7634 40.8419 37.8592 27.479 26.4095 33.0571 25.2285 24.7638 24.725 24.0944 21.3112 20.4301 20.1682 20.0954 19.9013 19.0229 18.9122 29.3502 15.9504 15.1069 15.095 14.8362 14.2132 35.824 13.9513 12.8235 12.1153 11.9686 11.433 13.7736 15.4767 11.2083 13.018 11.0796 10.9445 11.5928 10.8738 11.4717 10.7198 11.6061 10.1075 10.0438 9.7172 9.42992 22.3317 9.39899 8.99883 8.89092 8.83294 8.52869 8.45341 8.37345 8.21951
threshold=1.6875000000000002 0.81250000000000011 2.866071462631226 0.50892856717109691 1.151785731315613 2.1696429252624516 0.91289180517196666 0.96801587939262401 0 3.6517857313156132 6.5000000000000009 0.86604186892509472 47.500000000000007 3.5000000000000004 1 0.91289180517196666 4.5000000000000009 0.89709714055061351 10.500000000000002 0.48214285075664526 5.5000000000000009 2 3 45.500000000000007 4 4.5000000000000009 5 6 5.1250000000000009 7 8 4.5000000000000009 9 2.5000000000000004 1.1250000000000002 13.500000000000002 0.71422553062438976 10 2.5000000000000004 1.0000000180025095e-35 36.500000000000007 0.83184513449668895 1.0000000180025095e-35 11 3.5000000000000004 1.0516129136085512 24.500000000000004 2.5000000000000004 12 2.5000000000000004 2.6964285373687749 13 22.500000000000004 14 28.500000000000004 1.0298624038696291 1.0543610453605654 15 16 17 40.500000000000007 1.0357472300529482
decision_type=2 2 2 2 2 2 2 2 1 2 2 2 2 2 1 2 2 2 2 2 2 1 1 2 1 2 1 1 2 1 1 2 1 2 2 2 2 1 2 2 2 2 2 1 2 2 2 2 1 2 2 1 2 1 2 2 2 1 1 1 2 2
left_child=1 3 5 13 7 11 61 51 20 -4 24 -2 15 19 -15 36 29 -7 21 -1 -5 31 50 30 -9 -23 -27 35 -11 -8 -12 37 -33 34 -32 -13 -10 38 39 -18 41 -22 -42 -20 -45 46 -17 54 -49 55 -19 -3 53 -28 -39 -26 -24 60 -48 -29 -56 -6
right_child=2 4 9 8 6 17 16 10 12 28 23 27 -14 14 -16 45 18 22 43 -21 40 25 56 -25 49 26 52 59 -30 -31 33 32 -34 -35 -36 -37 -38 47 -40 -41 42 -43 -44 44 -46 -47 58 48 -50 -51 -52 -53 -54 -55 57 -57 -58 -59 -60 -61 -62 -63
leaf_value=0 0 0 0 0 0 -6.2509051442654438e-05 0 0 0 0.0012074276091063191 0 0 0 0 0 0 0 0 0 0 0 0 0 0 0 0 0 0 0.00080404573909021002 0 0 0 0 0 0 0 0 0 0 0 0 0 0 0 0 0 0 0 0 0 0 0 0 0 0 0 0 0 0 0 0 0
leaf_weight=13566 2076 3077 31108 6225 4733 3993 9152 9990 293 46852 4314 1046 4259 6265 6075 5020 705 5614 1973 2897 259 12098 24473 9715 1226 1067 680 695 28073 9148 8174 2260 4099 13250 1384 5375 2363 3102 1385 1395 622 6140 3732 4046 3029 3371 2738 1175 3684 10704 1884 3221 2662 459 1090 231 2885 2771 10811 17682 324 2534
leaf_count=13566 2076 3077 31108 6225 4733 3993 9152 9990 293 46852 4314 1046 4259 6265 6075 5020 705 5614 1973 2897 259 12098 24473 9715 1226 1067 680 695 28073 9148 8174 2260 4099 13250 1384 5375 2363 3102 1385 1395 622 6140 3732 4046 3029 3371 2738 1175 3684 10704 1884 3221 2662 459 1090 231 2885 2771 10811 17682 324 2534
internal_value=-0.00678201 -0.0111894 -0.0013036 -0.0150576 -0.00911023 -0.00350685 -0.00778101 -0.0106081 -0.0133088 6.20468e-05 -0.0109086 -0.00488011 -0.012463 -0.0178405 -0.0188898 -0.0128526 -0.00810295 -0.0025569 -0.00846092 -0.0170541 -0.0147302 -0.00878483 -0.00281306 -0.0115207 -0.00989061 -0.00958954 -0.0111742 -0.0052059 0.00045025 -0.00716393 -0.0119381 -0.00815591 -0.00696383 -0.0122656 -0.0113974 -0.00651174 -0.0100911 -0.00864609 -0.0102532 -0.0118143 -0.0155306 -0.0163296 -0.0143565 -0.00706631 -0.00647212 -0.0131869 -0.0129023 -0.00816979 -0.00926796 -0.00904092 -0.00419233 -0.0077939 -0.0124211 -0.0101694 -0.00744874 -0.0113926 -0.00243262 -0.00837634 -0.0133562 -0.00474351 -0.0104199 -0.00484368
internal_weight=385249 213493 171756 74636 138857 65723 73571 65286 45833 106033 58988 26874 28855 28803 12340 24596 66304 38849 48004 16463 16978 38956 34856 36837 22151 16966 4868 24798 74925 18300 27122 21990 6359 22808 9558 6421 2656 15631 3485 2100 10753 6399 4354 9048 7075 21940 18569 12146 4859 12161 7498 6298 3801 1139 7287 1457 27358 4185 13549 18377 1414 7267
internal_count=385249 213493 171756 74636 138857 65723 73571 65286 45833 106033 58988 26874 28855 28803 12340 24596 66304 38849 48004 16463 16978 38956 34856 36837 22151 16966 4868 24798 74925 18300 27122 21990 6359 22808 9558 6421 2656 15631 3485 2100 10753 6399 4354 9048 7075 21940 18569 12146 4859 12161 7498 6298 3801 1139 7287 1457 27358 4185 13549 18377 1414 7267
cat_boundaries=0 1 2 3 4 5 6 7 8 9 10 11 12 13 14 15 16 17 18
cat_threshold=32801 131073 7576 104064 426032 131108 132245 37772 71944 4112 16 393233 1 363528 66048 4352 66304 524288
is_linear=0
shrinkage=0.03


Tree=121
num_leaves=63
num_cat=13
split_feature=5 10 5 11 24 24 10 10 11 10 15 24 15 15 10 10 22 5 24 13 24 24 15 22 22 24 24 15 13 24 15 18 10 18 18 18 15 10 18 5 10 10 24 24 22 15 11 22 13 14 18 24 10 14 11 11 15 18 13 13 18 24
split_gain=9583.05 1662.27 670.727 361.404 331.808 164.565 112.846 96.612 87.5961 79.9777 60.1502 53.2099 42.3119 40.8546 39.756 32.5021 32.409 29.7119 29.3636 25.7842 25.5098 25.4174 24.3726 24.3654 23.4334 24.1492 19.9065 18.4266 18.2505 17.5524 17.3935 16.9175 16.8869 16.7799 16.4989 16.2395 15.1187 14.7041 14.4403 14.2892 13.7974 13.6647 13.1038 12.7174 12.0627 11.9133 11.4333 10.7867 10.5794 9.82262 9.49254 11.3586 11.3466 9.28154 9.1669 8.92643 8.52333 8.50788 8.40726 8.16541 9.26007 7.937
threshold=1.6785714626312258 0.93915662169456493 2.5357142686843877 0.41071428358554846 0 1 1.4148896932601931 2.8413627147674565 0.62500000000000011 1.1755914092063906 0.87994369864463817 2 0.9991869628429414 0.86914184689521801 0.62423235177993786 2.0968266725540166 1.0000000180025095e-35 3.4642857313156132 3 2.120000004768372 4 5 0.84593328833580028 1.0000000180025095e-35 1.0000000180025095e-35 6 7 0.8933892846107484 3.5399999618530278 8 0.83184513449668895 5.5000000000000009 0.73148912191391002 6.5000000000000009 11.500000000000002 6.5000000000000009 0.86914184689521801 2.8413627147674565 4.5000000000000009 4.9642856121063241 1.7348093986511233 0.78204792737960827 9 10 1.0000000180025095e-35 0.73955249786376964 0.5892857313156129 1.0000000180025095e-35 7.2349998950958261 1.0722684264183047 5.5000000000000009 11 1.1657853722572329 1.0095639228820803 0.55357143282890331 0.23214285820722583 0.80118870735168468 10.500000000000002 1.9049999713897707 3.0449999570846562 5.5000000000000009 12
decision_type=2 2 2 2 1 1 2 2 2 2 2 1 2 2 2 2 2 2 1 2 1 1 2 2 2 1 1 2 2 1 2 2 2 2 2 2 2 2 2 2 2 2 1 1 2 2 2 2 2 2 2 1 2 2 2 2 2 2 2 2 2 1
left_child=1 4 5 6 8 29 10 17 30 18 -3 21 -7 43 -6 38 20 26 45 -10 50 -8 54 27 25 48 -4 -13 -20 36 -1 -30 47 -27 44 61 -2 -17 -14 -9 -38 -32 -40 -11 56 -5 57 -21 -15 -48 -12 -52 -53 -44 -16 -23 -33 -37 -43 -29 -61 -24
right_child=2 3 7 9 14 12 11 39 19 13 16 23 15 24 22 37 -18 -19 28 32 -22 55 35 -25 -26 33 -28 59 31 -31 41 34 -34 -35 -36 46 40 -39 42 -41 -42 58 53 -45 -46 -47 49 -49 -50 -51 51 52 -54 -55 -56 -57 -58 -59 -60 60 -62 -63
leaf_value=0 1.298195266729452e-06 0 0 0 0 0 0 -4.6116413088238058e-05 0 0 0 0 0 0 0 0 0 0 0 0 0 0 0 0 0 0 0 0 0 0 0 0 0 0 0 0 0 6.6723284765539926e-06 0 0.00069540773242131586 0 0 0 0 0 0 0 0 0 0 0 0 0 0 0 0 0 0 0 0 0 0
leaf_weight=932 940 3874 24159 220 3539 3296 1524 45931 6142 1307 5586 1721 7622 942 1016 6744 996 13238 3059 13974 19204 1792 5523 608 814 8061 4528 155 4985 12965 6598 531 4111 15203 1814 9577 2353 517 8177 32122 6489 439 2388 1476 280 10037 5007 370 6446 396 2645 3170 5498 3953 617 7567 12369 4012 4911 8167 10578 2284
leaf_count=932 940 3874 24159 220 3539 3296 1524 45931 6142 1307 5586 1721 7622 942 1016 6744 996 13238 3059 13974 19204 1792 5523 608 814 8061 4528 155 4985 12965 6598 531 4111 15203 1814 9577 2353 517 8177 32122 6489 439 2388 1476 280 10037 5007 370 6446 396 2645 3170 5498 3953 617 7567 12369 4012 4911 8167 10578 2284
internal_value=-0.00677582 -0.0110981 -0.00159965 -0.0092228 -0.0148955 -0.00432848 -0.00776076 -0.000338612 -0.0168205 -0.0108048 -0.00880436 -0.00642919 -0.00569172 -0.00978694 -0.0126299 -0.00605479 -0.0091758 -0.00150018 -0.0118518 -0.0178745 -0.00932308 -0.00470587 -0.0122606 -0.00730698 -0.0100951 -0.0102285 -0.0020427 -0.00748494 -0.0124699 -0.00236538 -0.0148207 -0.0121449 -0.0184348 -0.00972493 -0.0126483 -0.0124774 -0.00332659 -0.00431304 -0.00662602 0.000285306 -0.00371454 -0.0151286 -0.00718115 -0.00630291 -0.0130175 -0.0104411 -0.0129509 -0.0189207 -0.0117851 -0.0141183 -0.00843651 -0.00894113 -0.0094902 -0.0082376 -0.00870239 -0.00529331 -0.0131512 -0.0124868 -0.0140019 -0.00775556 -0.00769885 -0.0113256
internal_weight=385499 210077 175422 140629 69448 55444 73085 119978 37477 67544 40973 32112 32697 34249 31971 29401 37099 41925 33295 24597 36103 10883 28432 21229 31466 30652 28687 20621 23038 22747 12880 19979 18455 23264 14994 26799 9782 7261 22140 78053 8842 11948 14518 2783 13180 10257 18992 14344 7388 5403 16899 11313 8668 6341 1633 9359 12900 13589 5350 18900 18745 7807
internal_count=385499 210077 175422 140629 69448 55444 73085 119978 37477 67544 40973 32112 32697 34249 31971 29401 37099 41925 33295 24597 36103 10883 28432 21229 31466 30652 28687 20621 23038 22747 12880 19979 18455 23264 14994 26799 9782 7261 22140 78053 8842 11948 14518 2783 13180 10257 18992 14344 7388 5403 16899 11313 8668 6341 1633 9359 12900 13589 5350 18900 18745 7807
cat_boundaries=0 1 2 3 4 5 6 7 8 9 10 11 12 13
cat_threshold=131105 550986 555338 72088 548744 548930 32801 551754 2056 37760 40740 544776 262164
is_linear=0
shrinkage=0.03


Tree=122
num_leaves=63
num_cat=17
split_feature=6 6 6 6 6 24 23 6 24 12 24 6 22 24 24 17 13 18 22 6 6 10 13 18 24 18 12 25 24 24 25 17 22 10 17 13 22 18 10 24 13 18 11 18 12 24 24 24 18 18 18 18 17 21 22 18 21 24 13 24 24 21
split_gain=10168.3 1672.06 803.866 293.845 290.864 135.18 82.1855 74.771 65.2123 59.161 46.354 37.598 33.9486 30.5973 27.3177 24.2696 32.6365 23.2554 23.203 21.6497 20.2252 19.3973 18.3895 22.3758 17.7611 17.129 16.6835 15.4535 16.0204 13.5298 33.123 16.8322 12.8964 12.6957 12.5985 23.8557 16.3148 14.0439 12.1904 11.6161 14.0519 10.9625 10.9267 10.8588 10.1917 10.1508 10.0639 10.0341 9.83104 9.76815 9.4514 14.4848 9.149 9.07699 8.64199 8.39332 8.37515 8.29973 8.27276 8.16258 8.04584 8.03974
threshold=1.5892856717109682 0.73214286565780651 2.553571462631226 0.44642856717109686 1.053571403026581 0 2.5000000000000004 3.553571462631226 1 1.3750000000000002 2 1.9821428656578066 1.0000000180025095e-35 3 4 2.5000000000000004 2.120000004768372 5.5000000000000009 1.0000000180025095e-35 5.1250000000000009 2.0178571939468388 2.8413627147674565 3.2350000143051152 5.5000000000000009 5 11.500000000000002 0.62500000000000011 6 7 8 9 3.5000000000000004 1.0000000180025095e-35 1.1755914092063906 3.5000000000000004 7.0650000572204599 1.0000000180025095e-35 5.5000000000000009 0.48377145826816564 10 10.275000095367433 6.5000000000000009 0.19642857462167743 6.5000000000000009 2.8750000000000004 11 12 13 2.5000000000000004 4.5000000000000009 10.500000000000002 8.5000000000000018 4.5000000000000009 5.5000000000000009 1.0000000180025095e-35 5.5000000000000009 30.500000000000004 14 9.7500000000000018 15 16 8.5000000000000018
decision_type=2 2 2 2 2 1 2 2 1 2 1 2 2 1 1 2 2 2 2 2 2 2 2 2 1 2 2 1 1 1 1 2 2 2 2 2 2 2 2 1 2 2 2 2 2 1 1 1 2 2 2 2 2 2 2 2 2 1 2 1 1 2
left_child=1 3 5 14 12 20 9 21 34 10 26 18 13 41 15 56 -17 -12 29 -9 45 47 -15 -24 -11 39 46 58 -29 -7 31 -31 38 50 35 37 61 -5 -16 40 55 53 -23 52 -26 -2 -6 -4 -13 -32 51 -25 -28 -3 -41 -10 -1 -51 -19 -27 -14 -37
right_child=2 4 7 8 6 11 -8 19 25 24 17 48 60 22 32 16 -18 27 -20 -21 -22 42 23 33 44 59 43 28 -30 30 49 -33 -34 -35 -36 36 -38 -39 -40 54 -42 -43 -44 -45 -46 -47 -48 -49 -50 57 -52 -53 -54 -55 -56 -57 -58 -59 -60 -61 -62 -63
leaf_value=0 0 0 0 0 0 0 0 -0.00026708651186505033 0 0 0 0 0 0 0 0 0 0 0 0.00075906213494486563 0 -0.00011163619793393862 0 0 0 0 0 0 0 0 0 0 0 0 0 0 0 0 0 0 0 0 1.7236843630599632e-05 0 0 0 0 0 0 0 0 0 0 0 0 0 0 0 0 0 0 0
leaf_weight=8764 1311 678 8479 2067 4600 7008 1470 48913 3619 12862 7490 960 473 2595 936 2735 9215 3634 620 28092 16744 8463 11555 8411 15845 812 5752 5553 2805 5066 3102 3761 107 9141 7466 1249 144 3027 3303 7156 1648 10233 3810 8033 1611 5319 3227 23558 13032 561 4760 7154 2693 3429 202 8817 235 3942 389 2168 1121 3554
leaf_count=8764 1311 678 8479 2067 4600 7008 1470 48913 3619 12862 7490 960 473 2595 936 2735 9215 3634 620 28092 16744 8463 11555 8411 15845 812 5752 5553 2805 5066 3102 3761 107 9141 7466 1249 144 3027 3303 7156 1648 10233 3810 8033 1611 5319 3227 23558 13032 561 4760 7154 2693 3429 202 8817 235 3942 389 2168 1121 3554
internal_value=-0.00677259 -0.0113985 -0.0016405 -0.0152667 -0.0094796 -0.00443675 -0.00824901 -0.000224663 -0.0137261 -0.00838763 -0.00908801 -0.00554001 -0.0110494 -0.0111682 -0.0178203 -0.0183102 -0.019205 -0.00798838 -0.0062606 0.000340303 -0.00263719 -0.0012065 -0.0115771 -0.0114248 -0.00736711 -0.0126864 -0.00997964 -0.00879065 -0.00955139 -0.00641212 -0.00689296 -0.00561944 -0.0153815 -0.0118636 -0.0151606 -0.0144754 -0.0129915 -0.0159164 -0.0156766 -0.0129878 -0.013556 -0.00990941 -0.000192373 -0.00944204 -0.00671831 -0.00404072 -0.0111242 -0.001595 -0.00430489 -0.00836179 -0.0122812 -0.0126389 -0.00869094 -0.00860701 -0.0118656 -0.0132206 -0.0171422 -0.00926516 -0.00716861 -0.0105604 -0.00673024 -0.0132898
internal_weight=385479 202738 182741 67224 135514 61426 75964 121315 41929 74494 44176 38052 59550 57956 25295 20949 11950 19871 24060 77005 23374 44310 43616 41021 30318 24422 24305 12381 8358 23440 16432 8827 4346 29466 17507 10041 4947 5094 4239 21442 14084 14340 12273 16478 17456 6630 7827 32037 13992 7605 20325 15565 8445 4107 7358 12436 8999 4503 4023 2980 1594 4803
internal_count=385479 202738 182741 67224 135514 61426 75964 121315 41929 74494 44176 38052 59550 57956 25295 20949 11950 19871 24060 77005 23374 44310 43616 41021 30318 24422 24305 12381 8358 23440 16432 8827 4346 29466 17507 10041 4947 5094 4239 21442 14084 14340 12273 16478 17456 6630 7827 32037 13992 7605 20325 15565 8445 4107 7358 12436 8999 4503 4023 2980 1594 4803
cat_boundaries=0 1 2 3 4 5 6 7 8 9 10 11 12 13 14 15 16 17
cat_threshold=550986 131105 491697 72072 131105 265765 1 1796 4353 1 295044 548864 360576 18946 98304 1284 5892
is_linear=0
shrinkage=0.03


Tree=123
num_leaves=63
num_cat=17
split_feature=7 7 7 7 7 23 7 24 7 18 7 19 10 17 24 22 25 24 18 10 6 22 24 17 24 19 21 25 24 19 6 17 22 19 24 24 17 24 24 19 17 21 21 18 24 19 24 19 7 21 24 19 21 7 7 21 17 24 24 19 17 19
split_gain=10407.4 2026.01 480.786 402.35 335.647 105.686 66.0776 62.9219 42.1618 40.7049 37.5787 32.5773 32.3293 26.9969 31.7545 25.6016 24.3205 29.2233 22.9925 20.9399 20.4779 19.3003 18.9009 22.4363 18.6841 17.5174 16.9742 16.7129 19.5015 15.9535 15.5668 15.3326 15.0413 14.0888 13.1928 12.8182 11.4278 11.1605 10.9857 16.4808 11.4248 11.0811 10.9085 10.762 10.7519 10.7303 12.0254 10.7055 10.3187 9.86886 9.86735 16.8252 9.62815 10.7941 9.58267 9.55289 9.42203 9.29556 9.21353 12.4711 11.5883 9.18251
threshold=1.7589285969734194 0.81250000000000011 2.866071462631226 0.49107143282890325 1.1339285969734194 2.5000000000000004 2.1696429252624516 0 3.6517857313156132 6.5000000000000009 1.3839285969734194 47.500000000000007 2.8413627147674565 3.5000000000000004 1 1.0000000180025095e-35 2 3 5.5000000000000009 1.2634480595588686 0.48214285075664526 1.0000000180025095e-35 4 3.5000000000000004 5 22.500000000000004 26.500000000000004 6 7 45.500000000000007 5.1250000000000009 1.0000000180025095e-35 1.0000000180025095e-35 10.500000000000002 8 9 1.0000000180025095e-35 10 11 6.5000000000000009 1.0000000180025095e-35 10.500000000000002 23.500000000000004 5.5000000000000009 12 28.500000000000004 13 40.500000000000007 0.63392856717109691 15.500000000000002 14 51.500000000000007 20.500000000000004 0.7053571641445161 0.99107143282890331 19.500000000000004 3.5000000000000004 15 16 2.5000000000000004 1.0000000180025095e-35 27.500000000000004
decision_type=2 2 2 2 2 2 2 1 2 2 2 2 2 2 1 2 1 1 2 2 2 2 1 2 1 2 2 1 1 2 2 2 2 2 1 1 2 1 1 2 2 2 2 2 1 2 1 2 2 2 1 2 2 2 2 2 2 1 1 2 2 2
left_child=1 3 6 13 9 10 35 18 -4 24 22 26 34 20 -15 19 33 45 52 29 32 -16 23 -6 -3 44 38 47 -29 37 -10 -28 -1 -12 -8 -2 57 -11 39 41 -41 -9 -21 -19 49 -18 -47 -27 -20 -24 -13 -52 53 -5 58 -39 -50 -37 59 -26 -60 -30
right_child=2 4 8 7 5 -7 12 11 30 15 16 50 -14 14 21 -17 17 43 48 42 -22 -23 25 -25 54 27 31 28 61 -31 -32 -33 -34 -35 -36 36 -38 55 -40 40 -42 -43 -44 -45 -46 46 -48 -49 56 -51 51 -53 -54 -55 -56 -57 -58 -59 60 -61 -62 -63
leaf_value=0 0 0 0 0 0 -1.8577628215489385e-10 0 0 0.00171261642490681 0 0 0 2.3322357579672289e-06 0 0 0 0 0 0 0 0 0 0 0 0 0 0 0 0 0 0.00073629027089651801 0 0 0 0 0 0 0 0 0 0 0 0 0 0 0 0 0 0 0 0 0 0 0 0 0 0 0 0 0 0 0
leaf_weight=12613 3311 2275 31380 3044 1077 1583 8013 344 47014 5183 2538 2275 3625 6026 5312 1018 3645 9115 7524 7792 2226 127 2870 785 900 2848 450 7681 3470 6280 27935 2949 374 12713 27107 651 16014 10240 9003 1692 10182 381 2570 8822 8853 2679 749 2857 2539 3081 1911 259 2282 1008 9703 5529 1924 1988 1066 3417 6234 6155
leaf_count=12613 3311 2275 31380 3044 1077 1583 8013 344 47014 5183 2538 2275 3625 6026 5312 1018 3645 9115 7524 7792 2226 127 2870 785 900 2848 450 7681 3470 6280 27935 2949 374 12713 27107 651 16014 10240 9003 1692 10182 381 2570 8822 8853 2679 749 2857 2539 3081 1911 259 2282 1008 9703 5529 1924 1988 1066 3417 6234 6155
internal_value=-0.00677838 -0.0110931 -0.00114283 -0.01511 -0.00901248 -0.00774607 -0.00327288 -0.0134618 7.33291e-05 -0.0106721 -0.00789807 -0.0125703 -0.00252768 -0.0180612 -0.0191605 -0.011272 -0.00725235 -0.00783813 -0.0148795 -0.0113991 -0.0172327 -0.0172661 -0.00855329 -0.0116154 -0.0096904 -0.00839722 -0.0129954 -0.00891734 -0.00939778 -0.0118359 0.000459873 -0.0110247 -0.0176884 -0.00628248 -0.00280609 -0.00458742 -0.00427214 -0.0122334 -0.0133054 -0.0139593 -0.0142385 -0.00957931 -0.0102513 -0.00849384 -0.00759443 -0.00616561 -0.00737923 -0.00743045 -0.0156602 -0.00654202 -0.0102081 -0.0117661 -0.0134256 -0.0125479 -0.009391 -0.012674 -0.0145174 -0.00244524 -0.00997667 -0.00873792 -0.0106826 -0.0103358
internal_weight=385211 218173 167038 74445 143728 81521 60709 47767 106329 62207 79938 29446 38745 26678 11465 38612 40261 25010 18321 37594 15213 5439 39677 1862 23595 37815 25001 23011 17306 27232 74949 3399 12987 15251 35120 21964 18653 20952 21602 12599 11874 725 10362 17937 14804 7073 3428 5705 11987 5951 4445 2170 6334 4052 21320 15769 4463 2639 11617 4317 7300 9625
internal_count=385211 218173 167038 74445 143728 81521 60709 47767 106329 62207 79938 29446 38745 26678 11465 38612 40261 25010 18321 37594 15213 5439 39677 1862 23595 37815 25001 23011 17306 27232 74949 3399 12987 15251 35120 21964 18653 20952 21602 12599 11874 725 10362 17937 14804 7073 3428 5705 11987 5951 4445 2170 6334 4052 21320 15769 4463 2639 11617 4317 7300 9625
cat_boundaries=0 1 2 3 4 5 6 7 8 9 10 11 12 13 14 15 16 17
cat_threshold=32801 131073 1 4361 33 131104 1 6288 104064 132117 104704 262276 6916 4104 66948 65856 67456
is_linear=0
shrinkage=0.03


Tree=124
num_leaves=63
num_cat=16
split_feature=6 6 6 6 6 24 6 15 23 15 24 15 24 12 22 24 6 24 12 15 12 24 24 6 6 17 27 17 22 15 6 6 24 12 18 24 18 14 24 18 24 14 22 18 12 13 6 18 27 17 24 24 17 15 18 13 17 24 18 17 18 18
split_gain=10132 1675.55 831.157 294.863 272.816 131.68 82.6384 78.5113 73.2327 57.1086 54.5641 53.3745 50.5576 47.5721 43.6469 33.5557 30.5342 24.0851 23.8752 22.3355 21.8579 25.3187 23.1209 20.8661 20.6878 20.0696 32.5696 24.9688 19.1171 16.749 15.3458 14.3247 14.3062 14.0844 13.9565 13.7256 13.4751 12.8225 12.784 12.6325 11.5132 11.013 10.9654 10.4409 10.3659 10.0664 10.0328 9.81041 10.7355 9.71132 17.708 9.524 9.47862 9.17621 9.11901 9.47214 10.1024 8.98864 8.79911 9.11555 8.69713 8.67548
threshold=1.5892856717109682 0.73214286565780651 2.553571462631226 1.0892856717109682 0.48214285075664526 0 3.553571462631226 0.91289180517196666 2.5000000000000004 0.9293062984943391 1 0.83881488442420971 2 0.62500000000000011 1.0000000180025095e-35 3 1.9464285969734194 4 0.62500000000000011 0.84593328833580028 1.6250000000000002 5 6 5.1250000000000009 2.0178571939468388 2.5000000000000004 7 5.5000000000000009 1.0000000180025095e-35 0.80553331971168529 0.94642856717109691 0.30357143282890325 8 1.6250000000000002 4.5000000000000009 9 11.500000000000002 1.0406901836395266 10 5.5000000000000009 11 1.0516129136085512 1.0000000180025095e-35 6.5000000000000009 0.37500000000000006 3.2350000143051152 1.9464285969734194 5.5000000000000009 12 3.5000000000000004 13 14 1.0000000180025095e-35 0.9991869628429414 6.5000000000000009 6.2400000095367441 5.5000000000000009 15 7.5000000000000009 3.5000000000000004 6.5000000000000009 5.5000000000000009
decision_type=2 2 2 2 2 1 2 2 2 2 1 2 1 2 2 1 2 1 2 2 2 1 1 2 2 2 1 2 2 2 2 2 1 2 2 1 2 2 1 2 1 2 2 2 2 2 2 2 1 2 1 1 2 2 2 2 2 1 2 2 2 2
left_child=1 4 5 11 10 24 32 -5 13 46 25 57 29 17 15 33 28 -9 45 37 22 -22 39 -8 38 41 31 -28 34 -6 51 43 -4 54 -11 -36 40 -14 52 -15 58 42 -1 -27 -38 -17 -7 -47 -49 50 -37 -20 -2 -34 -13 -56 -57 -3 59 -21 -32 -31
right_child=2 3 6 7 12 9 23 8 -10 16 -12 14 19 20 -16 18 -18 -19 30 36 21 -23 -24 -25 -26 26 27 -29 -30 61 60 -33 53 -35 35 49 44 -39 -40 -41 -42 -43 -44 -45 -46 47 -48 48 -50 -51 -52 -53 -54 -55 55 56 -58 -59 -60 -61 -62 -63
leaf_value=0 0 0 0 0 0 0 1.9828518227860171e-05 0 0 0 0 0 0 0 0 0 0 0 0 0 0 0 0 0.00071420156276962292 0 0 0 0 0 0 0 0 0.014422208262115906 0 0 0 0 0 0 0 0 0 0 0 0 0 1.4069730394584559e-06 0 0 0 0 0 0 0 0 0 0 0 0 0 0 0
leaf_weight=9296 718 1842 8493 6994 646 2179 49138 2390 1256 6572 3550 3861 1324 4587 1642 940 14349 7828 8332 3307 7725 10773 19147 28013 16604 421 3845 1304 543 4461 5170 6593 3421 1564 3721 978 885 424 1511 8639 6440 1519 286 2479 2066 4165 1409 6074 4819 4068 4490 9489 4465 32488 3180 4325 801 2171 8238 2562 7689 7354
leaf_count=9296 718 1842 8493 6994 646 2179 49138 2390 1256 6572 3550 3861 1324 4587 1642 940 14349 7828 8332 3307 7725 10773 19147 28013 16604 421 3845 1304 543 4461 5170 6593 3421 1564 3721 978 885 424 1511 8639 6440 1519 286 2479 2066 4165 1409 6074 4819 4068 4490 9489 4465 32488 3180 4325 801 2171 8238 2562 7689 7354
internal_value=-0.00676836 -0.0113946 -0.00165609 -0.00947454 -0.0152749 -0.00449476 -0.000217362 -0.00810803 -0.00844615 -0.00557668 -0.0174469 -0.0109088 -0.0135876 -0.00859358 -0.0111256 -0.0112568 -0.00595049 -0.0104615 -0.0116524 -0.012778 -0.00821838 -0.00739572 -0.00868844 0.000376055 -0.0027122 -0.0179451 -0.0186815 -0.0206026 -0.00669713 -0.0152054 -0.0111649 -0.0176394 -0.00124846 -0.00989644 -0.00684921 -0.00740959 -0.0130265 -0.00951144 -0.0041213 -0.0076845 -0.0132987 -0.0169901 -0.0173663 -0.0193966 -0.0111308 -0.0125944 -0.00197492 -0.0124064 -0.0128799 -0.00802766 -0.00721031 -0.0117349 -0.00482784 -0.000985634 -0.0102481 -0.0108081 -0.0100101 -0.00755569 -0.0138414 -0.0129635 -0.0103751 -0.0154748
internal_weight=385563 202403 183160 135403 67000 61607 121553 69339 62345 38309 29293 66064 37707 61089 62051 60409 34721 10218 46678 25246 50871 18498 32373 77151 23298 25743 14642 5149 20372 12461 30680 9493 44402 13731 19829 13257 23498 1748 6694 13226 20547 11101 9582 2900 2951 15998 3588 15058 10893 9536 5468 17821 5183 35909 12167 8306 5126 4013 14107 5869 12859 11815
internal_count=385563 202403 183160 135403 67000 61607 121553 69339 62345 38309 29293 66064 37707 61089 62051 60409 34721 10218 46678 25246 50871 18498 32373 77151 23298 25743 14642 5149 20372 12461 30680 9493 44402 13731 19829 13257 23498 1748 6694 13226 20547 11101 9582 2900 2951 15998 3588 15058 10893 9536 5468 17821 5183 35909 12167 8306 5126 4013 14107 5869 12859 11815
cat_boundaries=0 1 2 3 4 5 6 7 8 9 10 11 12 13 14 15 16
cat_threshold=550986 131109 33 71816 131121 265765 548616 1 103560 4352 2056 426116 1 262164 263204 366088
is_linear=0
shrinkage=0.03


Tree=125
num_leaves=63
num_cat=6
split_feature=5 11 5 5 11 12 11 12 5 13 13 12 9 13 11 12 17 19 12 25 27 17 12 19 11 19 13 12 19 9 13 11 11 14 12 17 27 9 13 12 26 13 12 11 27 19 19 19 9 19 17 19 11 14 9 13 14 14 5 12 25 12
split_gain=9602.01 1644.39 683.31 362.781 222.689 107.612 94.193 92.9495 87.8942 66.4532 62.6744 38.1026 34.446 32.804 30.4462 28.054 26.2605 25.146 22.3315 21.9763 21.4349 21.1744 20.5174 20.0141 19.8684 18.6098 18.4078 18.3569 17.7515 17.2782 15.7326 13.6303 11.7639 11.382 10.9244 10.8302 10.8206 10.5327 10.4436 12.4328 10.1163 10.0835 9.55598 9.51405 9.45708 9.33319 9.11785 9.10221 8.89041 8.68274 8.37738 10.8476 8.35566 8.18952 8.14431 7.91163 8.79088 7.83917 11.9356 7.74212 7.72907 7.3783
threshold=1.6785714626312258 0.55357143282890331 2.5357142686843877 1.1071428656578066 0.66071426868438732 1.6250000000000002 0.26785714924335485 1.3750000000000002 3.4642857313156132 3.2849999666213994 3.2350000143051152 2.3750000000000004 1.0313942432403567 11.329999923706056 0.41071428358554846 0.62500000000000011 2.5000000000000004 28.500000000000004 2.6250000000000004 0 1 5.5000000000000009 2.6250000000000004 22.500000000000004 0.44642856717109686 22.500000000000004 7.4249999523162851 5.3750000000000009 21.500000000000004 0.49743582308292394 4.6250000000000009 0.41071428358554846 0.19642857462167743 1.000000059604645 3.1250000000000004 1.0000000180025095e-35 2 1.3590160608291628 4.6250000000000009 0.87500000000000011 3 3.9050000905990605 0.62500000000000011 0.37500000000000006 4 45.500000000000007 45.500000000000007 18.500000000000004 1.9305517077445986 19.500000000000004 4.5000000000000009 34.500000000000007 0.26785714924335485 0.99999997019767772 3.4289424419403081 3.8449999094009404 1.000000059604645 1.000000059604645 0.53571429848670971 0.62500000000000011 5 0.37500000000000006
decision_type=2 2 2 2 2 2 2 2 2 2 2 2 2 2 2 2 2 2 2 1 1 2 2 2 2 2 2 2 2 2 2 2 2 2 2 2 1 2 2 2 1 2 2 2 1 2 2 2 2 2 2 2 2 2 2 2 2 2 2 2 1 2
left_child=1 3 6 7 10 14 11 9 34 -1 28 32 26 17 19 36 -15 42 38 37 -21 -18 52 31 41 -16 -12 49 -3 -19 47 -17 -2 -14 54 61 -11 40 39 -8 -5 -9 -6 48 50 -37 -46 -22 -40 -10 51 -25 -7 -44 -4 -31 -57 58 -38 -27 -48 -28
right_child=2 4 8 5 13 22 18 24 27 15 12 -13 33 16 25 23 21 29 -20 20 30 -23 -24 44 -26 59 35 -29 -30 55 -32 -33 -34 -35 -36 45 57 -39 43 -41 -42 -43 53 -45 46 -47 60 -49 -50 -51 -52 -53 -54 -55 -56 56 -58 -59 -60 -61 -62 -63
leaf_value=0 0 0 0 0 0 0 0 0 0.0018427284850853936 0 0 0 0 0 0 0 0 0 0 0 0 0 0 0 0 0 0 0.00060825888139034773 0 0 0 0 0 0 0 0 0 0 0 0 0 0 0 0 0 0 0 0 0 -0.0004101762153100789 0 0 0 0 8.6334430646576759e-06 0 0 0 0 0 0 0
leaf_weight=4298 10109 2357 22271 1219 3856 4527 867 510 18302 2360 6621 14260 2807 3269 4927 4082 3278 6452 3441 4918 1911 1088 5575 793 6038 3054 540 26569 4331 3685 13050 5884 10927 5388 16957 7702 662 4727 6058 2600 5038 9910 244 1980 16251 2089 722 3084 5155 34705 1028 1493 13031 998 1113 1913 3132 15035 6145 5408 3521 1100
leaf_count=4298 10109 2357 22271 1219 3856 4527 867 510 18302 2360 6621 14260 2807 3269 4927 4082 3278 6452 3441 4918 1911 1088 5575 793 6038 3054 540 26569 4331 3685 13050 5884 10927 5388 16957 7702 662 4727 6058 2600 5038 9910 244 1980 16251 2089 722 3084 5155 34705 1028 1493 13031 998 1113 1913 3132 15035 6145 5408 3521 1100
internal_value=-0.00677175 -0.011098 -0.00158828 -0.00940287 -0.0152544 -0.00783923 -0.0043439 -0.0108024 -0.000315293 -0.0113323 -0.0135836 -0.00341036 -0.012923 -0.0172257 -0.00865878 -0.0110655 -0.0189018 -0.0165947 -0.00598313 -0.00818096 -0.00872159 -0.0204242 -0.00616224 -0.0105068 -0.0087973 -0.00987027 -0.0136552 0.000262994 -0.0161761 -0.0172068 -0.00824688 -0.00937809 -0.00422191 -0.0113099 -0.00145601 -0.0143843 -0.0118451 -0.00703638 -0.00643757 -0.0079028 -0.00785025 -0.00800384 -0.0147717 -0.00605253 -0.0109793 -0.0147622 -0.0112198 -0.00967868 -0.00571399 -5.95958e-05 -0.00949246 -0.0105039 -0.00666568 -0.0124831 -0.00187641 -0.0163368 -0.0155649 -0.0120536 -0.0112089 -0.0107237 -0.00998138 -0.012128
internal_weight=385365 210051 175314 149201 60850 70469 55397 78732 119917 62274 32935 35296 26247 27915 47336 57976 7635 20280 20101 33947 22963 4366 23133 33774 16458 13389 18052 79576 6688 15182 18045 9966 21036 8195 40341 11431 24202 10984 16660 3467 6257 10420 5098 13193 23808 9791 20494 4995 11213 53007 3314 2286 17558 1242 23384 8730 5045 21842 6807 8462 4243 1640
internal_count=385365 210051 175314 149201 60850 70469 55397 78732 119917 62274 32935 35296 26247 27915 47336 57976 7635 20280 20101 33947 22963 4366 23133 33774 16458 13389 18052 79576 6688 15182 18045 9966 21036 8195 40341 11431 24202 10984 16660 3467 6257 10420 5098 13193 23808 9791 20494 4995 11213 53007 3314 2286 17558 1242 23384 8730 5045 21842 6807 8462 4243 1640
cat_boundaries=0 1 2 3 4 5 6
cat_threshold=1 4 2 1 2 1
is_linear=0
shrinkage=0.03


Tree=126
num_leaves=63
num_cat=13
split_feature=6 6 6 6 6 24 15 6 24 15 15 6 6 24 24 24 18 13 13 6 15 15 6 19 19 19 24 24 24 24 24 18 13 24 19 14 19 15 15 19 24 6 24 19 21 14 5 13 19 13 15 15 21 21 18 6 19 21 15 21 21 19
split_gain=10151 1711.9 766.203 305.043 286.858 125.916 75.907 69.3949 59.2524 55.2008 47.5168 39.3708 29.8218 26.4454 26.3648 26.0634 24.956 22.9743 19.6029 19.3367 19.3085 17.9694 17.7988 17.7676 15.969 14.3975 17.0252 13.4911 12.1481 11.0185 10.9336 10.8181 14.8483 10.7611 13.4197 10.444 9.52429 9.27525 9.11582 8.98941 9.66953 8.89549 8.65096 8.46397 8.40591 7.91969 7.90331 7.90041 11.0868 7.83291 11.614 7.80507 7.67887 11.118 7.64563 7.62427 7.28092 8.77707 7.20774 6.94603 7.58393 6.83649
threshold=1.6250000000000002 0.73214286565780651 2.553571462631226 1.053571403026581 0.44642856717109686 0 0.91289180517196666 3.553571462631226 1 0.8933892846107484 0.79698431491851818 1.2321428656578066 1.9821428656578066 2 3 4 5.5000000000000009 3.5399999618530278 2.120000004768372 5.1250000000000009 0.84593328833580028 0.80553331971168529 2.0178571939468388 47.500000000000007 45.500000000000007 18.500000000000004 5 6 7 8 9 5.5000000000000009 7.0650000572204599 10 25.500000000000004 1.0260725021362307 10.500000000000002 0.9991869628429414 0.72387105226516735 31.500000000000004 11 0.30357143282890325 12 2.5000000000000004 25.500000000000004 1.027983605861664 3.4642857313156132 3.2350000143051152 33.500000000000007 9.7500000000000018 1.0299508571624758 0.86914184689521801 1.5000000000000002 15.500000000000002 1.5000000000000002 1.9821428656578066 23.500000000000004 18.500000000000004 0.8933892846107484 20.500000000000004 4.5000000000000009 27.500000000000004
decision_type=2 2 2 2 2 1 2 2 1 2 2 2 2 1 1 1 2 2 2 2 2 2 2 2 2 2 1 1 1 1 1 2 2 1 2 2 2 2 2 2 1 2 1 2 2 2 2 2 2 2 2 2 2 2 2 2 2 2 2 2 2 2
left_child=1 4 5 10 15 22 38 27 21 55 29 28 25 52 54 18 17 59 61 -9 -10 -6 30 33 47 42 -27 -4 -8 -3 51 -23 -33 34 -22 -31 -14 -29 -5 -28 -41 -17 -11 -35 -34 -16 -39 -18 -49 50 -36 -2 -12 -54 -13 -7 -30 -58 -24 60 -15 -1
right_child=2 3 7 6 8 9 11 19 20 12 13 14 36 16 45 41 24 -19 -20 -21 23 31 58 -25 -26 26 39 37 56 35 -32 32 44 43 49 -37 -38 46 -40 40 -42 -43 -44 -45 -46 -47 -48 48 -50 -51 -52 -53 53 -55 -56 -57 57 -59 -60 -61 -62 -63
leaf_value=0 -3.8945858001883554e-08 0 0 0 0 0 0 4.7151841897142119e-05 0 0 0 0 0 0 0 0 0 0 0 0.00063749366133397428 0 0 -0.0006644386462863473 0 0 0 0 0.015201851454110476 0 0 0 0 0 0 0 0 0 0 0 0 0 0 0 0 0 0 -4.4245823235851261e-05 0 0 0 0 0 0 0 0 1.8330623520958791e-06 0 0 0 0 0 0
leaf_weight=1985 328 930 8420 1210 928 1823 13394 48906 1563 1185 242 1084 1238 202 18486 1129 736 12766 16066 28001 4142 5664 1860 3195 7365 3659 5168 3443 4972 1012 1498 5065 4831 186 4898 734 11618 24226 6608 1980 1490 3214 5875 6457 1012 9123 8142 11680 14974 2943 892 4572 3407 3684 16653 1204 4194 3234 14728 769 1048 2818
leaf_count=1985 328 930 8420 1210 928 1823 13394 48906 1563 1185 242 1084 1238 202 18486 1129 736 12766 16066 28001 4142 5664 1860 3195 7365 3659 5168 3443 4972 1012 1498 5065 4831 186 4898 734 11618 24226 6608 1980 1490 3214 5875 6457 1012 9123 8142 11680 14974 2943 892 4572 3407 3684 16653 1204 4194 3234 14728 769 1048 2818
internal_value=-0.00675006 -0.011302 -0.00153502 -0.00939771 -0.0152392 -0.00436321 -0.00817505 -0.000175634 -0.0137141 -0.00549021 -0.0110189 -0.00848341 -0.00585574 -0.0112027 -0.00795113 -0.0177663 -0.0114605 -0.0104305 -0.0182481 0.0003689 -0.0127152 -0.015084 -0.00263185 -0.0129424 -0.011902 -0.00659963 -0.00721957 -0.00112245 -0.00941917 -0.00711211 -0.00397718 -0.0153201 -0.0158724 -0.0132819 -0.0138591 -0.00853189 -0.00473569 -0.000867564 -0.00536915 -0.0079586 -0.00678674 -0.0153735 -0.00551983 -0.012124 -0.0148419 -0.00735266 -0.00102527 -0.0122355 -0.0121508 -0.0145369 -0.0138964 -0.00466191 -0.00943225 -0.00962445 -0.00887356 -0.00161843 -0.010141 -0.0107439 -0.00211454 -0.0134042 -0.012024 -0.0165753
internal_weight=384859 205495 179364 138507 66988 58226 78958 121138 41776 35240 59549 71140 32213 56873 45346 25212 49540 14785 20869 76907 24276 17500 22986 22713 34755 19357 12297 44231 25794 2676 6398 16572 10908 19518 12875 1746 12856 35811 7818 8638 3470 4343 7060 6643 5843 27609 32368 27390 26654 8733 5790 4900 7333 7091 17737 3027 12400 7428 16588 2019 1250 4803
internal_count=384859 205495 179364 138507 66988 58226 78958 121138 41776 35240 59549 71140 32213 56873 45346 25212 49540 14785 20869 76907 24276 17500 22986 22713 34755 19357 12297 44231 25794 2676 6398 16572 10908 19518 12875 1746 12856 35811 7818 8638 3470 4343 7060 6643 5843 27609 32368 27390 26654 8733 5790 4900 7333 7091 17737 3027 12400 7428 16588 2019 1250 4803
cat_boundaries=0 1 2 3 4 5 6 7 8 9 10 11 12 13
cat_threshold=550986 131105 71688 491569 131105 4352 103560 72092 201352 2056 295044 33408 131088
is_linear=0
shrinkage=0.03


Tree=127
num_leaves=63
num_cat=2
split_feature=7 7 7 7 7 23 7 12 12 19 7 12 19 10 7 19 22 19 19 7 12 19 22 13 12 13 7 13 10 7 27 19 13 19 19 13 12 19 12 21 13 21 13 13 21 13 19 19 23 21 12 19 22 13 13 22 21 12 12 21 21 27
split_gain=10409.8 1967.01 504.351 396.436 329.758 104.757 81.215 64.4242 44.0815 38.5871 35.8163 34.197 32.7557 29.5485 25.5988 25.1986 24.0403 23.5503 21.1039 20.2687 17.8625 17.0941 16.6437 16.6096 15.1937 14.1307 13.5875 12.7615 12.5366 12.1978 12.4074 11.8007 11.053 14.8563 15.3984 11.4004 10.745 10.5949 9.73451 12.5639 11.5153 9.56278 9.36743 9.29765 9.50573 9.33699 9.0226 8.9971 8.6157 8.38516 8.37447 8.24698 8.23095 7.8105 7.70011 9.653 11.0409 10.6488 10.2166 7.54907 7.44075 7.2757
threshold=1.741071403026581 0.81250000000000011 2.866071462631226 0.50892856717109691 1.1339285969734194 2.5000000000000004 2.2053570747375493 0.62500000000000011 1.6250000000000002 47.500000000000007 4.7767856121063241 2.6250000000000004 20.500000000000004 2.8413627147674565 0.66964283585548412 17.500000000000004 1.0000000180025095e-35 6.5000000000000009 42.500000000000007 0.33035713434219366 2.3750000000000004 43.500000000000007 1.0000000180025095e-35 10.444999694824221 1.6250000000000002 3.5399999618530278 3.5089285373687749 2.4250000715255742 0.89177924394607555 1.4732142686843874 0 25.500000000000004 2.4250000715255742 24.500000000000004 45.500000000000007 10.204999923706056 1.8750000000000002 24.500000000000004 0.62500000000000011 23.500000000000004 10.370000362396242 13.500000000000002 11.230000019073488 10.045000076293947 13.500000000000002 9.9049997329711932 51.500000000000007 51.500000000000007 2.5000000000000004 26.500000000000004 1.3750000000000002 23.500000000000004 1.0000000180025095e-35 11.670000076293947 8.4549999237060565 1.0000000180025095e-35 19.500000000000004 1.1250000000000002 0.87500000000000011 9.5000000000000018 1.5000000000000002 1
decision_type=2 2 2 2 2 2 2 2 2 2 2 2 2 2 2 2 2 2 2 2 2 2 2 2 2 2 2 2 2 2 1 2 2 2 2 2 2 2 2 2 2 2 2 2 2 2 2 2 2 2 2 2 2 2 2 2 2 2 2 2 2 1
left_child=1 3 6 16 8 7 20 61 12 14 26 15 53 36 32 -9 19 -16 27 -1 48 29 -10 28 -23 41 -4 -14 46 30 37 -29 -5 -34 35 -35 49 59 39 -19 -40 -11 -37 45 -45 47 51 -27 -2 -8 60 -21 -20 -3 -33 56 57 -56 -58 -17 -32 -6
right_child=2 4 10 9 5 -7 13 11 22 25 -12 -13 18 -15 17 21 -18 38 52 23 -22 24 -24 -25 -26 43 -28 31 -30 -31 50 54 33 34 -36 42 -38 -39 40 -41 -42 -43 -44 44 -46 -47 -48 -49 -50 -51 -52 -53 -54 -55 55 -57 58 -59 -60 -61 -62 -63
leaf_value=0 0 0 0 0 0 6.8168235101369982e-09 0 0 0 0 0.00072664128253692949 0 0 3.523914908770009e-06 0 0 0 0 0 0 0 0 -8.1369654997893393e-05 0 0 0 2.6660603057500742e-05 0 0 0 0 0 0 0 0 0 0 0 0 0 0 0 0 0 0 0 0 0 -0.00036241203446374756 0 0 0 0 0 0 0 0 0 0 0 0 0
leaf_weight=9522 17420 14563 26169 5953 2542 1514 9773 16747 8261 171 36375 5748 176 3604 1039 688 780 6901 12594 2942 7266 5474 201 3652 3044 2458 43616 3979 1368 12279 271 10231 5062 6484 1218 1675 21945 4006 8719 2227 861 213 374 746 871 491 258 351 326 1728 7257 10258 693 560 5318 192 2402 1550 1608 1196 9605 9984
leaf_count=9522 17420 14563 26169 5953 2542 1514 9773 16747 8261 171 36375 5748 176 3604 1039 688 780 6901 12594 2942 7266 5474 201 3652 3044 2458 43616 3979 1368 12279 271 10231 5062 6484 1218 1675 21945 4006 8719 2227 861 213 374 746 871 491 258 351 326 1728 7257 10258 693 560 5318 192 2402 1550 1608 1196 9605 9984
internal_value=-0.00676539 -0.0111031 -0.00116271 -0.0150509 -0.00903928 -0.00776909 -0.00331111 -0.00791919 -0.0106768 -0.0133175 9.32556e-05 -0.00754648 -0.0109931 -0.00241943 -0.0136324 -0.00775635 -0.0178103 -0.0128591 -0.0114553 -0.017955 -0.00463194 -0.00813464 -0.00866391 -0.0173756 -0.00692839 -0.0109106 -0.000304578 -0.0119611 -0.0169292 -0.0084257 -0.00883295 -0.0119051 -0.0143678 -0.013929 -0.0146136 -0.015064 -0.00269754 -0.00764516 -0.0131033 -0.0138043 -0.0124353 -0.0164531 -0.0170146 -0.0104777 -0.0086141 -0.0113909 -0.0172073 -0.0107237 -0.00514493 -0.00344031 -0.00924129 -0.0173159 -0.0104861 -0.00980897 -0.0121852 -0.0116369 -0.0117546 -0.0124849 -0.0105037 -0.00578981 -0.00980984 -0.00989238
internal_weight=385499 217277 168222 74594 142683 80355 62062 78841 62328 45814 106160 66315 53866 37050 40513 60567 28780 19747 38743 28000 25012 43820 8462 18478 8518 5301 69785 25456 14826 35302 23023 25280 20766 14813 9751 8533 33446 5890 18708 9128 9580 384 2049 4917 1617 3300 13458 2809 17746 11501 17133 13200 13287 15123 21301 11070 10878 6868 4010 1884 9876 12526
internal_count=385499 217277 168222 74594 142683 80355 62062 78841 62328 45814 106160 66315 53866 37050 40513 60567 28780 19747 38743 28000 25012 43820 8462 18478 8518 5301 69785 25456 14826 35302 23023 25280 20766 14813 9751 8533 33446 5890 18708 9128 9580 384 2049 4917 1617 3300 13458 2809 17746 11501 17133 13200 13287 15123 21301 11070 10878 6868 4010 1884 9876 12526
cat_boundaries=0 1 2
cat_threshold=2 2
is_linear=0
shrinkage=0.03


Tree=128
num_leaves=63
num_cat=20
split_feature=5 10 5 24 11 24 5 10 11 10 15 15 10 12 24 15 10 12 10 24 12 12 12 24 15 24 13 10 15 24 10 24 12 24 20 19 19 25 24 24 19 19 19 15 24 24 24 24 19 12 20 24 12 19 24 19 13 25 24 11 13 15
split_gain=9557.42 1560.75 838.514 350.038 309.79 202.775 92.6092 91.2734 91.0062 78.3878 58.1493 51.1353 44.6213 39.288 37.7612 35.2232 32.2744 32.2663 31.9577 30.8285 29.5881 28.9997 28.3356 23.9432 23.7326 23.3747 21.9766 20.9158 18.6287 18.4333 18.0196 17.8419 17.5846 17.3591 16.9324 16.826 18.0732 15.5826 15.209 15.0038 14.8145 17.5465 14.5436 13.2217 12.7017 12.3628 11.9065 11.8406 11.6425 12.7165 11.4556 10.8633 10.715 10.7021 10.5211 10.4897 10.3539 10.1584 9.49621 9.44756 9.40999 9.07887
threshold=1.6071428656578066 0.93915662169456493 2.5357142686843877 0 0.41071428358554846 1 3.3214286565780644 1.4800971746444704 0.66071426868438732 1.1755914092063906 0.87994369864463817 0.9991869628429414 0.62423235177993786 1.3750000000000002 2 0.94937798380851757 0.78204792737960827 0.62500000000000011 2.8413627147674565 3 0.62500000000000011 0.62500000000000011 2.3750000000000004 4 0.84593328833580028 5 2.120000004768372 2.0968266725540166 0.85759276151657116 6 2.4897748231887822 7 6.3750000000000009 8 2.5000000000000004 47.500000000000007 20.500000000000004 9 10 11 24.500000000000004 45.500000000000007 18.500000000000004 0.72767218947410595 12 13 14 15 20.500000000000004 1.0000000180025095e-35 2.5000000000000004 16 0.62500000000000011 32.500000000000007 17 15.500000000000002 3.2849999666213994 18 19 0.55357143282890331 7.5950000286102304 0.9991869628429414
decision_type=2 2 2 1 2 1 2 2 2 2 2 2 2 2 1 2 2 2 2 1 2 2 2 1 2 1 2 2 2 1 2 1 2 1 2 2 2 1 1 1 2 2 2 2 1 1 1 1 2 2 2 1 2 2 1 2 2 1 1 2 2 2
left_child=1 3 5 8 7 14 18 10 16 19 -3 -7 -5 29 22 51 43 58 31 52 45 47 28 -23 59 -19 -10 42 -2 -9 53 -4 61 -15 -27 36 -21 38 -36 -39 48 57 -22 -1 -44 -13 -31 -17 49 -26 -25 -11 60 -30 -52 -18 -38 -42 -12 -14 -6 -8
right_child=2 4 6 12 9 11 32 13 26 15 17 20 24 33 -16 21 55 25 -20 35 27 23 -24 50 40 34 -28 -29 30 46 -32 -33 -34 -35 37 -37 56 39 -40 -41 41 -43 44 -45 -46 -47 -48 -49 -50 -51 54 -53 -54 -55 -56 -57 -58 -59 -60 -61 -62 -63
leaf_value=0 -4.0739566368786272e-05 0 0 0 0 0 0.0079944791561767474 0 0 0 0 0 0 0 0 0 0 0 -2.8740267435927321e-06 0 0 0 0 0 0 0 0 0 0 1.1120947355018539e-05 0 0 0.0005842343575729503 0 0 0 0 0 0 0 0 0 0 0 0 0 0 0 0 0 0 0 0 0 0 0 0 0 0 0 0 0
leaf_weight=127 829 4046 21516 3550 2604 3248 6557 2629 4876 1333 2857 1325 1014 2271 13317 2457 1558 3381 8864 6141 8439 8834 5717 4182 398 15542 15927 4922 4421 220 1137 4250 16430 9816 1262 2176 1408 1760 3343 8044 6270 4732 5966 9654 7590 1283 7709 7526 1499 5116 2881 1877 6125 4309 4406 5409 13307 8841 3794 632 1490 62149
leaf_count=127 829 4046 21516 3550 2604 3248 6557 2629 4876 1333 2857 1325 1014 2271 13317 2457 1558 3381 8864 6141 8439 8834 5717 4182 398 15542 15927 4922 4421 220 1137 4250 16430 9816 1262 2176 1408 1760 3343 8044 6270 4732 5966 9654 7590 1283 7709 7526 1499 5116 2881 1877 6125 4309 4406 5409 13307 8841 3794 632 1490 62149
internal_value=-0.0067383 -0.0112152 -0.0017516 -0.014857 -0.00931538 -0.00456828 -0.000281649 -0.007869 -0.0168317 -0.0107602 -0.00866504 -0.00619592 -0.0125343 -0.00632126 -0.00277102 -0.00973585 -0.0151902 -0.00901185 -0.00158966 -0.011792 -0.00659085 -0.0100526 -0.00373507 -0.00940162 -0.0121431 -0.00863116 -0.0181614 -0.00629524 -0.00464865 -0.00765827 -0.00501155 -0.00212419 0.000250399 -0.00515339 -0.00890247 -0.0124231 -0.0126904 -0.00964626 -0.00810292 -0.0103524 -0.0123575 -0.0127763 -0.00669084 -0.0163017 -0.0072995 -0.00964187 -0.00689671 -0.0113764 -0.0111723 -0.0118096 -0.00845222 -0.00674766 -0.0103473 -0.00547423 -0.00917785 -0.0136298 -0.013261 -0.0132756 -0.0109197 -0.00864642 -0.0115457 3.956e-05
internal_weight=385293 203024 182269 69603 133421 62503 119766 66674 37551 66747 44029 32773 32052 22645 29730 33496 16748 39983 34630 33251 29525 30286 16413 20303 28502 33332 20803 26917 10696 10558 9867 25766 85136 12087 29951 23032 20856 14409 4605 9804 26856 19843 21995 9781 13556 2608 7929 9983 7013 5514 11469 3210 10219 8730 7287 6967 14715 15111 6651 1646 4094 68706
internal_count=385293 203024 182269 69603 133421 62503 119766 66674 37551 66747 44029 32773 32052 22645 29730 33496 16748 39983 34630 33251 29525 30286 16413 20303 28502 33332 20803 26917 10696 10558 9867 25766 85136 12087 29951 23032 20856 14409 4605 9804 26856 19843 21995 9781 13556 2608 7929 9983 7013 5514 11469 3210 10219 8730 7287 6967 14715 15111 6651 1646 4094 68706
cat_boundaries=0 1 2 3 4 5 6 7 8 9 10 11 12 13 14 15 16 17 18 19 20
cat_threshold=131105 551242 2312 72088 427041 544776 426032 551754 680008 1 262165 426496 4736 332932 532480 68616 196753 6424 9 229425
is_linear=0
shrinkage=0.03


Tree=129
num_leaves=63
num_cat=17
split_feature=7 7 7 7 7 22 12 24 24 12 7 19 18 19 19 17 24 25 24 22 7 24 24 19 17 22 13 24 17 19 19 24 17 24 24 17 18 24 7 24 13 17 13 12 24 19 22 19 22 13 22 25 24 19 17 17 7 24 19 19 19 19
split_gain=10457.4 1973.55 459.756 388.132 330.315 81.8926 71.998 71.3164 61.8707 44.7016 36.0442 34.8019 32.9993 29.739 28.2964 27.2491 35.9285 23.2761 22.6538 20.4808 20.153 19.9346 19.5072 19.0791 19.0717 18.13 16.7375 16.6569 15.9397 15.7487 14.677 13.1043 12.8898 22.0556 15.8383 19.4631 11.7866 15.0243 11.7633 11.4576 11.1102 10.9045 13.4526 10.8622 15.6992 10.5134 11.2312 10.4759 10.4448 10.1128 11.0968 10.1032 9.78481 15.799 9.76572 10.304 9.73796 9.64048 10.2248 9.42992 9.29846 9.17525
threshold=1.7589285969734194 0.81250000000000011 2.866071462631226 0.50892856717109691 1.151785731315613 1.0000000180025095e-35 0.62500000000000011 0 1 1.6250000000000002 3.6517857313156132 25.500000000000004 4.5000000000000009 42.500000000000007 47.500000000000007 3.5000000000000004 2 3 4 1.0000000180025095e-35 2.2232142686843877 5 6 15.500000000000002 4.5000000000000009 1.0000000180025095e-35 2.4250000715255742 7 1.5000000000000002 18.500000000000004 25.500000000000004 8 4.5000000000000009 9 10 1.0000000180025095e-35 2.5000000000000004 11 2.491071462631226 12 10.340000152587892 3.5000000000000004 7.5150001049041757 1.8750000000000002 13 47.500000000000007 1.0000000180025095e-35 22.500000000000004 1.0000000180025095e-35 2.120000004768372 1.0000000180025095e-35 14 15 44.500000000000007 4.5000000000000009 1.5000000000000002 2.0446429252624516 16 51.500000000000007 20.500000000000004 32.500000000000007 33.500000000000007
decision_type=2 2 2 2 2 2 2 1 1 2 2 2 2 2 2 2 1 1 1 2 2 1 1 2 2 2 2 1 2 2 2 1 2 1 1 2 2 1 2 1 2 2 2 2 1 2 2 2 2 2 2 1 1 2 2 2 2 1 2 2 2 2
left_child=1 3 7 15 9 6 18 20 23 11 -4 26 31 -13 36 27 -17 21 -6 -18 -2 -14 24 -5 28 39 59 49 -19 56 -12 -8 34 -34 35 -28 -10 40 -31 -11 -38 42 -25 47 -45 46 60 -24 52 61 -51 -37 53 -15 55 -55 -9 -16 -59 -3 -29 -1
right_child=2 4 10 8 5 -7 12 29 14 25 30 13 17 48 57 16 19 22 -20 -21 -22 -23 43 41 -26 -27 32 45 -30 38 -32 -33 33 -35 -36 51 37 -39 -40 -41 -42 -43 -44 44 -46 -47 -48 -49 -50 50 -52 -53 -54 54 -56 -57 -58 58 -60 -61 -62 -63
leaf_value=0 0 0 0 0 0 0 0 0 0 0 0.00066951850549910256 0 0 0 0 0 0 0 0 0 0 0 0 0 0 3.285207947088653e-06 0 0 0 0 1.9264464136766351e-05 0 0 0 0 0 0 0 0 0 0 0 0 0 0 0 0 0 0 0 0 0 0 0 0 0 0 0 0 0 0 0
leaf_weight=2106 9979 338 31173 3708 6400 2093 1817 4074 1426 3908 38695 22445 2546 1340 1489 6314 5949 2132 5513 137 28834 12402 3180 3864 1762 208 628 1088 3540 12278 36372 16527 3560 2231 10463 2093 12026 9652 1790 4885 1394 5709 3732 3738 3165 914 113 13830 701 8464 251 681 6671 1452 1409 2008 3896 2451 354 182 1989 1485
leaf_count=2106 9979 338 31173 3708 6400 2093 1817 4074 1426 3908 38695 22445 2546 1340 1489 6314 5949 2132 5513 137 28834 12402 3180 3864 1762 208 628 1088 3540 12278 36372 16527 3560 2231 10463 2093 12026 9652 1790 4885 1394 5709 3732 3738 3165 914 113 13830 701 8464 251 681 6671 1452 1409 2008 3896 2451 354 182 1989 1485
internal_value=-0.00675536 -0.0110763 -0.00110597 -0.0150354 -0.00902269 -0.00771371 -0.00787378 -0.00318527 -0.0133194 -0.0106015 8.49963e-05 -0.0109159 -0.00747881 -0.0114745 -0.0124396 -0.0177636 -0.018825 -0.0079055 -0.0100169 -0.0169803 -0.00240916 -0.00689972 -0.00838023 -0.0147924 -0.00977136 -0.00863871 -0.00991832 -0.0169616 -0.00893759 -0.00454898 0.000441086 -0.00640198 -0.00977778 -0.0109665 -0.00928128 -0.0111471 -0.0128376 -0.0130012 -0.00515468 -0.00884579 -0.0137156 -0.0153315 -0.0145869 -0.00794386 -0.0069435 -0.0149971 -0.0158464 -0.0083545 -0.0103665 -0.0175903 -0.0181566 -0.0122596 -0.0105606 -0.00958562 -0.0103949 -0.00953757 -0.00348557 -0.0101975 -0.011302 -0.0152308 -0.0161875 -0.0162648
internal_weight=385554 218463 167091 74615 143848 78645 76552 60851 45805 65203 106240 56202 64639 36026 28792 28810 12400 46295 11913 6086 38813 14948 31347 17013 7434 9001 20176 16410 5672 22038 75067 18344 19656 5791 13865 3402 24498 23072 14068 8793 13420 13305 7596 23913 6903 4104 3190 17010 13581 12306 8715 2774 12880 6209 4869 3460 7970 4294 2805 520 3077 3591
internal_count=385554 218463 167091 74615 143848 78645 76552 60851 45805 65203 106240 56202 64639 36026 28792 28810 12400 46295 11913 6086 38813 14948 31347 17013 7434 9001 20176 16410 5672 22038 75067 18344 19656 5791 13865 3402 24498 23072 14068 8793 13420 13305 7596 23913 6903 4104 3190 17010 13581 12306 8715 2774 12880 6209 4869 3460 7970 4294 2805 520 3077 3591
cat_boundaries=0 1 2 3 4 5 6 7 8 9 10 11 12 13 14 15 16 17
cat_threshold=551242 32801 131073 1 269964 262149 229920 131108 264192 491521 131092 262276 199064 4380 10 366601 388
is_linear=0
shrinkage=0.03


Tree=130
num_leaves=63
num_cat=16
split_feature=10 10 24 11 24 10 11 10 11 11 10 11 24 24 23 24 24 10 10 23 22 19 13 23 13 13 23 13 18 11 22 24 19 19 11 19 24 22 24 24 22 24 19 24 24 19 19 10 10 13 19 10 24 22 19 19 19 24 18 11 24 14
split_gain=9557.64 1575.02 895.834 333.399 327.533 296.017 94.7893 75.2874 72.9202 72.4279 63.921 45.4725 41.899 39.2301 36.1573 32.2585 30.7511 29.5697 24.1574 23.3386 22.8023 22.39 21.7949 21.6575 20.9519 20.3162 18.8438 18.6931 17.7911 15.2765 15.0349 14.571 13.9305 21.337 13.6139 13.4723 13.4689 12.6951 12.2334 11.4521 11.1857 10.5075 12.2875 10.4569 10.3618 12.2281 10.3077 10.2633 10.2378 10.168 9.79676 9.6618 8.99523 8.89282 8.8762 8.76641 9.02081 8.29555 8.29912 8.15304 7.49073 7.94329
threshold=1.6342942714691164 0.93915662169456493 0 0.41071428358554846 1 2.5056059360504155 0.66071426868438732 1.4148896932601931 0.30357143282890325 0.19642857462167743 1.1583746671676638 0.5892857313156129 2 3 2.5000000000000004 4 5 0.78204792737960827 2.9324885606765752 2.5000000000000004 1.0000000180025095e-35 22.500000000000004 2.120000004768372 2.5000000000000004 2.4250000715255742 3.4850000143051152 2.5000000000000004 9.7500000000000018 6.5000000000000009 0.37500000000000006 1.0000000180025095e-35 6 23.500000000000004 47.500000000000007 0.16071429103612903 22.500000000000004 7 1.0000000180025095e-35 8 9 1.0000000180025095e-35 10 2.5000000000000004 11 12 24.500000000000004 25.500000000000004 0.62423235177993786 2.0968266725540166 10.340000152587892 15.500000000000002 0.73148912191391002 13 1.0000000180025095e-35 26.500000000000004 51.500000000000007 24.500000000000004 14 5.5000000000000009 0.55357143282890331 15 0.81568661332130443
decision_type=2 2 1 2 1 2 2 2 2 2 2 2 1 1 2 1 1 2 2 2 2 2 2 2 2 2 2 2 2 2 2 1 2 2 2 2 1 2 1 1 2 1 2 1 1 2 2 2 2 2 2 2 1 2 2 2 2 1 2 2 1 2
left_child=1 4 5 7 6 9 17 14 21 48 15 26 -11 -9 16 -5 28 -1 38 34 24 36 -8 29 -12 -17 43 47 -3 -10 32 -30 59 -34 -15 41 -4 -29 -7 -23 54 42 -26 51 -18 -46 -20 -13 -2 -35 -19 -6 -31 -24 -14 56 -45 -36 -59 -27 61 -60
right_child=2 3 8 10 11 18 22 13 23 12 20 27 40 19 -16 25 44 50 46 -21 -22 39 53 -25 35 30 -28 37 31 52 -32 -33 33 49 57 -37 -38 -39 -40 -41 -42 -43 -44 55 45 -47 -48 -49 -50 -51 -52 -53 -54 -55 -56 -57 -58 58 60 -61 -62 -63
leaf_value=0 0 0 0 0 0 0 0 0 0 0 0 0 0 0 0 0 0 0 0.00052363975999814353 0 0 0 0 0 0 0 0 0 0 0 0 0 0 0 0 0 0 0 0 0 0 0 0 0 0 0 -2.8811878351750863e-05 0 0 0 0 0 0 0 0 0 0 0 0 0 0 0
leaf_weight=9733 10076 12331 1076 4080 408 6587 4887 2399 8052 6517 930 1448 6453 1250 824 3029 4591 1545 38891 449 806 4426 15597 325 428 5137 456 4103 7278 3576 621 3251 14323 2433 2931 20692 8145 120 20421 1696 445 5548 2998 5017 7072 9164 36714 4676 16286 252 5377 3391 4455 420 9846 309 12117 7125 263 1559 4803 5050
leaf_count=9733 10076 12331 1076 4080 408 6587 4887 2399 8052 6517 930 1448 6453 1250 824 3029 4591 1545 38891 449 806 4426 15597 325 428 5137 456 4103 7278 3576 621 3251 14323 2433 2931 20692 8145 120 20421 1696 445 5548 2998 5017 7072 9164 36714 4676 16286 252 5377 3391 4455 420 9846 309 12117 7125 263 1559 4803 5050
internal_value=-0.00677238 -0.011291 -0.0018305 -0.00936086 -0.0149408 -0.00087419 -0.0168515 -0.0079177 -0.00641343 -0.00277656 -0.0109406 -0.0126921 -0.00399669 -0.00657355 -0.0086506 -0.0118969 -0.00876803 -0.0151675 4.56961e-05 -0.00697304 -0.00998325 -0.0049287 -0.0182012 -0.0078057 -0.0101145 -0.0122785 -0.0119157 -0.0143326 -0.00954438 -0.00796064 -0.0119944 -0.0104543 -0.0121152 -0.0125715 -0.0071181 -0.00997546 -0.0039949 -0.0158681 -0.000724452 -0.00633518 -0.00479098 -0.00900468 -0.00757334 -0.0120452 -0.00790752 -0.00828278 0.000320812 -0.0132737 -0.00169995 -0.0101173 -0.0136686 -0.0104051 -0.00888644 -0.0187363 -0.00492196 -0.0123893 -0.0124868 -0.00730636 -0.00703072 -0.0109561 -0.00758719 -0.00673323
internal_weight=385208 201221 183987 131617 69604 152236 37559 68781 31751 49623 62836 32045 23261 24270 44511 31434 43687 16655 102613 21871 31402 15343 20904 16408 30596 27354 21698 10347 22860 16083 24325 10529 23704 17008 21422 29666 9221 4223 27008 6122 16744 8974 3426 21242 20827 16236 75605 6124 26362 2685 6922 3799 8031 16017 16299 17443 17134 20172 17241 6696 10116 5313
internal_count=385208 201221 183987 131617 69604 152236 37559 68781 31751 49623 62836 32045 23261 24270 44511 31434 43687 16655 102613 21871 31402 15343 20904 16408 30596 27354 21698 10347 22860 16083 24325 10529 23704 17008 21422 29666 9221 4223 27008 6122 16744 8974 3426 21242 20827 16236 75605 6124 26362 2685 6922 3799 8031 16017 16299 17443 17134 20172 17241 6696 10116 5313
cat_boundaries=0 1 2 3 4 5 6 7 8 9 10 11 12 13 14 15 16
cat_threshold=555338 131105 548930 548936 71936 491573 229392 20 4360 34436 73472 104712 553032 132660 262193 72448
is_linear=0
shrinkage=0.03


Tree=131
num_leaves=63
num_cat=11
split_feature=6 6 6 6 6 24 15 6 23 24 15 15 24 24 23 6 24 23 23 6 15 15 6 19 13 19 19 19 24 6 20 24 6 24 19 13 11 19 24 19 19 14 19 15 15 15 6 14 24 15 15 6 13 19 6 19 24 19 19 14 19 19
split_gain=10161.7 1686.98 822.768 281.607 269.914 133.168 80.6292 74.0999 70.9616 63.6177 62.8583 54.0835 36.4495 33.7443 32.0654 30.8562 28.8445 22.8262 22.5332 21.2622 20.7219 20.6208 19.2219 18.1322 17.6675 23.6208 17.8272 16.9442 18.4796 16.8712 14.4281 13.9357 13.5152 12.8093 12.1808 11.6398 11.6184 11.2545 10.517 10.382 11.4225 9.94033 9.83896 9.43401 8.30719 8.25654 8.1212 8.0748 7.93117 7.9307 7.91147 7.76265 9.23488 7.74685 7.74264 7.456 7.43573 7.40622 7.29709 7.27843 7.25117 7.21829
threshold=1.5892856717109682 0.73214286565780651 2.553571462631226 1.0892856717109682 0.44642856717109686 0 0.91289180517196666 3.553571462631226 2.5000000000000004 1 0.8933892846107484 0.85759276151657116 2 3 1.0000000180025095e-35 1.9821428656578066 4 1.0000000180025095e-35 1.0000000180025095e-35 2.0178571939468388 0.82468372583389293 0.8609888255596162 5.1250000000000009 51.500000000000007 2.4250000715255742 23.500000000000004 45.500000000000007 18.500000000000004 5 0.62500000000000011 2.5000000000000004 6 1.2321428656578066 7 33.500000000000007 2.120000004768372 0.48214285075664526 47.500000000000007 8 33.500000000000007 29.500000000000004 1.0516129136085512 10.500000000000002 0.87583890557289135 0.88805964589118969 0.88805964589118969 1.1964285969734194 1.0203602910041811 9 0.9991869628429414 0.72387105226516735 0.30357143282890325 10.47499990463257 15.500000000000002 1.9107143282890322 5.5000000000000009 10 31.500000000000004 2.5000000000000004 1.0111656785011294 48.500000000000007 21.500000000000004
decision_type=2 2 2 2 2 1 2 2 2 1 2 2 1 1 2 2 1 2 2 2 2 2 2 2 2 2 2 2 1 2 2 1 2 1 2 2 2 2 1 2 2 2 2 2 2 2 2 2 1 2 2 2 2 2 2 2 1 2 2 2 2 2
left_child=1 4 5 11 16 19 50 31 13 20 54 38 30 32 24 17 18 27 35 33 41 -11 -9 48 -14 36 34 -12 -29 61 -13 -4 -8 43 -27 -1 -26 53 47 40 -32 -6 -17 -2 -21 -37 -15 -3 -23 -33 -5 -47 60 -31 -7 -48 -41 -30 -50 -58 -53 -22
right_child=2 3 7 6 9 10 8 22 -10 21 15 12 14 46 -16 42 -18 -19 -20 44 29 23 -24 -25 25 26 -28 28 57 37 39 49 -34 -35 -36 45 -38 -39 -40 56 -42 -43 -44 -45 -46 51 55 -49 58 -51 -52 52 -54 -55 -56 -57 59 -59 -60 -61 -62 -63
leaf_value=0 -3.7777482261827052e-08 0 0 0 0 0 0 1.8196096112686542e-05 0 0 0 0 0 0 0 0 0 0 0 -0.00064445368086593201 0 0 0.00056077486505292978 0 0 0 0 0 0 0 0 0.013185587309650439 0 0 0 0 0 0 0 0 0 0 0 0 0 0 0 0 0 0 0 0 0 0 8.3406513398426227e-07 0 0 0 0 0 0 0
leaf_weight=4717 368 934 8382 1123 1342 1801 7496 49019 1231 1092 7809 4743 1801 9236 1156 1218 2389 583 640 1886 4336 7608 28005 298 9232 10196 6059 4002 5812 1489 749 3426 20897 1426 13531 1607 3989 848 2608 1581 1424 292 11621 4837 14829 6892 1358 979 183 32496 5896 5247 3399 6231 1486 22202 2683 3776 7431 4318 554 10637
leaf_count=4717 368 934 8382 1123 1342 1801 7496 49019 1231 1092 7809 4743 1801 9236 1156 1218 2389 583 640 1886 4336 7608 28005 298 9232 10196 6059 4002 5812 1489 749 3426 20897 1426 13531 1607 3989 848 2608 1581 1424 292 11621 4837 14829 6892 1358 979 183 32496 5896 5247 3399 6231 1486 22202 2683 3776 7431 4318 554 10637
internal_value=-0.00676263 -0.0113888 -0.00163355 -0.00946016 -0.0152734 -0.00446168 -0.0081266 -0.000201075 -0.0084694 -0.0137901 -0.00555501 -0.0108636 -0.0110965 -0.00861287 -0.0115328 -0.00593082 -0.0177094 -0.00661332 -0.0180583 -0.00267349 -0.0147653 -0.012296 0.000361212 -0.0125838 -0.0116626 -0.0115407 -0.0120091 -0.00677289 -0.0074128 -0.014998 -0.00978888 -0.00117863 -0.00783477 -0.00411205 -0.0123799 -0.0182246 -0.0104854 -0.0139363 -0.00769675 -0.0104031 -0.0122554 -0.0115043 -0.00476229 -0.00480058 -0.0021044 -0.0185775 -0.00928129 -0.0094493 -0.0127272 -0.000920739 -0.00507807 -0.0187823 -0.018212 -0.0142966 -0.00159081 -0.00898854 -0.00993405 -0.00813982 -0.0118859 -0.010389 -0.0174844 -0.0156055
internal_weight=385436 202654 182782 135422 67232 61454 69439 121328 62420 41787 38108 65983 61462 61189 45964 34821 25445 21982 23056 23346 25175 16612 77024 15520 44808 43007 29786 21399 13590 23541 15498 44304 28393 6631 23727 22416 13221 8568 4521 10755 2173 1634 12839 5205 16715 17699 32796 1913 15222 35922 7019 16092 9200 7720 3287 23560 8582 9588 7614 7001 5801 14973
internal_count=385436 202654 182782 135422 67232 61454 69439 121328 62420 41787 38108 65983 61462 61189 45964 34821 25445 21982 23056 23346 25175 16612 77024 15520 44808 43007 29786 21399 13590 23541 15498 44304 28393 6631 23727 22416 13221 8568 4521 10755 2173 1634 12839 5205 16715 17699 32796 1913 15222 35922 7019 16092 9200 7720 3287 23560 8582 9588 7614 7001 5801 14973
cat_boundaries=0 1 2 3 4 5 6 7 8 9 10 11
cat_threshold=550986 163877 72072 547724 131109 4352 103560 2056 133173 262272 6152
is_linear=0
shrinkage=0.03


Tree=132
num_leaves=63
num_cat=10
split_feature=7 7 7 7 7 23 7 12 12 7 7 17 12 19 10 6 19 19 19 22 12 19 19 19 7 22 19 19 12 6 17 25 26 19 19 17 17 25 22 26 27 7 17 26 19 10 12 19 19 7 17 27 17 7 19 22 27 12 27 27 17 19
split_gain=10414.7 1880.17 565.6 423.097 319.186 98.3103 96.6967 61.5948 43.1254 38.7094 33.3569 27.8046 27.0519 25.2074 22.8616 21.6255 21.5899 21.1296 21.7135 20.1266 20.0702 20.0199 19.7248 18.0184 16.8245 15.7904 15.7744 14.4892 14.0781 12.7235 12.1018 11.8883 11.8303 11.2622 10.5809 11.2153 10.319 10.2213 9.95535 9.94861 9.94304 9.30164 9.26282 9.78824 9.03297 8.98204 8.95804 8.13642 8.00048 8.43674 8.19526 7.65637 23.6508 7.49842 7.4685 7.39221 7.40983 8.3666 7.36961 7.2013 8.45826 7.03744
threshold=1.6875000000000002 0.81250000000000011 2.866071462631226 0.50892856717109691 1.1339285969734194 2.5000000000000004 2.1696429252624516 0.62500000000000011 1.3750000000000002 3.866071462631226 0.65178570151329052 3.5000000000000004 2.6250000000000004 25.500000000000004 2.8413627147674565 0.48214285075664526 17.500000000000004 6.5000000000000009 47.500000000000007 1.0000000180025095e-35 2.3750000000000004 45.500000000000007 42.500000000000007 37.500000000000007 0.43750000000000006 1.0000000180025095e-35 24.500000000000004 24.500000000000004 1.6250000000000002 5.1250000000000009 4.5000000000000009 0 1 14.500000000000002 26.500000000000004 2.5000000000000004 3.5000000000000004 2 1.0000000180025095e-35 3 4 1.8482142686843874 2.5000000000000004 5 19.500000000000004 1.0735065937042239 0.62500000000000011 50.500000000000007 25.500000000000004 0.33035713434219366 1.5000000000000002 6 5.5000000000000009 1.5089285969734194 1.5000000000000002 1.0000000180025095e-35 7 0.62500000000000011 8 9 5.5000000000000009 41.500000000000007
decision_type=2 2 2 2 2 2 2 2 2 2 2 2 2 2 2 2 2 2 2 2 2 2 2 2 2 2 2 2 2 2 2 1 1 2 2 2 2 1 2 1 1 2 2 1 2 2 2 2 2 2 2 1 2 2 2 2 1 2 1 1 2 2
left_child=1 3 6 11 8 7 20 58 13 -4 21 15 16 -3 31 25 30 45 38 34 33 27 -15 26 51 47 40 39 -25 42 32 -8 -9 37 -10 -36 -30 -2 46 54 -18 -35 43 -11 -33 -12 -19 48 49 -1 -51 -13 -53 -28 -5 56 57 -24 -6 60 -48 -46
right_child=2 4 9 10 5 -7 14 12 19 29 17 24 -14 22 -16 -17 23 18 -20 -21 -22 -23 55 28 -26 -27 53 -29 36 -31 -32 44 -34 41 35 -37 -38 -39 -40 -41 -42 -43 -44 -45 61 -47 59 -49 -50 50 -52 52 -54 -55 -56 -57 -58 -59 -60 -61 -62 -63
leaf_value=0 0 0 0 0 0 -1.8409595930181464e-08 0 0 0 0.006324354844640564 0 0 0 0 -5.7333164359312528e-06 0 0 0 0 0 0 0 0 0 0 0 0 0 0 0.0005569097671421963 0 0 0 0 0 0 0 0 0 0 0 0 0.0049213639477064391 -0.005542326203258883 0 0 0 0 0 0 0 0 0 0 0 0 0 0 0 0 0 0
leaf_weight=1585 2123 17339 38041 185 2493 1481 16562 2888 5573 4654 671 5016 5151 19201 3672 2869 2402 10300 3346 330 7494 3084 2010 9265 3242 402 13055 10300 2795 28074 4384 6119 8793 5844 3703 4208 1807 1756 556 2519 8575 9680 22935 12420 8734 463 2960 640 8763 1103 1110 2712 1338 3841 3879 628 6753 2408 9754 7126 412 3741
leaf_count=1585 2123 17339 38041 185 2493 1481 16562 2888 5573 4654 671 5016 5151 19201 3672 2869 2402 10300 3346 330 7494 3084 2010 9265 3242 402 13055 10300 2795 28074 4384 6119 8793 5844 3703 4208 1807 1756 556 2519 8575 9680 22935 12420 8734 463 2960 640 8763 1103 1110 2712 1338 3841 3879 628 6753 2408 9754 7126 412 3741
internal_value=-0.00674706 -0.0111732 -0.0012503 -0.015015 -0.00910938 -0.00781438 -0.00343728 -0.00796512 -0.0107071 0.000104142 -0.0132239 -0.0178655 -0.00758644 -0.0111296 -0.00247955 -0.0170595 -0.00777208 -0.0125121 -0.012696 -0.0092289 -0.00481983 -0.0141448 -0.0116419 -0.00813177 -0.0189443 -0.0175587 -0.00857141 -0.0145508 -0.00724807 0.000532424 -0.00683753 -0.00271481 -0.0063331 -0.00532912 -0.00940804 -0.0101134 -0.00589179 -0.00388322 -0.013048 -0.0134515 -0.00768598 -0.00569041 0.000188883 -0.000340166 -0.00323737 -0.00850794 -0.013154 -0.0177371 -0.0179052 -0.0167551 -0.0155585 -0.0196075 -0.0205778 -0.00914666 -0.012324 -0.0106766 -0.0108546 -0.0118099 -0.00991173 -0.0125372 -0.011395 -0.0037022
internal_weight=385267 213418 171849 74581 138837 76684 65725 75203 62153 106124 45801 28780 62956 48339 38828 16472 57805 25834 24700 13814 26897 19967 31000 41740 12308 13603 27873 16883 13867 68083 16065 35156 11681 19403 13484 7911 4602 3879 21354 6583 10977 15524 40009 17074 18594 1134 20798 13201 12561 3798 2213 9066 4050 16896 4064 11799 11171 4418 12247 10498 3372 12475
internal_count=385267 213418 171849 74581 138837 76684 65725 75203 62153 106124 45801 28780 62956 48339 38828 16472 57805 25834 24700 13814 26897 19967 31000 41740 12308 13603 27873 16883 13867 68083 16065 35156 11681 19403 13484 7911 4602 3879 21354 6583 10977 15524 40009 17074 18594 1134 20798 13201 12561 3798 2213 9066 4050 16896 4064 11799 11171 4418 12247 10498 3372 12475
cat_boundaries=0 1 2 3 4 5 6 7 8 9 10
cat_threshold=6 2 1 9 2 1 1 1 2 4
is_linear=0
shrinkage=0.03


Tree=133
num_leaves=63
num_cat=3
split_feature=7 7 7 7 7 23 15 7 15 12 12 13 7 15 15 12 15 17 13 22 14 22 12 22 22 12 22 7 15 12 15 13 7 12 13 17 14 14 12 15 13 15 17 27 27 7 15 17 7 17 17 17 14 14 13 27 12 7 7 13 13 13
split_gain=10443.5 1981.35 462.893 380.218 327.455 108.022 82.8558 68.2208 66.6739 65.6222 49.0409 41.6757 34.7726 31.0598 30.5379 29.8214 28.8747 27.9218 22.8982 27.4456 21.0446 19.7372 18.7703 19.7337 17.5989 14.6127 13.7798 13.725 17.8263 12.9255 12.54 12.2512 12.2043 11.6321 11.5652 11.1666 10.3772 10.1103 15.1824 9.31659 9.20779 10.704 9.06318 14.5431 10.6688 8.88539 8.60147 8.41626 8.32179 8.25346 8.22561 8.20482 7.98152 8.1124 7.77503 7.71479 7.58257 7.21022 7.19832 7.18303 7.11503 15.3651
threshold=1.7589285969734194 0.81250000000000011 2.866071462631226 0.50892856717109691 1.151785731315613 2.5000000000000004 0.88805964589118969 2.1696429252624516 0.87994369864463817 0.62500000000000011 1.3750000000000002 3.2350000143051152 3.616071462631226 0.89709714055061351 0.86604186892509472 2.6250000000000004 0.91289180517196666 3.5000000000000004 9.7699999809265154 1.0000000180025095e-35 1.0539636015892031 1.0000000180025095e-35 0.37500000000000006 1.0000000180025095e-35 1.0000000180025095e-35 1.8750000000000002 1.0000000180025095e-35 0.33035713434219366 0.77564415335655224 5.6250000000000009 0.71422553062438976 7.9149999618530282 1.6339285969734194 2.3750000000000004 10.619999885559084 3.5000000000000004 1.0150708556175234 1.0005040764808657 0.62500000000000011 0.80754438042640697 5.8949999809265146 0.9293062984943391 5.5000000000000009 0 1 0.41964286565780645 0.87583890557289135 1.0000000180025095e-35 0.65178570151329052 5.5000000000000009 5.5000000000000009 3.5000000000000004 1.0379781723022463 1.000000059604645 11.804999828338625 2 2.1250000000000004 1.4732142686843874 2.4196429252624516 10.275000095367433 9.7049999237060565 9.6250000000000018
decision_type=2 2 2 2 2 2 2 2 2 2 2 2 2 2 2 2 2 2 2 2 2 2 2 2 2 2 2 2 2 2 2 2 2 2 2 2 2 2 2 2 2 2 2 1 1 2 2 2 2 2 2 2 2 2 2 1 2 2 2 2 2 2
left_child=1 3 7 17 8 6 57 14 36 -8 24 39 -4 -9 -2 31 30 26 19 45 22 49 -18 34 37 -15 27 -1 -29 -14 -13 40 35 -16 48 -33 -3 -10 -39 -5 41 -11 43 46 -44 -19 -20 -25 -24 -12 -41 -36 53 -32 60 -38 -43 -6 -27 -26 61 -37
right_child=2 4 12 11 5 -7 9 13 10 15 21 16 29 25 33 -17 20 18 42 -21 -22 -23 23 47 59 58 -28 28 -30 -31 52 32 -34 -35 51 54 55 38 -40 50 -42 56 44 -45 -46 -47 -48 -49 -50 -51 -52 -53 -54 -55 -56 -57 -58 -59 -60 -61 -62 -63
leaf_value=0 0 0 0 0 0 7.1970795184431121e-09 0 1.7530485275134749e-06 0 0 0 0 0.00057194630719173748 0 0 0 0 0 0 0 0 0 0 0 0 0 0 0 0 0.00053190440151488995 0 0 0 0 0 0 0 0 0 0 0 0 0 0 0 0 0 0 0 0 0 0 0 0 0 0 0 0 0 0 0 0
leaf_weight=5412 1751 2253 29910 346 4193 1489 10851 3992 19628 189 11611 304 52426 11971 14225 5297 8593 3517 169 151 4403 311 6401 170 985 6459 454 259 10293 23732 858 12623 2470 5795 1006 2657 1230 10823 14538 7516 12993 14316 713 2530 1266 2630 1320 379 11609 1457 1230 667 765 1579 991 1977 2058 2816 16246 301 4764 681
leaf_count=5412 1751 2253 29910 346 4193 1489 10851 3992 19628 189 11611 304 52426 11971 14225 5297 8593 3517 169 151 4403 311 6401 170 985 6459 454 259 10293 23732 858 12623 2470 5795 1006 2657 1230 10823 14538 7516 12993 14316 713 2530 1266 2630 1320 379 11609 1457 1230 667 765 1579 991 1977 2058 2816 16246 301 4764 681
internal_value=-0.00677009 -0.0110904 -0.00111262 -0.0150584 -0.00902931 -0.0077232 -0.00787816 -0.00320808 -0.0106017 -0.00819001 -0.0108921 -0.0133623 8.14007e-05 -0.00245179 -0.00455133 -0.00779591 -0.0129122 -0.0177651 -0.0188461 -0.0175827 -0.0131854 -0.0092924 -0.0128904 -0.0123915 -0.0113546 -0.00274028 -0.0169555 -0.0171021 -0.0164721 0.000421807 -0.0103229 -0.00800759 -0.00850831 -0.00488362 -0.0125479 -0.00873559 -0.00742857 -0.0114535 -0.0118492 -0.0151808 -0.00759785 -0.00806684 -0.0201727 -0.020991 -0.0185109 -0.0178931 -0.0186387 -0.00678142 -0.0127696 -0.00947016 -0.0153718 -0.010162 -0.0108757 -0.0100365 -0.00953712 -0.00852479 -0.00814877 -0.00476858 -0.00229311 -0.00789425 -0.00923031 -0.0102924
internal_weight=384549 218042 166507 74540 143502 78388 76899 60439 65114 69890 59654 45826 106068 38668 21771 59039 36734 28714 12296 6298 33228 13379 28825 20232 46275 34676 16418 15964 10552 76158 3506 53742 24186 20020 19683 21716 5460 44989 25361 9092 29556 16563 5998 4019 1979 6147 1489 549 18010 13068 8746 1673 3202 2437 9093 3207 16374 7009 22705 1286 8102 3338
internal_count=384549 218042 166507 74540 143502 78388 76899 60439 65114 69890 59654 45826 106068 38668 21771 59039 36734 28714 12296 6298 33228 13379 28825 20232 46275 34676 16418 15964 10552 76158 3506 53742 24186 20020 19683 21716 5460 44989 25361 9092 29556 16563 5998 4019 1979 6147 1489 549 18010 13068 8746 1673 3202 2437 9093 3207 16374 7009 22705 1286 8102 3338
cat_boundaries=0 1 2 3
cat_threshold=1 1 1
is_linear=0
shrinkage=0.03


Tree=134
num_leaves=63
num_cat=15
split_feature=7 7 7 7 7 22 15 7 12 24 15 12 7 19 15 15 19 12 15 19 19 24 19 22 24 24 25 20 13 24 19 21 22 24 7 12 19 24 14 15 19 15 24 19 24 13 14 21 15 12 24 24 24 24 21 24 19 21 21 7 13 19
split_gain=10451.2 1995.62 506.897 396.369 332.388 89.3886 81.9222 77.7937 71.1025 65.0334 56.2341 42.0769 37.086 34.4823 33.5479 31.8394 31.2056 29.5167 26.5862 25.265 25.0195 23.9798 23.8699 23.4074 22.3132 20.3422 20.2324 21.2316 20.1035 17.2795 17.1176 16.2146 15.8858 13.9193 13.8866 13.8306 13.3373 13.0445 12.6962 11.9644 11.824 14.0771 11.7912 12.0639 11.5268 11.1817 11.084 10.9288 10.7562 10.5663 10.5034 10.3155 10.1112 9.99672 9.90746 11.1518 9.72418 9.60753 9.46119 11.4489 9.0388 17.5827
threshold=1.741071403026581 0.81250000000000011 2.866071462631226 0.49107143282890325 1.1339285969734194 1.0000000180025095e-35 0.91289180517196666 2.1696429252624516 0.62500000000000011 0 0.86604186892509472 1.6250000000000002 4.7767856121063241 25.500000000000004 0.86604186892509472 0.89709714055061351 47.500000000000007 2.6250000000000004 0.91289180517196666 42.500000000000007 18.500000000000004 1 21.500000000000004 1.0000000180025095e-35 2 3 4 2.5000000000000004 10.444999694824221 5 32.500000000000007 25.500000000000004 1.0000000180025095e-35 6 3.5089285373687749 2.3750000000000004 44.500000000000007 7 1.0516129136085512 0.70940351486206066 36.500000000000007 0.83184513449668895 8 7.5000000000000009 9 2.4250000715255742 1.0379781723022463 2.5000000000000004 1.204587519168854 1.8750000000000002 10 11 12 13 13.500000000000002 14 21.500000000000004 11.500000000000002 20.500000000000004 0.7053571641445161 5.9949998855590829 51.500000000000007
decision_type=2 2 2 2 2 2 2 2 2 1 2 2 2 2 2 2 2 2 2 2 2 1 2 2 1 1 1 2 2 1 2 2 2 1 2 2 2 1 2 2 2 2 1 2 1 2 2 2 2 2 1 1 1 1 2 1 2 2 2 2 2 2
left_child=1 3 7 23 10 6 -6 14 25 22 53 13 34 45 -2 -9 18 20 39 51 29 -17 58 28 -22 -8 33 -28 30 -10 -1 38 44 -26 -4 37 -32 -16 48 -11 41 -24 -33 -44 -13 56 -41 -42 -20 -23 -39 -15 -19 -3 55 57 -12 -21 59 -5 61 -18
right_child=2 4 12 9 5 -7 8 15 17 16 11 32 -14 19 35 21 60 52 31 54 24 49 40 -25 26 -27 27 -29 -30 -31 36 42 -34 -35 -36 -37 -38 50 -40 46 47 -43 43 -45 -46 -47 -48 -49 -50 -51 -52 -53 -54 -55 -56 -57 -58 -59 -60 -61 -62 -63
leaf_value=0 0 0 0 0 0 0 0 1.7004570716880706e-06 0 0.0088254044717699272 0 0 0.00072890911006602251 0 0 0 0 0 0 0 0 0 0 0 0 0 0 0 0 0 0 0 -2.1042241916375695e-05 0 2.6811362118636026e-05 0 0 0 0 0 0 0 0 0 0 0 0 0 0 0 0 0 0 0 0 0 0 0 0 0 0 0
leaf_weight=5811 1830 2318 26132 3034 7679 2147 5989 3993 3997 104 303 3242 36468 2643 1041 7501 1660 760 14612 2036 18327 9186 335 743 2007 5293 6197 6003 7867 12073 7154 380 178 5383 43851 6055 5345 478 2892 1907 306 6894 131 3272 4387 17354 699 4728 1268 18222 13758 17081 4393 2339 7456 2385 114 339 2182 997 2469 252
leaf_count=5811 1830 2318 26132 3034 7679 2147 5989 3993 3997 104 303 3242 36468 2643 1041 7501 1660 760 14612 2036 18327 9186 335 743 2007 5293 6197 6003 7867 12073 7154 380 178 5383 43851 6055 5345 478 2892 1907 306 6894 131 3272 4387 17354 699 4728 1268 18222 13758 17081 4393 2339 7456 2385 114 339 2182 997 2469 252
internal_value=-0.00677794 -0.0111235 -0.00117007 -0.0150827 -0.00903745 -0.00776176 -0.00792777 -0.00332492 -0.00824862 -0.0134519 -0.010684 -0.0109407 8.62652e-05 -0.0112622 -0.00470141 -0.00250537 -0.0125493 -0.00783226 -0.0129588 -0.0118516 -0.00803932 -0.00279564 -0.0148854 -0.0179978 -0.00845977 -0.0104311 -0.00918367 -0.00996314 -0.0181468 -0.00704729 -0.0176019 -0.0132962 -0.00889317 -0.00788513 -0.000317949 -0.00503581 -0.0182273 -0.00551672 -0.0136573 -0.0101513 -0.015661 -0.0164384 -0.0115044 -0.0120747 -0.00909988 -0.010203 -0.0105495 -0.0145447 -0.0133243 -0.00238114 -0.00526548 -0.0125156 -0.00566291 -0.00751321 -0.0107795 -0.0118487 -0.0150576 -0.0101572 -0.0133786 -0.0125172 -0.0102162 -0.0117646
internal_weight=385980 217465 168515 75042 142423 80248 78101 62064 70422 48122 62175 57518 106451 49711 23162 38902 29646 59140 25265 31940 53987 34909 18476 26920 37917 11282 19590 12200 26177 16070 18310 22555 7807 7390 69983 21332 12499 15277 18772 2710 12263 7229 3783 3403 7629 17771 2606 5034 15880 27408 14236 19724 5153 4657 12216 4760 417 2375 6213 4031 4381 1912
internal_count=385980 217465 168515 75042 142423 80248 78101 62064 70422 48122 62175 57518 106451 49711 23162 38902 29646 59140 25265 31940 53987 34909 18476 26920 37917 11282 19590 12200 26177 16070 18310 22555 7807 7390 69983 21332 12499 15277 18772 2710 12263 7229 3783 3403 7629 17771 2606 5034 15880 27408 14236 19724 5153 4657 12216 4760 417 2375 6213 4031 4381 1912
cat_boundaries=0 1 2 3 4 5 6 7 8 9 10 11 12 13 14 15
cat_threshold=32801 104064 6552 269964 1 395312 262149 21 65920 198808 524288 71936 264197 131765 332425
is_linear=0
shrinkage=0.03


Tree=135
num_leaves=63
num_cat=14
split_feature=7 7 7 7 7 7 22 15 12 24 15 12 7 19 19 15 15 22 12 15 24 24 19 22 24 24 21 24 7 19 25 22 20 19 22 7 15 19 24 15 24 19 19 7 12 24 19 12 19 24 19 24 12 25 15 14 21 24 14 19 19 21
split_gain=10432.6 1905.39 563.78 405.098 309.352 91.8415 86.8675 83.0576 70.9457 61.7141 58.1411 45.8205 37.9135 35.0821 34.9119 33.7313 29.9384 26.6429 26.6053 25.4372 23.31 21.7707 20.0911 19.9772 19.4372 18.8124 18.7796 18.5674 18.4728 18.2227 18.0565 17.8414 17.7952 15.5829 15.4991 15.1231 13.6769 13.0457 14.5467 12.1081 12.0272 11.9549 10.9544 12.3982 10.8726 11.2101 10.4248 10.2355 10.2332 10.1638 17.4009 9.72375 9.33691 9.24969 9.23973 9.20052 9.57685 9.071 9.01837 8.88109 9.82725 9.1255
threshold=1.6875000000000002 0.81250000000000011 2.866071462631226 0.50892856717109691 1.1339285969734194 2.1696429252624516 1.0000000180025095e-35 0.88805964589118969 0.62500000000000011 0 0.83485752344131481 1.6250000000000002 3.6517857313156132 47.500000000000007 23.500000000000004 0.8609888255596162 0.89709714055061351 1.0000000180025095e-35 2.6250000000000004 0.71422553062438976 1 2 16.500000000000004 1.0000000180025095e-35 3 4 25.500000000000004 5 0.36607143282890325 16.500000000000004 6 1.0000000180025095e-35 2.5000000000000004 45.500000000000007 1.0000000180025095e-35 1.866071403026581 0.91289180517196666 19.500000000000004 7 0.7833717167377473 8 25.500000000000004 17.500000000000004 0.65178570151329052 2.3750000000000004 9 7.5000000000000009 1.8750000000000002 37.500000000000007 10 4.5000000000000009 11 1.6250000000000002 12 0.9991869628429414 1.000000059604645 20.500000000000004 13 1.0134074687957766 4.5000000000000009 37.500000000000007 3.5000000000000004
decision_type=2 2 2 2 2 2 2 2 2 1 2 2 2 2 2 2 2 2 2 2 1 1 2 2 1 1 2 1 2 2 1 2 2 2 2 2 2 2 1 2 1 2 2 2 2 1 2 2 2 1 2 1 2 1 2 2 2 1 2 2 2 2
left_child=1 3 5 17 10 15 7 -6 20 29 40 14 -4 19 -12 -2 -7 28 22 -11 -9 -18 24 27 -10 52 36 -16 -1 54 48 35 -32 -29 51 -17 -21 55 -39 -40 -3 -14 -31 -44 45 -37 -28 -23 -27 50 -38 -13 -24 -19 -5 -30 -57 -20 -22 -51 -61 -62
right_child=2 4 12 9 6 16 -8 8 18 13 11 34 41 -15 23 31 21 53 57 26 58 47 25 -25 -26 30 46 33 37 42 32 -33 -34 -35 -36 44 49 38 39 -41 -42 -43 43 -45 -46 -47 -48 -49 -50 59 -52 -53 -54 -55 -56 56 -58 -59 -60 60 61 -63
leaf_value=0 0 0 0 0 0 -3.385886878441164e-05 0 0 0 0 0 0 0.00062809912940301361 0 0 0 0 0 0 0 0 0 0 0 0 0 0 0 0 0 0 1.7433423853579404e-09 0 0 -7.8395879015794585e-05 0 0 0 0 0 0 0.002234492741454229 0 0 0 0 0 0 0 0 0 0 0 0 0 0 0 0 0 0 0 0
leaf_weight=12753 2117 1078 31063 177 6938 3998 2081 5755 6681 311 16370 3768 38712 4273 4836 9332 7500 142 707 1798 2303 9152 12285 989 6289 3295 130 22067 937 379 7762 612 5918 6291 186 4549 485 1652 326 9998 2664 36316 7841 4701 4521 5719 4029 18256 3696 246 10110 3926 6161 644 3902 1694 733 3957 2951 3150 465 3847
leaf_count=12753 2117 1078 31063 177 6938 3998 2081 5755 6681 311 16370 3768 38712 4273 4836 9332 7500 142 707 1798 2303 9152 12285 989 6289 3295 130 22067 937 379 7762 612 5918 6291 186 4549 485 1652 326 9998 2664 36316 7841 4701 4521 5719 4029 18256 3696 246 10110 3926 6161 644 3902 1694 733 3957 2951 3150 465 3847
internal_value=-0.00675737 -0.0111831 -0.00125437 -0.0150463 -0.00910566 -0.00343698 -0.00783187 -0.00800029 -0.0083204 -0.0132931 -0.0106786 -0.0109108 9.84345e-05 -0.0124159 -0.0112425 -0.00478659 -0.00250558 -0.0178293 -0.00789285 -0.0128565 -0.0105244 -0.00278721 -0.00808722 -0.0117881 -0.00706399 -0.00842649 -0.0129658 -0.0119132 -0.0179817 -0.0147654 -0.00906905 -0.00509768 -0.00972973 -0.0122231 -0.00878299 -0.00522603 -0.0133455 -0.0172803 -0.017744 -0.0182241 -0.00705345 0.000463347 -0.015326 -0.0151741 -0.00462932 -0.00516907 -0.0111308 -0.00239208 -0.00776418 -0.0135907 -0.01429 -0.00898986 -0.00769733 -0.0123817 -0.013026 -0.0156296 -0.0166044 -0.00572213 -0.0120228 -0.0125947 -0.0124262 -0.0133567
internal_weight=385524 213677 171847 74723 138954 65756 76779 74698 67760 45844 62175 58433 106091 28844 50553 26850 38906 28879 56751 24571 11009 34908 52087 34183 12970 39117 24260 33194 28093 17000 20671 24733 13680 28358 7880 24121 20101 15340 11976 10324 3742 75028 12921 12542 14789 10268 4159 27408 6991 18303 10595 7694 18446 786 4079 3364 2427 4664 5254 7708 7462 4312
internal_count=385524 213677 171847 74723 138954 65756 76779 74698 67760 45844 62175 58433 106091 28844 50553 26850 38906 28879 56751 24571 11009 34908 52087 34183 12970 39117 24260 33194 28093 17000 20671 24733 13680 28358 7880 24121 20101 15340 11976 10324 3742 75028 12921 12542 14789 10268 4159 27408 6991 18303 10595 7694 18446 786 4079 3364 2427 4664 5254 7708 7462 4312
cat_boundaries=0 1 2 3 4 5 6 7 8 9 10 11 12 13 14
cat_threshold=32801 269964 104064 37804 6552 71688 1 295440 53 38033 262276 199060 2 264197
is_linear=0
shrinkage=0.03


Tree=136
num_leaves=63
num_cat=12
split_feature=7 7 7 7 7 7 22 24 7 12 12 24 19 24 19 19 22 7 13 24 22 24 19 24 19 6 19 12 12 13 24 13 18 19 13 24 21 12 18 22 22 19 19 19 19 7 19 7 21 21 19 24 22 24 19 21 21 24 24 19 12 7
split_gain=10424.6 1846.85 650.146 397.038 284.02 114.097 75.5454 64.5982 59.6829 58.0739 41.7432 34.8919 31.8592 26.4871 23.8065 23.6572 21.1924 20.6778 20.6419 19.7192 19.1994 18.5765 21.436 18.4916 19.5705 17.2595 15.3468 14.9875 14.6151 14.4577 13.8957 13.6811 12.9864 14.1019 15.9752 12.225 12.0746 12.0617 11.3414 11.1187 11.0353 10.7453 16.424 10.3441 10.1459 9.89509 11.1666 9.72577 9.491 9.23766 9.24828 15.9121 9.08902 9.31236 13.7104 9.04113 9.03913 10.3084 8.9628 8.92621 8.87829 8.87262
threshold=1.6339285969734194 0.81250000000000011 2.4553570747375493 0.50892856717109691 1.1339285969734194 3.5089285373687749 1.0000000180025095e-35 0 1.9732142686843874 1.1250000000000002 1.6250000000000002 1 25.500000000000004 2 47.500000000000007 42.500000000000007 1.0000000180025095e-35 2.866071462631226 2.120000004768372 3 1.0000000180025095e-35 4 6.5000000000000009 5 18.500000000000004 5.1250000000000009 22.500000000000004 1.8750000000000002 0.62500000000000011 10.275000095367433 6 2.4250000715255742 5.5000000000000009 42.500000000000007 7.4249999523162851 7 25.500000000000004 0.62500000000000011 2.5000000000000004 1.0000000180025095e-35 1.0000000180025095e-35 24.500000000000004 37.500000000000007 12.500000000000002 20.500000000000004 0.43750000000000006 19.500000000000004 1.7589285969734194 11.500000000000002 11.500000000000002 20.500000000000004 8 1.0000000180025095e-35 9 44.500000000000007 13.500000000000002 19.500000000000004 10 11 48.500000000000007 0.87500000000000011 1.2232142686843874
decision_type=2 2 2 2 2 2 2 1 2 2 2 1 2 1 2 2 2 2 2 1 2 1 2 1 2 2 2 2 2 2 1 2 2 2 2 1 2 2 2 2 2 2 2 2 2 2 2 2 2 2 2 1 2 1 2 2 2 1 1 2 2 2
left_child=1 3 8 13 10 17 9 32 16 11 12 26 31 -1 21 56 38 -4 -15 27 35 22 -9 -10 -25 -7 58 43 -13 36 -16 44 -5 -34 -35 -12 -24 -23 -2 -39 45 -21 -43 -11 -3 59 -47 -40 -31 -8 51 -51 53 54 -17 -55 60 -58 -6 -20 -14 -44
right_child=2 4 5 7 6 25 49 14 23 19 20 28 15 18 30 52 -18 -19 40 41 -22 37 29 24 -26 -27 -28 -29 -30 48 -32 -33 33 34 -36 -37 -38 39 47 -41 -42 42 61 -45 -46 46 -48 -49 -50 50 -52 -53 -54 55 -56 -57 57 -59 -60 -61 -62 -63
leaf_value=0 0 0 0 0 0 0.00016797837572068872 6.9662618938525137e-09 0 0 0 0 0 0 0 0 0 5.1490954084842596e-06 0 0 0 6.7915437960920591e-06 0 0 0 0 0.00046937568968725475 0 0 0 0 0 0 0 0 0 0 0 0 0 0 0 0 0 0 0 0 0 0 0 0.02999974369890774 0 0 0 0 0 0 0 0 0 0 0 0
leaf_weight=1891 2109 295 24723 5376 4201 52065 801 1355 11533 1420 4113 5550 7952 6315 2242 1283 540 26042 14626 11304 192 5253 11413 3807 9579 28089 10134 8002 8003 704 2471 18786 6815 702 720 4128 2469 4824 8485 148 573 5971 631 8924 169 668 2676 9994 1363 123 753 244 669 2649 4693 3923 1501 6109 2993 1922 5684 2666
leaf_count=1891 2109 295 24723 5376 4201 52065 801 1355 11533 1420 4113 5550 7952 6315 2242 1283 540 26042 14626 11304 192 5253 11413 3807 9579 28089 10134 8002 8003 704 2471 18786 6815 702 720 4128 2469 4824 8485 148 573 5971 631 8924 169 668 2676 9994 1363 123 753 244 669 2649 4693 3923 1501 6109 2993 1922 5684 2666
internal_value=-0.00675986 -0.0113068 -0.00140542 -0.0150919 -0.00919959 -0.000327019 -0.00791327 -0.0133605 -0.0044715 -0.0080748 -0.0106841 -0.00904624 -0.0109921 -0.0178611 -0.0126009 -0.0115382 -0.00564445 -0.00143987 -0.0181221 -0.00730397 -0.00872181 -0.0129421 -0.0135889 -0.00347699 -0.00423798 0.000377798 -0.00812585 -0.00656417 -0.0102095 -0.0139045 -0.0106346 -0.0100145 -0.0151392 -0.0158989 -0.0131814 -0.0089403 -0.013556 -0.0118227 -0.00579833 -0.0107751 -0.0185915 -0.00795666 -0.00871774 -0.00732193 -0.0151034 -0.0187097 -0.0172213 -0.0060362 -0.0162453 -0.00204425 -0.00380357 -0.00770845 -0.0105417 -0.0107233 -0.00973973 -0.0115852 -0.0121581 -0.0113298 -0.00707089 -0.0190105 -0.0126204 -0.0070182
internal_weight=385358 208392 176966 74526 133866 130919 71720 45855 46047 69799 62146 30881 53713 28671 32242 34463 21128 50765 26780 38918 8433 27529 17304 24919 13386 80154 17328 18346 13553 15949 4713 19250 13613 8237 1422 8241 13882 10225 20588 4972 20465 20572 9268 10344 464 19892 3344 18479 2067 1921 1120 367 13217 12548 5976 6572 21246 7610 7194 16548 13636 3297
internal_count=385358 208392 176966 74526 133866 130919 71720 45855 46047 69799 62146 30881 53713 28671 32242 34463 21128 50765 26780 38918 8433 27529 17304 24919 13386 80154 17328 18346 13553 15949 4713 19250 13613 8237 1422 8241 13882 10225 20588 4972 20465 20572 9268 10344 464 19892 3344 18479 2067 1921 1120 367 13217 12548 5976 6572 21246 7610 7194 16548 13636 3297
cat_boundaries=0 1 2 3 4 5 6 7 8 9 10 11 12
cat_threshold=33 269964 295440 168344 295044 550984 66948 199068 68624 366601 202752 6660
is_linear=0
shrinkage=0.03


Tree=137
num_leaves=63
num_cat=19
split_feature=6 6 6 6 6 24 23 6 24 6 12 24 12 24 24 6 17 27 6 24 23 17 18 24 25 12 17 24 18 24 17 22 18 22 22 6 24 6 18 24 6 12 18 22 18 18 18 18 24 22 12 9 25 24 27 18 14 25 17 24 18 22
split_gain=10192.7 1875.61 568.401 370.831 282.895 101.432 83.0582 68.8993 62.9475 45.9323 44.8721 58.3157 29.6182 27.4093 24.6262 24.0535 20.4837 28.7093 19.8805 19.1408 18.3115 17.8888 16.8145 17.3402 21.5441 15.9358 15.5146 19.333 14.9071 15.1667 20.3058 14.5526 13.6669 13.3679 13.1958 12.6001 12.5153 12.5097 12.3355 12.2492 11.8721 11.6739 11.6518 11.1024 11.049 11.2141 10.9041 9.77409 9.76373 9.65219 9.53473 9.41004 9.00988 20.9832 9.23073 8.76082 8.65895 8.43713 9.93608 8.84115 9.81186 8.32704
threshold=1.7321428656578066 0.73214286565780651 2.553571462631226 1.1607143282890322 0.44642856717109686 0 1.5000000000000002 3.553571462631226 1 0.94642856717109691 1.6250000000000002 2 0.87500000000000011 3 4 1.9821428656578066 2.5000000000000004 5 5.1250000000000009 6 2.5000000000000004 5.5000000000000009 5.5000000000000009 7 8 0.62500000000000011 3.5000000000000004 9 6.5000000000000009 10 3.5000000000000004 1.0000000180025095e-35 11.500000000000002 1.0000000180025095e-35 1.0000000180025095e-35 0.30357143282890325 11 2.0178571939468388 5.5000000000000009 12 0.51785713434219371 0.87500000000000011 7.5000000000000009 1.0000000180025095e-35 1.5000000000000002 10.500000000000002 2.5000000000000004 5.5000000000000009 13 1.0000000180025095e-35 2.8750000000000004 0.78400650620460521 14 15 16 6.5000000000000009 1.0143793225288393 17 2.5000000000000004 18 6.5000000000000009 1.0000000180025095e-35
decision_type=2 2 2 2 2 1 2 2 1 2 2 1 2 1 1 2 2 1 2 1 2 2 2 1 1 2 2 1 2 1 2 2 2 2 2 2 1 2 2 1 2 2 2 2 2 2 2 2 1 2 2 2 1 1 1 2 2 1 2 1 2 2
left_child=1 4 5 9 14 37 10 39 26 13 11 25 61 31 16 33 43 35 -9 -12 28 -19 -13 24 -24 56 27 34 48 51 -31 44 36 52 40 42 38 -2 -10 -4 -6 -15 -18 55 -3 -46 -17 -29 -14 -38 -21 -30 -7 -54 -55 -1 -5 58 -27 60 -59 -11
right_child=2 3 7 6 8 15 -8 18 32 12 19 22 20 41 -16 46 17 21 -20 50 -22 -23 23 -25 -26 57 -28 47 29 30 -32 -33 -34 -35 -36 -37 49 -39 -40 -41 -42 -43 -44 -45 45 -47 -48 -49 -50 -51 -52 -53 53 54 -56 -57 -58 59 -60 -61 -62 -63
leaf_value=0 0 0 0 0 0 0 0 9.7114985440409624e-07 0 0 0 0 0 0 0 0 0 0 0.00046918179340260988 0 0 0 0 0 0 0 0 0 0 0 0 0 0 0 0 0 0 0 0 0 0 0 0 0 0 0 0 0 0 0 0 0 0 0 0 0 0 0 0 0 0 0
leaf_weight=2962 4921 800 8442 1892 1473 6639 1860 48926 3647 16008 9610 10423 632 12544 2366 978 511 3617 27991 12103 331 1206 4143 5981 6571 1600 7583 2073 335 4800 2755 452 2974 367 143 5352 7048 16742 10372 35670 3302 9517 2360 300 12773 3106 13125 3028 8003 211 2224 4042 3959 2447 369 6505 2667 4940 2571 592 3877 466
leaf_count=2962 4921 800 8442 1892 1473 6639 1860 48926 3647 16008 9610 10423 632 12544 2366 978 511 3617 27991 12103 331 1206 4143 5981 6571 1600 7583 2073 335 4800 2755 452 2974 367 143 5352 7048 16742 10372 35670 3302 9517 2360 300 12773 3106 13125 3028 8003 211 2224 4042 3959 2447 369 6505 2667 4940 2571 592 3877 466
internal_value=-0.00675967 -0.0111098 -0.00128554 -0.00922005 -0.0152713 -0.00399215 -0.00765922 -0.000177503 -0.0137597 -0.0106686 -0.00782738 -0.00838299 -0.00991609 -0.0113861 -0.017784 -0.00518886 -0.0181129 -0.0188987 0.000364562 -0.00677691 -0.00916624 -0.0207363 -0.00748695 -0.00807996 -0.00882208 -0.0097131 -0.0151632 -0.0143969 -0.00927889 -0.00996597 -0.0108202 -0.0123264 -0.0127295 -0.00608207 -0.0128766 -0.0178209 -0.013001 -0.00244825 -0.0135856 -0.00112269 -0.0131717 -0.0106455 -0.0194242 -0.0170819 -0.0124775 -0.0126509 -0.00431972 -0.0158065 -0.00832947 -0.011837 -0.00605838 -0.00844746 -0.00623662 -0.00703242 -0.00904883 -0.017262 -0.0112531 -0.00920324 -0.00794953 -0.00974021 -0.0094629 -0.0108673
internal_weight=385227 214651 170576 147618 67033 49547 71054 121029 41854 76564 69194 45257 37372 39192 25179 27884 22813 13046 76917 23937 20898 4823 27118 16695 10714 18139 17602 10019 20567 11932 7555 17131 24252 13781 4918 8223 21278 21663 14019 44112 4775 22061 2871 9767 16679 15879 14103 5101 8635 7259 14327 4377 13414 6775 2816 9467 4559 13580 4171 9409 8817 16474
internal_count=385227 214651 170576 147618 67033 49547 71054 121029 41854 76564 69194 45257 37372 39192 25179 27884 22813 13046 76917 23937 20898 4823 27118 16695 10714 18139 17602 10019 20567 11932 7555 17131 24252 13781 4918 8223 21278 21663 14019 44112 4775 22061 2871 9767 16679 15879 14103 5101 8635 7259 14327 4377 13414 6775 2816 9467 4559 13580 4171 9409 8817 16474
cat_boundaries=0 1 2 3 4 5 6 7 8 9 10 11 12 13 14 15 16 17 18 19
cat_threshold=550986 131105 491569 262693 131109 1 330789 1924 1 131073 200984 295044 103560 131104 1 5377 1 1 98321
is_linear=0
shrinkage=0.03


Tree=138
num_leaves=63
num_cat=6
split_feature=7 7 7 7 7 23 15 7 12 15 12 18 18 7 15 15 15 6 22 10 12 7 18 18 17 18 22 27 22 17 10 12 12 7 7 18 12 12 15 26 23 27 10 7 12 10 10 7 27 17 18 7 27 18 18 17 5 17 27 7 15 17
split_gain=10418.9 2009.2 462.508 400.117 333.851 103.744 82.6476 70.5788 66.0442 51.3189 47.4524 38.3682 36.2095 36.1093 33.3431 30.1419 28.6684 26.5133 26.1489 25.8254 25.2316 23.3121 23.4447 22.7708 21.1867 17.1328 16.4026 16.3538 15.4968 15.4695 14.7631 13.6255 13.2832 12.846 12.4321 12.2711 12.1945 10.2649 10.2533 10.0459 9.96448 9.73172 9.7251 9.59198 9.3629 8.80974 8.73705 8.6104 8.01675 8.51574 8.00063 7.93381 8.57578 7.7036 7.61548 7.53235 7.44171 7.39975 8.89567 7.38573 7.25277 7.20567
threshold=1.7589285969734194 0.81250000000000011 2.866071462631226 0.50892856717109691 1.151785731315613 2.5000000000000004 0.88805964589118969 2.2232142686843877 0.62500000000000011 0.86604186892509472 1.6250000000000002 6.5000000000000009 11.500000000000002 4.8303573131561288 0.86604186892509472 0.89709714055061351 0.80553331971168529 0.51785713434219371 1.0000000180025095e-35 2.8413627147674565 2.6250000000000004 0.65178570151329052 2.5000000000000004 4.5000000000000009 2.5000000000000004 10.500000000000002 1.0000000180025095e-35 0 1.0000000180025095e-35 5.5000000000000009 1.1755914092063906 2.3750000000000004 1.8750000000000002 3.616071462631226 0.20535714179277423 5.5000000000000009 0.87500000000000011 1.6250000000000002 0.89553290605545055 1 2.5000000000000004 2 1.5614526271820071 1.5625000000000002 0.62500000000000011 1.7755057811737063 1.2894279956817629 0.43750000000000006 3 1.5000000000000002 10.500000000000002 1.4196428656578066 4 6.5000000000000009 2.5000000000000004 3.5000000000000004 0.67857143282890331 3.5000000000000004 5 1.4732142686843874 0.83184513449668895 3.5000000000000004
decision_type=2 2 2 2 2 2 2 2 2 2 2 2 2 2 2 2 2 2 2 2 2 2 2 2 2 2 2 1 2 2 2 2 2 2 2 2 2 2 2 1 2 1 2 2 2 2 2 2 1 2 2 2 1 2 2 2 2 2 1 2 2 2
left_child=1 3 7 17 9 6 59 14 45 41 11 36 16 33 -2 -9 -5 18 24 32 23 35 -23 51 -1 43 30 34 -12 47 38 40 53 -4 -26 -18 -11 -27 -13 -14 -16 46 -22 48 -24 -8 -3 -29 -25 -50 -40 52 -10 -17 -53 60 -51 58 -35 -6 -19 -41
right_child=2 4 13 12 5 -7 8 15 20 10 28 26 39 -15 31 19 21 55 -20 -21 42 22 44 25 27 37 -28 29 -30 -31 -32 -33 -34 57 -36 -37 -38 -39 50 61 -42 -43 -44 -45 -46 -47 -48 -49 49 56 -52 54 -54 -55 -56 -57 -58 -59 -60 -61 -62 -63
leaf_value=0 0 0 0 0 0 6.7572740370369377e-09 0 1.2902190387873845e-05 0 0 0 0 0 0.00057989817385792114 0 0 0 0 0 -4.0417982128200582e-06 0 0 0 0 0 0 0 0 -7.6247748959203525e-05 0 0 0 0 0.005300663425347023 0 0 0 0 0 0 1.4295074046049546e-05 0 0 0 0 0 0 0 0 0 0 0 0 0 0 0 0 0.004367850395541344 -0.0047032746513694934 0 0 0
leaf_weight=10523 1931 1598 29855 2020 4202 1495 9387 3745 4248 10893 8036 241 1796 34938 15598 4168 5361 143 704 3223 1728 1454 10012 6320 587 4610 859 3920 196 1367 11897 6830 19211 9339 7690 12173 8450 2681 14412 1562 277 2862 3602 7101 10223 1582 431 454 5223 352 5391 1981 3688 5628 4648 1541 12940 17670 14274 2870 1896 1280
leaf_count=10523 1931 1598 29855 2020 4202 1495 9387 3745 4248 10893 8036 241 1796 34938 15598 4168 5361 143 704 3223 1728 1454 10012 6320 587 4610 859 3920 196 1367 11897 6830 19211 9339 7690 12173 8450 2681 14412 1562 277 2862 3602 7101 10223 1582 431 454 5223 352 5391 1981 3688 5628 4648 1541 12940 17670 14274 2870 1896 1280
internal_value=-0.00675755 -0.011065 -0.00110782 -0.0150568 -0.008993 -0.00767685 -0.00782851 -0.00319838 -0.00814037 -0.0105792 -0.0108186 -0.0111528 -0.0133166 8.67115e-05 -0.00443546 -0.00235122 -0.0135992 -0.0178267 -0.0181693 -0.00264722 -0.00774372 -0.0137787 -0.0131211 -0.0079388 -0.0183329 -0.00831491 -0.0117777 -0.0190966 -0.00870189 -0.0203269 -0.0118878 -0.00475732 -0.00293029 -0.000301189 -0.0182432 -0.0145921 -0.0100931 -0.00700274 -0.0123847 -0.0108034 -0.00523937 -0.00762359 -0.00577486 -0.00861448 -0.0133855 -0.0102783 -0.00921291 -0.0211975 -0.00889249 -0.0092074 -0.0123098 -0.00692585 -0.00756578 -0.00382932 -0.00615975 -0.0154106 -0.00880409 4.16395e-05 -0.000305806 -0.00473756 -0.0142143 -0.012
internal_weight=385317 218630 166687 74706 143924 78658 77163 60611 70091 65266 60375 52143 45881 106076 24636 35975 41243 28825 25245 32230 59122 39223 21689 53792 24541 39227 32800 14018 8232 5741 31941 22705 29007 71138 8277 17534 19343 7291 20044 4638 15875 4891 5330 31936 20235 10969 2029 4374 24835 18515 19803 14565 7936 9796 6629 3580 13292 41283 23613 7072 2039 2842
internal_count=385317 218630 166687 74706 143924 78658 77163 60611 70091 65266 60375 52143 45881 106076 24636 35975 41243 28825 25245 32230 59122 39223 21689 53792 24541 39227 32800 14018 8232 5741 31941 22705 29007 71138 8277 17534 19343 7291 20044 4638 15875 4891 5330 31936 20235 10969 2029 4374 24835 18515 19803 14565 7936 9796 6629 3580 13292 41283 23613 7072 2039 2842
cat_boundaries=0 1 2 3 4 5 6
cat_threshold=1 5 1 2 1 1
is_linear=0
shrinkage=0.03


Tree=139
num_leaves=63
num_cat=7
split_feature=7 7 7 7 7 7 15 15 7 18 15 7 15 10 15 19 19 18 18 17 19 10 19 19 10 7 5 14 14 26 25 17 7 15 19 25 19 19 7 18 14 25 25 5 15 27 18 5 10 27 17 14 18 17 10 17 19 10 19 15 17 17
split_gain=10391 1888.17 575.848 403.021 304.228 99.7672 96.0547 53.6752 38.7692 35.0337 34.5403 33.462 30.6737 29.1289 29.0123 27.7167 26.2671 26.1502 26.9828 25.5565 21.1719 17.0827 15.828 19.1122 14.1296 13.163 13.1097 12.8676 19.1962 18.5733 12.4623 12.2884 12.2461 11.5086 10.7026 11.4295 10.6764 11.338 13.0419 10.597 10.3009 10.2166 10.1241 9.8676 9.58127 9.19794 9.12836 9.00984 8.87811 8.86014 25.6646 8.58878 8.3396 8.79937 7.95619 7.92572 7.90939 7.77272 7.71046 9.6163 7.4961 9.8228
threshold=1.6875000000000002 0.81250000000000011 2.866071462631226 0.49107143282890325 1.1339285969734194 2.1696429252624516 0.91289180517196666 0.87994369864463817 0.61607143282890331 6.5000000000000009 0.8609888255596162 4.794642686843873 0.89709714055061351 2.8413627147674565 0.84258803725242626 47.500000000000007 6.5000000000000009 4.5000000000000009 10.500000000000002 3.5000000000000004 45.500000000000007 1.1461999416351321 45.500000000000007 24.500000000000004 0.90209394693374645 1.901785731315613 3.4642857313156132 1.0263267159461977 1.0264415144920351 0 1 4.5000000000000009 3.5089285373687749 0.78840944170951854 15.500000000000002 2 44.500000000000007 25.500000000000004 0.33035713434219366 8.5000000000000018 0.79403582215309154 3 4 0.60714286565780651 0.70940351486206066 5 2.5000000000000004 0.60714286565780651 1.2348572015762331 6 5.5000000000000009 1.0520055294036867 2.5000000000000004 1.5000000000000002 1.2348572015762331 2.5000000000000004 5.5000000000000009 1.1007876396179201 19.500000000000004 0.79887476563453685 1.0000000180025095e-35 3.5000000000000004
decision_type=2 2 2 2 2 2 2 2 2 2 2 2 2 2 2 2 2 2 2 2 2 2 2 2 2 2 2 2 2 1 1 2 2 2 2 1 2 2 2 2 2 1 1 2 2 1 2 2 2 1 2 2 2 2 2 2 2 2 2 2 2 2
left_child=1 3 5 19 7 10 -6 45 22 47 -2 32 -7 26 44 16 57 40 27 24 21 -11 23 -5 33 -12 34 29 -29 31 46 42 -4 39 -14 -36 37 38 -35 -1 -8 -20 -19 -31 -10 48 -21 -9 -3 -32 -51 -18 53 -49 -42 -47 -55 -16 -57 -60 -45 -62
right_child=2 4 11 8 6 12 17 9 14 20 25 -13 13 -15 15 -17 51 18 41 30 -22 -23 -24 -25 -26 -27 -28 28 -30 43 49 -33 -34 36 35 -37 -38 -39 -40 -41 54 -43 -44 60 -46 55 -48 52 -50 50 -52 -53 -54 56 -56 58 -58 -59 59 -61 61 -63
leaf_value=0 0 0 0 0 0 -2.2023373505190997e-06 0 0 -8.7300036424375663e-05 0 0 0.00059286309594299368 0 -2.9343004272241626e-06 0 0 0 0 0 0 0 0 0 0 0 0 -5.3954479855486264e-05 0 0 0 0 0 8.8036664563792948e-05 0 0 0 0 0 0 0 0 0 0 0 0 0 0 0 0 0 0 0 0 0 0 0 0 0 0 0 0 0
leaf_weight=191 2106 1613 26079 4957 7590 4009 1201 1792 116 15742 11169 35753 5881 3301 985 3644 20484 5361 5107 106 9244 10637 2783 9406 826 13618 1596 145 16775 268 5481 3925 44166 1534 11492 12629 3627 6168 2631 322 3606 4448 4499 1412 1902 1406 1880 1999 500 2644 1331 3236 13058 2924 14089 474 1761 366 624 564 4145 4173
leaf_count=191 2106 1613 26079 4957 7590 4009 1201 1792 116 15742 11169 35753 5881 3301 985 3644 20484 5361 5107 106 9244 10637 2783 9406 826 13618 1596 145 16775 268 5481 3925 44166 1534 11492 12629 3627 6168 2631 322 3606 4448 4499 1412 1902 1406 1880 1999 500 2644 1331 3236 13058 2924 14089 474 1761 366 624 564 4145 4173
internal_value=-0.00674604 -0.0111622 -0.00125276 -0.0150121 -0.00909668 -0.0034572 -0.00783212 -0.0106535 -0.0133644 -0.0109185 -0.00486227 0.0001157 -0.00248602 -0.00277151 -0.0127267 -0.0129711 -0.0133264 -0.00818373 -0.00854145 -0.0179622 -0.011496 -0.0119289 -0.0145073 -0.0149085 -0.0171601 -0.00517566 -0.00305165 -0.00887824 -0.00951064 -0.00842833 -0.0190346 -0.00767778 -0.000264574 -0.0173779 -0.00319259 -0.00347237 -0.0175401 -0.0180316 -0.0168223 -0.0129649 -0.00723232 -0.00710675 -0.00824848 -0.00944604 -0.00924975 -0.00772959 -0.0162385 -0.00996322 -0.00925272 -0.019584 -0.020683 -0.0135582 -0.00977834 -0.00891652 -0.00741481 -0.00668057 -0.00962753 -0.00925759 -0.00808303 -0.00937374 -0.00929907 -0.008956
internal_weight=385501 213702 171799 74620 139082 65801 76744 62338 47879 57157 26893 105998 38908 34899 30733 28715 25071 69154 50258 26741 35623 26379 17146 14363 15299 24787 31598 40703 16920 23783 11442 13785 70245 14473 30002 24121 13960 10333 4165 513 18896 9555 9860 9998 2018 5181 1986 21534 2113 9456 3975 23720 19742 6684 17695 3068 4685 1351 1662 1188 9730 8318
internal_count=385501 213702 171799 74620 139082 65801 76744 62338 47879 57157 26893 105998 38908 34899 30733 28715 25071 69154 50258 26741 35623 26379 17146 14363 15299 24787 31598 40703 16920 23783 11442 13785 70245 14473 30002 24121 13960 10333 4165 513 18896 9555 9860 9998 2018 5181 1986 21534 2113 9456 3975 23720 19742 6684 17695 3068 4685 1351 1662 1188 9730 8318
cat_boundaries=0 1 2 3 4 5 6 7
cat_threshold=5 2 6 1 9 1 1
is_linear=0
shrinkage=0.03


Tree=140
num_leaves=63
num_cat=14
split_feature=5 10 5 11 24 24 10 5 11 10 15 12 15 15 10 22 12 24 12 10 24 24 24 15 12 12 13 15 24 24 19 24 10 18 12 10 13 18 19 22 19 19 12 10 12 24 24 22 22 15 13 22 12 22 15 24 22 11 24 24 12 13
split_gain=9589.94 1670.93 706.857 361.934 337.846 168.826 115.826 94.7775 92.5087 78.456 62.3937 54.1058 42.8719 41.258 40.7169 35.7409 33.9661 33.6303 33.5269 29.7496 28.6619 26.705 26.6197 25.9798 24.583 23.3991 23.0633 22.1008 21.5854 20.6145 20.6086 20.3654 19.7096 18.4627 17.4069 15.7345 15.5195 16.9161 18.9702 15.1783 17.1392 13.9404 13.7783 13.7418 13.0896 13.0592 12.9995 12.3699 12.256 11.9121 11.5486 11.2799 11.0819 10.973 10.7177 10.6704 10.5974 10.4814 10.4158 10.3143 10.2315 9.96188
threshold=1.6785714626312258 0.93915662169456493 2.5357142686843877 0.41071428358554846 0 1 1.4425640106201174 3.3214286565780644 0.62500000000000011 1.1755914092063906 0.87994369864463817 1.3750000000000002 0.9991869628429414 0.94937798380851757 0.62423235177993786 1.0000000180025095e-35 0.87500000000000011 2 0.62500000000000011 2.8413627147674565 3 4 5 0.84593328833580028 0.62500000000000011 2.3750000000000004 2.120000004768372 0.85390970110893261 6 7 17.500000000000004 8 0.78204792737960827 6.5000000000000009 6.3750000000000009 2.4897748231887822 3.5399999618530278 5.5000000000000009 45.500000000000007 1.0000000180025095e-35 24.500000000000004 45.500000000000007 1.6250000000000002 0.73148912191391002 1.6250000000000002 9 10 1.0000000180025095e-35 1.0000000180025095e-35 0.88449025154113781 2.4250000715255742 1.0000000180025095e-35 0.87500000000000011 1.0000000180025095e-35 0.77898260951042186 11 1.0000000180025095e-35 0.55357143282890331 12 13 2.6250000000000004 3.4250000715255742
decision_type=2 2 2 2 1 1 2 2 2 2 2 2 2 2 2 2 2 1 2 2 1 1 1 2 2 2 2 2 1 1 2 1 2 2 2 2 2 2 2 2 2 2 2 2 2 1 1 2 2 2 2 2 2 2 2 1 2 2 1 1 2 2
left_child=1 4 5 6 8 17 10 19 32 20 -3 21 -7 46 56 18 61 25 -12 29 44 59 -18 57 55 27 -10 -2 -20 -4 -26 -13 -1 -30 -9 -29 -22 -38 47 40 52 -42 -35 -28 54 -32 -11 -39 49 -23 -24 -52 -25 -33 -5 -14 -6 -16 -51 -8 -48 -15
right_child=2 3 7 9 14 12 11 34 26 13 15 31 24 16 23 -17 22 -19 28 -21 36 48 50 39 30 -27 43 35 33 -31 45 53 -34 42 -36 -37 37 38 -40 -41 41 -43 -44 -45 -46 -47 60 -49 -50 58 51 -53 -54 -55 -56 -57 -58 -59 -60 -61 -62 -63
leaf_value=0 2.4814363997911564e-06 0 0 0 0 0 1.2983056004233663e-05 1.3632661156377906e-05 0 0 0 0 0 0 0 0 0 0 0 -1.3727702161139559e-05 0 0 0 0 0 0 0 0 0 0 0 0 0 0 0.00085888133450134126 0 0 0 0 0 0 0 0 0 0 0 0 0 0 0 0 0 0 0 0 0 0 0 0 0 0.029999999999999999 0
leaf_weight=7047 750 3984 4329 482 3432 2764 261 68699 6142 1071 6291 2497 595 798 1024 1034 7487 12927 3389 8903 3051 679 358 4582 7699 5394 14324 7717 14528 21441 5532 13449 5897 9579 16562 1075 4559 10640 2847 784 14697 4443 4152 4142 1136 9563 2154 190 227 1846 8048 208 2241 404 10343 1371 100 660 6404 4364 104 13909
leaf_count=7047 750 3984 4329 482 3432 2764 261 68699 6142 1071 6291 2497 595 798 1024 1034 7487 12927 3389 8903 3051 679 358 4582 7699 5394 14324 7717 14528 21441 5532 13449 5897 9579 16562 1075 4559 10640 2847 784 14697 4443 4152 4142 1136 9563 2154 190 227 1846 8048 208 2241 404 10343 1371 100 660 6404 4364 104 13909
internal_value=-0.0067435 -0.0110681 -0.0015638 -0.00918554 -0.0148723 -0.00436689 -0.00772337 -0.000269298 -0.0168112 -0.0107715 -0.00872358 -0.0062974 -0.00603356 -0.00976123 -0.012585 -0.00908914 -0.0101041 -0.00271736 -0.00923912 -0.00159176 -0.0118087 -0.0076821 -0.00915204 -0.0122116 -0.00643134 -0.00368808 -0.0178956 -0.00458332 -0.00884151 -0.00210827 -0.00615372 -0.00513028 -0.0147627 -0.00911822 0.000268505 -0.005005 -0.0124965 -0.0121711 -0.0126986 -0.0124391 -0.0125633 -0.0130235 -0.0099102 -0.0184253 -0.0105653 -0.00679795 -0.00658846 -0.0132715 -0.00863212 -0.00881655 -0.0103163 -0.0100996 -0.0112723 -0.00558039 -0.0108956 -0.00965005 -0.0156268 -0.00859739 -0.00913091 -0.00577023 -0.00788624 -0.0111463
internal_weight=385309 209988 175321 140473 69515 55387 73088 119934 37552 67385 42957 30131 27524 34137 31963 38973 30808 27863 37939 34673 33248 13781 16101 28431 24760 14936 24608 9542 31648 25770 22794 16350 12944 28259 85261 8792 21287 18236 13677 26747 25963 19140 13731 18466 11961 15095 3329 10830 9156 8929 8614 8256 6823 13853 10825 1966 3532 1684 8250 4625 2258 14707
internal_count=385309 209988 175321 140473 69515 55387 73088 119934 37552 67385 42957 30131 27524 34137 31963 38973 30808 27863 37939 34673 33248 13781 16101 28431 24760 14936 24608 9542 31648 25770 22794 16350 12944 28259 85261 8792 21287 18236 13677 26747 25963 19140 13731 18466 11961 15095 3329 10830 9156 8929 8614 8256 6823 13853 10825 1966 3532 1684 8250 4625 2258 14707
cat_boundaries=0 1 2 3 4 5 6 7 8 9 10 11 12 13 14
cat_threshold=131105 551242 2312 73112 555340 203544 544776 103572 548938 4224 7940 331904 131120 532480
is_linear=0
shrinkage=0.03


Tree=141
num_leaves=63
num_cat=17
split_feature=7 7 7 7 7 23 7 24 7 22 25 24 22 6 10 17 10 27 14 17 24 24 24 24 7 24 17 17 17 7 17 7 24 17 17 13 17 10 24 17 24 24 17 13 24 23 13 13 14 23 24 7 14 14 17 24 10 17 24 14 17 13
split_gain=10337.3 1970.44 499.078 399.075 336.213 101.368 73.4874 62.4039 34.5157 32.6258 30.1207 35.4244 26.3224 25.8435 24.9463 24.6738 23.1397 21.6247 19.9015 18.2334 30.4724 17.7919 16.4481 16.1635 14.9516 19.883 14.3859 13.8233 14.1657 13.0642 13.0347 12.9959 11.3372 11.158 10.7016 10.3414 10.294 10.1448 10.1078 10.0567 22.1588 21.6427 10.0291 9.85462 9.52518 9.48047 9.45525 8.91953 8.80339 8.75327 8.37059 8.11993 8.07588 7.99808 7.89625 10.2544 7.89286 7.78138 17.6952 7.63094 7.71671 8.12458
threshold=1.741071403026581 0.81250000000000011 2.866071462631226 0.50892856717109691 1.151785731315613 2.5000000000000004 2.1696429252624516 0 4.7767856121063241 1.0000000180025095e-35 1 2 1.0000000180025095e-35 0.48214285075664526 1.2505096793174746 3.5000000000000004 2.8413627147674565 3 1.0468839406967165 2.5000000000000004 4 5 6 7 1.5089285969734194 8 3.5000000000000004 4.5000000000000009 1.5000000000000002 3.5089285373687749 3.5000000000000004 0.65178570151329052 9 3.5000000000000004 1.0000000180025095e-35 9.7699999809265154 1.0000000180025095e-35 1.8025987148284914 10 2.5000000000000004 11 12 3.5000000000000004 4.9649999141693124 13 2.5000000000000004 3.0449999570846562 11.329999923706056 1.0340240001678469 2.5000000000000004 14 1.8482142686843874 1.0134074687957766 1.1211546659469607 5.5000000000000009 15 0.48377145826816564 1.5000000000000002 16 1.0639122128486636 1.0000000180025095e-35 3.3499999046325688
decision_type=2 2 2 2 2 2 2 1 2 2 1 1 2 2 2 2 2 1 2 2 1 1 1 1 2 1 2 2 2 2 2 2 1 2 2 2 2 2 1 2 1 1 2 2 1 2 2 2 2 2 1 2 2 2 2 1 2 2 1 2 2 2
left_child=1 3 6 12 9 10 32 31 29 14 11 15 13 19 21 37 22 27 35 -1 -21 -3 53 30 -19 -26 -15 28 47 -4 -13 -5 -2 -33 43 49 44 -6 -38 41 -41 -16 -37 -25 -34 51 -22 -12 52 57 -11 -40 -30 -8 55 -42 -48 58 -9 60 61 -23
right_child=2 4 8 7 5 -7 16 18 -10 50 17 23 -14 26 39 -17 -18 24 -20 20 46 59 -24 34 25 -27 -28 -29 48 -31 -32 33 36 -35 -36 42 38 -39 45 40 54 -43 -44 -45 -46 -47 56 -49 -50 -51 -52 -53 -54 -55 -56 -57 -58 -59 -60 -61 -62 -63
leaf_value=0 0 0 0 0 0 6.5601453056904191e-09 0 0 0.00054550761309950734 0 0 0 0 0 0 0 -5.1455230515845552e-06 0 0 0 0 0 0 0 0 0 0 0 0 1.2181532615850147e-05 0 0 0 0 0 0 0 0 0 0 0 0 0 0 0 0.018849096933525836 0 0 0 0 0 0 0 0 0 0 0 0 0 0 0 0
leaf_weight=9790 3570 15961 26073 10246 357 1464 23593 3466 36342 691 1837 4215 786 2826 3513 358 3711 31725 4410 7214 4376 130 11561 323 4970 7139 2118 2395 1053 43573 3188 3940 681 2919 12974 3406 910 122 3133 5327 2679 5067 2502 1795 2100 239 470 573 1828 361 1079 12506 816 110 1381 2007 1149 13125 1735 1857 22067 3440
leaf_count=9790 3570 15961 26073 10246 357 1464 23593 3466 36342 691 1837 4215 786 2826 3513 358 3711 31725 4410 7214 4376 130 11561 323 4970 7139 2118 2395 1053 43573 3188 3940 681 2919 12974 3406 910 122 3133 5327 2679 5067 2502 1795 2100 239 470 573 1828 361 1079 12506 816 110 1381 2007 1149 13125 1735 1857 22067 3440
internal_value=-0.00675643 -0.0110798 -0.00117104 -0.0150207 -0.00900771 -0.00766717 -0.00330631 -0.0132915 8.033e-05 -0.0105936 -0.00781844 -0.00690018 -0.0177961 -0.0179484 -0.0107057 -0.0130094 -0.00251122 -0.00822493 -0.012412 -0.0183714 -0.0190986 -0.0111091 -0.00274836 -0.00666718 -0.00795793 -0.00706111 -0.0159806 -0.00961115 -0.00885361 -0.000310743 -0.0054824 -0.0147669 -0.00464553 -0.0137648 -0.00724434 -0.0120836 -0.00435175 -0.0087119 -0.00463402 -0.00982818 -0.0104123 -0.00905245 -0.0109895 -0.00527195 -0.00266343 -0.00480967 -0.0172931 -0.0106432 -0.00768704 -0.0124294 -0.00657627 -0.00490332 -0.00913483 -0.00229203 -0.00908985 -0.00851729 -0.0153632 -0.0125206 -0.0135026 -0.0116008 -0.0114705 -0.0101765
internal_weight=385272 217170 168102 74839 142331 77132 62114 46110 105988 65199 75668 23332 28729 27943 63429 837 38975 52336 29005 22999 13209 43455 35264 22495 43834 12109 4944 8502 6107 69646 7403 17105 23139 6859 15092 24595 19569 479 16788 19974 11394 8580 5908 2118 2781 15878 5995 2410 3697 18687 1770 15639 1869 23703 6067 4686 1619 18326 5201 27494 25637 3570
internal_count=385272 217170 168102 74839 142331 77132 62114 46110 105988 65199 75668 23332 28729 27943 63429 837 38975 52336 29005 22999 13209 43455 35264 22495 43834 12109 4944 8502 6107 69646 7403 17105 23139 6859 15092 24595 19569 479 16788 19974 11394 8580 5908 2118 2781 15878 5995 2410 3697 18687 1770 15639 1869 23703 6067 4686 1619 18326 5201 27494 25637 3570
cat_boundaries=0 1 2 3 4 5 6 7 8 9 10 11 12 13 14 15 16 17
cat_threshold=32801 1 1 4 131073 104840 550986 591488 6409 1045 540736 164001 137865 65856 5532 263684 262420
is_linear=0
shrinkage=0.03


Tree=142
num_leaves=63
num_cat=19
split_feature=7 7 7 7 7 7 15 22 24 15 20 15 7 15 17 10 24 22 25 24 20 24 10 15 24 15 24 22 24 10 24 14 24 15 17 7 7 24 17 24 24 24 22 20 15 10 17 24 24 17 17 24 24 20 20 10 7 20 20 24 15 17
split_gain=10361.7 1934.35 564.738 403.257 303.593 101.334 90.39 80.4811 65.9407 57.4867 40.7361 36.0966 32.7503 31.3097 28.0198 27.6423 27.5523 25.9502 23.7366 29.321 24.6246 45.5489 22.0983 22.0943 21.8386 21.3779 19.4276 17.2838 17.1766 16.2517 15.9976 15.6263 13.8945 13.398 12.8712 12.356 12.272 12.229 21.7913 11.0884 11.0339 11.0301 10.9275 10.5398 9.70778 10.9198 9.94778 22.359 19.861 9.4255 10.8726 17.9501 10.1525 9.40478 9.38923 9.38414 9.22069 9.03335 8.83682 17.491 8.69321 8.64604
threshold=1.6875000000000002 0.81250000000000011 2.866071462631226 0.49107143282890325 1.1339285969734194 2.1696429252624516 0.91289180517196666 1.0000000180025095e-35 0 0.86604186892509472 2.5000000000000004 0.8609888255596162 4.7767856121063241 0.89709714055061351 3.5000000000000004 2.8413627147674565 1 1.0000000180025095e-35 2 3 2.5000000000000004 4 1.1583746671676638 0.71422553062438976 5 0.82468372583389293 6 1.0000000180025095e-35 7 0.90209394693374645 8 1.0543610453605654 9 0.84593328833580028 1.0000000180025095e-35 3.5089285373687749 0.74107143282890331 10 3.5000000000000004 11 12 13 1.0000000180025095e-35 2.5000000000000004 1.0290234684944155 0.67903971672058117 3.5000000000000004 14 15 1.5000000000000002 3.5000000000000004 16 17 2.5000000000000004 3.5000000000000004 1.6144673824310305 1.866071403026581 1.5000000000000002 2.5000000000000004 18 0.78840944170951854 1.0000000180025095e-35
decision_type=2 2 2 2 2 2 2 2 1 2 2 2 2 2 2 2 1 2 1 1 2 1 2 2 1 2 1 2 1 2 1 2 1 2 2 2 2 1 2 1 1 1 2 2 2 2 2 1 1 2 2 1 1 2 2 2 2 2 2 1 2 2
left_child=1 3 5 14 9 11 -6 18 25 -3 26 -2 35 -7 29 24 -16 22 19 37 30 -22 41 -10 -15 -5 -11 -18 57 32 39 33 -1 -25 -30 -4 53 38 -8 -20 -36 -12 44 -39 45 -35 47 -47 -48 -32 52 -52 -51 -27 -55 -53 -42 -13 -26 -60 -34 -44
right_child=2 4 12 8 6 13 7 -9 23 10 17 28 -14 15 16 -17 27 -19 20 -21 21 -23 -24 31 58 36 -28 -29 34 -31 49 -33 60 42 40 -37 -38 43 -40 -41 56 -43 61 -45 -46 46 48 -49 -50 50 51 55 -54 54 -56 -57 -58 -59 59 -61 -62 -63
leaf_value=0 0 0 0 0 0 2.2276539755876167e-06 0 0 0 0 0 0 0.00046221081135410901 0 0 -3.6781495620711944e-06 0 0 0 0 0 0 0 0 0 0 0 0 0 0 0 0 0 0 0 -7.2993029504791983e-06 0 0 0 0 0 0 0 0 0 0 0 0 0 0 0 0 0 0 0 0 0 0 0 0 0 0
leaf_weight=800 2107 4655 25974 895 7584 4015 464 1861 314 9933 5277 706 36257 6140 6047 3364 5341 942 264 12753 11647 9024 14635 1552 10567 6264 11907 129 2830 831 4470 4076 508 2381 588 43556 1616 3669 331 11673 5450 14836 195 1871 3591 1671 3728 9845 5234 1110 1781 3286 3542 4086 2068 1411 11375 3811 3824 11140 13100 536
leaf_count=800 2107 4655 25974 895 7584 4015 464 1861 314 9933 5277 706 36257 6140 6047 3364 5341 942 264 12753 11647 9024 14635 1552 10567 6264 11907 129 2830 831 4470 4076 508 2381 588 43556 1616 3669 331 11673 5450 14836 195 1871 3591 1671 3728 9845 5234 1110 1781 3286 3542 4086 2068 1411 11375 3811 3824 11140 13100 536
internal_value=-0.00677465 -0.0111834 -0.00128674 -0.0150727 -0.0090891 -0.00346631 -0.00782668 -0.00816763 -0.0134291 -0.010647 -0.0109065 -0.00488439 7.13794e-05 -0.00249065 -0.0180244 -0.00277822 -0.0191412 -0.011531 -0.00833782 -0.00741156 -0.00870123 -0.00948561 -0.0116642 -0.0126551 -0.00305286 -0.0151277 -0.00988599 -0.017354 -0.00520517 -0.0171805 -0.00811559 -0.0127347 -0.0174157 -0.0124881 -0.00482106 -0.000309794 -0.0154245 -0.00910875 -0.0128012 -0.00897288 -0.00512841 -0.0123095 -0.0126429 -0.00855676 -0.0127429 -0.0125151 -0.0122915 -0.0117082 -0.0130411 -0.00744907 -0.00698652 -0.0077811 -0.00588005 -0.0157446 -0.0165775 -0.00876546 -0.00526849 -0.0069006 -0.00266266 -0.00313272 -0.0176682 -0.00902462
internal_weight=385438 213734 171704 74808 138926 65917 76741 69157 48052 62185 57530 26867 105787 39050 26756 35035 11517 35690 67296 19088 48208 20671 34748 33123 31671 14929 21840 5470 24760 15239 27537 32809 14408 28733 20243 69530 14034 6335 795 11937 17413 20113 27181 5540 26450 22859 20478 11516 8962 15600 11130 6478 4652 12418 6154 4697 16825 4517 25531 14964 13608 731
internal_count=385438 213734 171704 74808 138926 65917 76741 69157 48052 62185 57530 26867 105787 39050 26756 35035 11517 35690 67296 19088 48208 20671 34748 33123 31671 14929 21840 5470 24760 15239 27537 32809 14408 28733 20243 69530 14034 6335 795 11937 17413 20113 27181 5540 26450 22859 20478 11516 8962 15600 11130 6478 4652 12418 6154 4697 16825 4517 25531 14964 13608 731
cat_boundaries=0 1 2 3 4 5 6 7 8 9 10 11 12 13 14 15 16 17 18 19
cat_threshold=33 131073 1 393221 6296 103552 426032 132117 298032 295440 1 262176 524288 104704 16 65940 4364 260 776
is_linear=0
shrinkage=0.03


Tree=143
num_leaves=63
num_cat=20
split_feature=5 10 5 24 10 24 24 5 24 10 15 15 10 15 24 15 10 25 24 24 19 15 17 27 5 15 24 24 19 19 24 10 19 24 14 17 17 19 19 15 19 25 27 25 17 24 17 21 24 19 5 19 17 5 19 19 17 19 21 25 25 19
split_gain=9579.7 1562.76 842.912 321.756 267.065 207.696 98.0278 96.5725 78.2793 78.0336 56.4076 49.5657 44.13 42.9593 34.7772 34.2584 31.8867 30.9459 40.7723 35.8427 32.1654 29.0419 27.5006 26.3227 25.4415 24.908 24.7066 24.3637 24.7542 22.092 21.9351 21.8755 21.8693 19.8758 18.541 19.2128 17.9294 17.6879 16.525 15.6275 15.0606 18.0315 15.2182 26.0551 17.6761 14.6308 14.3448 14.2281 13.7286 13.4302 13.0549 12.8808 12.7362 11.9221 11.5945 14.4462 11.5369 11.2527 11.2411 11.0941 11.0554 10.9645
threshold=1.6071428656578066 0.93915662169456493 2.5357142686843877 0 1.2573741078376772 1 2 3.3214286565780644 3 0.73148912191391002 0.99001988768577587 0.9991869628429414 0.62423235177993786 0.83485752344131481 4 0.87715458869934093 2.8413627147674565 5 6 7 24.500000000000004 0.84593328833580028 2.5000000000000004 8 0.60714286565780651 0.87583890557289135 9 10 29.500000000000004 14.500000000000002 11 1.7885685563087466 15.500000000000002 12 1.0539636015892031 3.5000000000000004 5.5000000000000009 29.500000000000004 24.500000000000004 0.78139832615852367 18.500000000000004 13 14 15 3.5000000000000004 16 3.5000000000000004 30.500000000000004 17 35.500000000000007 4.9642856121063241 45.500000000000007 4.5000000000000009 0.46428571641445165 27.500000000000004 50.500000000000007 3.5000000000000004 47.500000000000007 3.5000000000000004 18 19 19.500000000000004
decision_type=2 2 2 1 2 1 1 2 1 2 2 2 2 2 1 2 2 1 1 1 2 2 2 1 2 2 1 1 2 2 1 2 2 1 2 2 2 2 2 2 2 1 1 1 2 1 2 2 1 2 2 2 2 2 2 2 2 2 2 1 1 2
left_child=1 3 5 9 8 14 30 16 15 22 -8 -7 -5 -10 25 29 33 19 46 61 -20 -14 47 37 57 -2 40 -15 -29 -3 -6 -27 -11 -4 35 48 -25 -24 -23 -34 41 -13 52 44 -44 49 -19 54 -26 -37 -9 60 -42 -39 -1 -56 -41 -17 -21 -33 -40 -12
right_child=2 4 7 12 6 11 10 50 13 32 17 26 21 27 -16 24 -18 18 20 58 -22 38 23 36 34 31 -28 28 -30 -31 -32 59 39 -35 -36 45 -38 53 51 56 42 -43 43 -45 -46 -47 -48 -49 -50 -51 -52 -53 -54 -55 55 -57 -58 -59 -60 -61 -62 -63
leaf_value=0 0 0 0 0 0 0 0 -4.0897983469133715e-07 0 0 0 0 0 0 0 0 -7.0801141014371414e-06 0 0 0 0 0 0 0 0 0 0 0 0 0 0 0 0 0 0 0 0 0 0 0 0 0 0 0 0 0 0 0 0 0 0.00032375255384780585 0 0 0 0 0 0 0 0 0 0 0
leaf_weight=3738 1550 399 4313 3520 1216 3268 5244 52533 2418 2392 849 2917 1682 2649 13282 4440 8899 3608 13820 628 15949 7038 3082 3522 3267 5477 10954 13862 17662 2279 10606 1009 626 21555 2842 1103 1177 4291 6312 6223 3023 3469 2975 2729 2212 7162 2736 263 8442 675 32721 4625 1212 1413 5599 484 4629 397 5844 8540 8777 5103
leaf_count=3738 1550 399 4313 3520 1216 3268 5244 52533 2418 2392 849 2917 1682 2649 13282 4440 8899 3608 13820 628 15949 7038 3082 3522 3267 5477 10954 13862 17662 2279 10606 1009 626 21555 2842 1103 1177 4291 6312 6223 3023 3469 2975 2729 2212 7162 2736 263 8442 675 32721 4625 1212 1413 5599 484 4629 397 5844 8540 8777 5103
internal_value=-0.00675233 -0.0112441 -0.00176976 -0.0148946 -0.00934234 -0.00459139 -0.00797877 -0.000297673 -0.0106657 -0.0167917 -0.00852405 -0.00624105 -0.0126626 -0.00970785 -0.00277842 -0.0117891 -0.00163025 -0.00884498 -0.00929798 -0.00751472 -0.00881907 -0.0122743 -0.0178469 -0.018733 -0.0120995 -0.00369601 -0.00663141 -0.00998393 -0.010221 -0.00854966 -0.00548631 -0.00407174 -0.0150108 -0.00216314 -0.0116916 -0.0113789 -0.0205454 -0.0177637 -0.0125147 -0.0155546 -0.00594646 -0.00477012 -0.00656958 -0.00734613 -0.00605138 -0.0124262 -0.0115279 -0.0166618 -0.0105793 -0.00970134 0.00024576 -0.0129602 -0.00511806 -0.0187532 -0.0168462 -0.0176543 -0.0158205 -0.0140808 -0.0090796 -0.00320484 -0.0133848 -0.00580074
internal_weight=385231 202593 182638 69393 133200 62617 65603 120021 67597 37439 53781 32759 31954 36591 29858 31006 34767 48537 36113 12424 29769 28434 23569 13485 28328 16576 29491 34173 31524 2678 11822 15026 13870 25868 23491 20649 4699 8786 26752 11478 18537 6386 12151 7916 5187 8940 6344 10084 11709 1778 85254 19714 4235 5704 9821 6083 10852 4837 6472 9549 15089 5952
internal_count=385231 202593 182638 69393 133200 62617 65603 120021 67597 37439 53781 32759 31954 36591 29858 31006 34767 48537 36113 12424 29769 28434 23569 13485 28328 16576 29491 34173 31524 2678 11822 15026 13870 25868 23491 20649 4699 8786 26752 11478 18537 6386 12151 7916 5187 8940 6344 10084 11709 1778 85254 19714 4235 5704 9821 6083 10852 4837 6472 9549 15089 5952
cat_boundaries=0 1 2 3 4 5 6 7 8 9 10 11 12 13 14 15 16 17 18 19 20
cat_threshold=131105 551242 553288 426021 2312 1 426016 99968 1 103040 4104 548928 103572 1 2 1 4 36 2 9
is_linear=0
shrinkage=0.03


Tree=144
num_leaves=63
num_cat=9
split_feature=7 7 7 7 7 7 12 7 12 18 7 12 18 18 25 17 6 18 10 25 18 26 12 6 12 10 17 14 27 17 17 12 27 18 7 17 18 18 18 5 14 27 17 26 17 27 14 10 18 14 12 7 14 26 11 18 14 18 18 18 17 17
split_gain=10339 1956.21 499.283 404.549 326.645 73.6271 72.9548 42.3026 40.1253 33.2921 32.9909 30.1536 25.7841 24.1727 30.9868 24.0015 23.7628 22.7942 22.0785 18.2522 14.7161 14.195 14.1907 13.7314 13.485 11.965 11.8716 11.249 10.9375 25.6298 9.87634 9.11727 9.95833 8.69756 10.166 9.10775 8.48757 11.4772 8.40685 8.37041 8.32766 8.29033 7.93874 8.7423 7.81682 9.33051 7.80105 7.29921 7.20575 7.16519 7.53445 7.05236 6.99073 6.93127 7.4 7.09131 6.84957 12.8014 6.82508 6.81885 6.74624 6.62417
threshold=1.741071403026581 0.81250000000000011 2.866071462631226 0.49107143282890325 1.1339285969734194 2.2232142686843877 0.62500000000000011 0.61607143282890331 1.6250000000000002 6.5000000000000009 3.6517857313156132 2.6250000000000004 11.500000000000002 5.5000000000000009 0 3.5000000000000004 0.48214285075664526 2.5000000000000004 2.8413627147674565 1 10.500000000000002 2 2.3750000000000004 5.1250000000000009 1.8750000000000002 1.1755914092063906 4.5000000000000009 1.0647265315055849 3 5.5000000000000009 1.5000000000000002 0.62500000000000011 4 10.500000000000002 1.366071403026581 3.5000000000000004 5.5000000000000009 10.500000000000002 7.5000000000000009 0.53571429848670971 1.0423223376274111 5 2.5000000000000004 6 4.5000000000000009 7 1.0406901836395266 1.4612334966659548 2.5000000000000004 1.0553213953971865 1.6250000000000002 0.54464283585548412 1.0369104743003847 8 0.37500000000000006 4.5000000000000009 1.0351536870002749 5.5000000000000009 6.5000000000000009 7.5000000000000009 1.0000000180025095e-35 4.5000000000000009
decision_type=2 2 2 2 2 2 2 2 2 2 2 2 2 2 1 2 2 2 2 1 2 1 2 2 2 2 2 2 1 2 2 2 1 2 2 2 2 2 2 2 2 1 2 1 2 1 2 2 2 2 2 2 2 1 2 2 2 2 2 2 2 2
left_child=1 3 5 15 8 22 53 36 9 39 -4 13 17 -8 -15 16 -1 49 24 48 25 26 -2 42 -7 30 33 41 -21 -30 -11 -19 -33 34 -16 -36 -5 52 -34 -3 -14 -28 43 -12 56 -46 58 -13 -17 50 -9 -39 -38 54 -6 -55 -41 -58 -23 -29 -53 -48
right_child=2 4 10 7 6 18 11 12 -10 20 23 47 40 14 21 19 -18 31 -20 28 -22 46 -24 -25 -26 -27 27 59 29 -31 -32 32 38 -35 35 -37 37 51 -40 44 -42 -43 -44 -45 45 -47 61 -49 -50 -51 -52 60 -54 55 -56 -57 57 -59 -60 -61 -62 -63
leaf_value=0 0 0 0 0 0 0 0 0 0 0 0.0060979992035134333 0 0 0 0 0 0 0 -4.4630893173650151e-06 0 0 0 0 0.00036568301791679804 0 0 0 0 0 0 0 0 0 0 0 0 0 0 0 0 0 0 0.0043023495392351205 -0.0044393351408011841 0 0 0 0 0 0 0 0 0 0 0 0 0 0 0 0 0 0
leaf_weight=13044 18339 956 31128 4142 3131 11039 24395 1669 8436 4510 5094 1218 2947 12791 3832 104 2186 12844 3605 5496 11161 2418 7675 28030 21463 7001 2383 265 2659 1291 11019 4125 3729 2127 3652 970 5530 1635 4770 10625 419 1506 26806 15150 2648 2826 1924 4628 1881 137 135 310 3457 1979 2431 5233 1876 911 4519 146 2022 740
leaf_count=13044 18339 956 31128 4142 3131 11039 24395 1669 8436 4510 5094 1218 2947 12791 3832 104 2186 12844 3605 5496 11161 2418 7675 28030 21463 7001 2383 265 2659 1291 11019 4125 3729 2127 3652 970 5530 1635 4770 10625 419 1506 26806 15150 2648 2826 1924 4628 1881 137 135 310 3457 1979 2431 5233 1876 911 4519 146 2022 740
internal_value=-0.00674997 -0.0110813 -0.00117165 -0.0150184 -0.0090186 -0.00330801 -0.00775565 -0.013369 -0.0106549 -0.0109579 7.79038e-05 -0.00736229 -0.0127043 -0.0075575 -0.00803802 -0.0179801 -0.0172003 -0.0130086 -0.00243136 -0.0190191 -0.0115321 -0.0086732 -0.00452479 0.000418354 -0.00267842 -0.0119734 -0.00805634 -0.00673256 -0.0196459 -0.0208709 -0.0124376 -0.0132474 -0.0126749 -0.00860193 -0.00903336 -0.00808611 -0.0145655 -0.0149435 -0.0132619 -0.00998307 -0.0102264 -0.00623374 0.000105207 -0.000343213 -0.00984443 -0.0107998 -0.00961991 -0.00530311 -0.0158571 -0.00987481 -0.00937251 -0.0135994 -0.0155368 -0.00983466 -0.00890955 -0.0105212 -0.00945452 -0.0107783 -0.0101599 -0.0114526 -0.0125403 -0.00825
internal_weight=385118 216789 168329 74532 142257 62121 80288 47871 61969 53533 106208 67514 30775 61668 37273 26661 15230 27409 36107 11431 33691 24482 26014 75080 32502 22530 14881 4300 9446 3950 15529 25468 12624 10581 8454 4622 17096 12954 8499 19842 3366 3889 47050 20244 18886 5474 9601 5846 1985 1941 1804 3967 8987 12774 5562 7212 13412 2787 6937 411 2332 2664
internal_count=385118 216789 168329 74532 142257 62121 80288 47871 61969 53533 106208 67514 30775 61668 37273 26661 15230 27409 36107 11431 33691 24482 26014 75080 32502 22530 14881 4300 9446 3950 15529 25468 12624 10581 8454 4622 17096 12954 8499 19842 3366 3889 47050 20244 18886 5474 9601 5846 1985 1941 1804 3967 8987 12774 5562 7212 13412 2787 6937 411 2332 2664
cat_boundaries=0 1 2 3 4 5 6 7 8 9
cat_threshold=1 2 5 1 4 1 1 4 6
is_linear=0
shrinkage=0.03


Tree=145
num_leaves=63
num_cat=15
split_feature=7 7 7 7 7 15 7 22 15 24 20 15 7 19 15 10 15 22 7 25 24 19 24 21 24 19 24 24 22 24 19 19 21 15 24 19 19 24 19 19 19 21 13 15 19 24 19 24 19 21 19 25 19 19 15 19 22 24 21 20 21 24
split_gain=10391.3 1937.44 490.472 404.335 349.943 85.9529 81.2038 70.3506 58.1949 55.0463 36.4699 35.2801 35.0417 31.9858 29.2833 27.2928 27.13 26.0025 24.6469 24.6328 31.1375 24.3976 26.0324 23.4148 21.5516 21.3546 19.3802 17.376 17.2484 16.4332 15.146 15.0033 14.9126 13.9744 13.9145 13.8971 13.0005 13.7972 12.8275 12.7185 12.1683 14.3289 14.1614 11.9277 11.6685 11.2534 11.2068 10.9217 11.34 10.7305 10.602 10.3533 10.0451 14.4667 10.0423 9.85178 9.80604 9.75079 9.52146 9.43327 9.39052 9.35623
threshold=1.741071403026581 0.81250000000000011 2.866071462631226 0.50892856717109691 1.151785731315613 0.91289180517196666 2.1696429252624516 1.0000000180025095e-35 0.87994369864463817 0 2.5000000000000004 0.86604186892509472 3.6517857313156132 47.500000000000007 0.89709714055061351 2.8413627147674565 0.71422553062438976 1.0000000180025095e-35 0.36607143282890325 1 2 22.500000000000004 3 13.500000000000002 4 16.500000000000004 5 6 1.0000000180025095e-35 7 10.500000000000002 42.500000000000007 25.500000000000004 0.91289180517196666 8 17.500000000000004 19.500000000000004 9 12.500000000000002 2.5000000000000004 29.500000000000004 1.5000000000000002 7.6449999809265146 0.83184513449668895 25.500000000000004 10 19.500000000000004 11 51.500000000000007 18.500000000000004 49.500000000000007 12 21.500000000000004 36.500000000000007 0.7833717167377473 7.5000000000000009 1.0000000180025095e-35 13 20.500000000000004 1.5000000000000002 3.5000000000000004 14
decision_type=2 2 2 2 2 2 2 2 2 1 2 2 2 2 2 2 2 2 2 1 1 2 1 2 1 2 1 1 2 1 2 2 2 2 1 2 2 1 2 2 2 2 2 2 2 1 2 1 2 2 2 1 2 2 2 2 2 1 2 2 2 1
left_child=1 3 6 18 8 -6 11 19 57 25 24 -2 -4 16 -8 29 -11 23 -1 20 30 26 -23 45 -10 -5 -21 -25 36 60 -7 -29 33 -18 59 -27 58 -38 -22 -26 41 -24 -42 49 -14 50 -31 -15 -49 -37 -12 -48 -45 -54 -39 -34 -36 -3 -20 -13 -16 -57
right_child=2 4 12 9 5 7 14 -9 10 13 17 34 44 47 15 -17 32 -19 28 21 38 22 40 27 39 35 -28 31 -30 46 -32 -33 55 -35 56 43 37 54 -40 -41 42 -43 -44 52 -46 -47 51 48 -50 -51 -52 -53 53 -55 -56 61 -58 -59 -60 -61 -62 -63
leaf_value=0 0 0 0 0 0 0 2.1608243563199878e-06 0 0 0 0 0 0.00049339173604265654 0 0 -3.0584317219786085e-06 0 0 0 0 0 0 0 0 0 0 0 0 0 0 0 0 0 0 0 0 0 0 0 0 0 0 0 0 0.00060752642468511427 0 0 0 0 0 0 0 0 0 0 0 0.020690673616423669 0 0 0 0 0
leaf_weight=13068 1850 2685 31021 4064 7659 940 3993 1892 10291 290 7272 819 38654 1813 2093 3330 1835 992 2309 9952 1755 10767 179 4795 1471 376 11224 10006 392 3706 5632 5941 139 18276 15961 510 1628 326 12323 10898 2978 8147 3933 1413 36402 8039 1617 2214 283 254 183 5001 6313 4082 9943 175 410 2743 1057 4211 19226 3884
leaf_count=13068 1850 2685 31021 4064 7659 940 3993 1892 10291 290 7272 819 38654 1813 2093 3330 1835 992 2309 9952 1755 10767 179 4795 1471 376 11224 10006 392 3706 5632 5941 139 18276 15961 510 1628 326 12323 10898 2978 8147 3933 1413 36402 8039 1617 2214 283 254 183 5001 6313 4082 9943 175 410 2743 1057 4211 19226 3884
internal_value=-0.00675052 -0.011084 -0.00115416 -0.0150002 -0.00903536 -0.00767045 -0.00326887 -0.00800184 -0.0106524 -0.013254 -0.010922 -0.00467193 8.61734e-05 -0.0124238 -0.00243166 -0.00270955 -0.0128458 -0.0114996 -0.017792 -0.00816099 -0.00726912 -0.008548 -0.00916544 -0.0116308 -0.00997308 -0.0146489 -0.00779382 -0.0109717 -0.0169891 -0.00298142 -0.00900091 -0.0114726 -0.0129546 -0.0132941 -0.00501551 -0.015253 -0.0171487 -0.0176144 -0.00645485 -0.00907852 -0.00998419 -0.00921835 -0.0109213 -0.015083 0.000436714 -0.0125131 -0.00396729 -0.0100441 -0.0114077 -0.0114503 -0.0134568 -0.00471079 -0.0153181 -0.0156407 -0.0180838 -0.0113283 -0.00457829 -0.00767797 -0.0155027 -0.00641667 -0.00250096 -0.0115972
internal_weight=385635 217341 168294 74644 142697 77381 62217 69722 65316 45921 59888 23251 106077 28909 38966 34973 24599 37228 28723 67830 20650 47180 26004 36236 22660 17012 21176 20742 15655 31643 6572 15947 24309 20111 21401 12948 15263 11897 14078 12369 15237 8326 6911 12572 75056 15494 10324 4310 2497 764 7455 6618 11808 10395 10269 4198 16371 5428 3366 5030 21319 4059
internal_count=385635 217341 168294 74644 142697 77381 62217 69722 65316 45921 59888 23251 106077 28909 38966 34973 24599 37228 28723 67830 20650 47180 26004 36236 22660 17012 21176 20742 15655 31643 6572 15947 24309 20111 21401 12948 15263 11897 14078 12369 15237 8326 6911 12572 75056 15494 10324 4310 2497 764 7455 6618 11808 10395 10269 4198 16371 5428 3366 5030 21319 4059
cat_boundaries=0 1 2 3 4 5 6 7 8 9 10 11 12 13 14 15
cat_threshold=32801 1 393221 6168 426032 5005 202760 550986 132245 295440 395012 65924 6 363528 65792
is_linear=0
shrinkage=0.03


end of trees

feature_importances:
item_idx=1297
roll_mean_56=909
t_week=903
price_ratio_target=750
same_dow_mean4=672
t_dow=610
price=569
t_month=498
roll_mean_28=446
roll_std_28=423
t_dom=379
t_event_flag=301
t_event_type=273
price_rel_56=258
store_idx=201
cat_idx=136
zero_frac_28=129
t_quarter=127
roll_mean_14=89
dept_idx=40
roll_std_14=36
roll_mean_7=5
roll_std_7=1

parameters:
[boosting: gbdt]
[objective: quantile]
[metric: quantile]
[tree_learner: serial]
[device_type: cpu]
[data_sample_strategy: bagging]
[data: ]
[valid: ]
[num_iterations: 800]
[learning_rate: 0.03]
[num_leaves: 63]
[num_threads: 1]
[seed: 42]
[deterministic: 0]
[force_col_wise: 0]
[force_row_wise: 0]
[histogram_pool_size: -1]
[max_depth: -1]
[min_data_in_leaf: 100]
[min_sum_hessian_in_leaf: 0.001]
[bagging_fraction: 0.8]
[pos_bagging_fraction: 1]
[neg_bagging_fraction: 1]
[bagging_freq: 1]
[bagging_seed: 400]
[bagging_by_query: 0]
[feature_fraction: 0.6]
[feature_fraction_bynode: 1]
[feature_fraction_seed: 30056]
[extra_trees: 0]
[extra_seed: 12879]
[early_stopping_round: 0]
[early_stopping_min_delta: 0]
[first_metric_only: 0]
[max_delta_step: 0]
[lambda_l1: 0]
[lambda_l2: 0]
[linear_lambda: 0]
[min_gain_to_split: 0]
[drop_rate: 0.1]
[max_drop: 50]
[skip_drop: 0.5]
[xgboost_dart_mode: 0]
[uniform_drop: 0]
[drop_seed: 17869]
[top_rate: 0.2]
[other_rate: 0.1]
[min_data_per_group: 100]
[max_cat_threshold: 32]
[cat_l2: 10]
[cat_smooth: 10]
[max_cat_to_onehot: 4]
[top_k: 20]
[monotone_constraints: ]
[monotone_constraints_method: basic]
[monotone_penalty: 0]
[feature_contri: ]
[forcedsplits_filename: ]
[refit_decay_rate: 0.9]
[cegb_tradeoff: 1]
[cegb_penalty_split: 0]
[cegb_penalty_feature_lazy: ]
[cegb_penalty_feature_coupled: ]
[path_smooth: 0]
[interaction_constraints: ]
[verbosity: -1]
[saved_feature_importance_type: 0]
[use_quantized_grad: 0]
[num_grad_quant_bins: 4]
[quant_train_renew_leaf: 0]
[stochastic_rounding: 1]
[linear_tree: 0]
[max_bin: 255]
[max_bin_by_feature: ]
[min_data_in_bin: 3]
[bin_construct_sample_cnt: 200000]
[data_random_seed: 175]
[is_enable_sparse: 1]
[enable_bundle: 1]
[use_missing: 1]
[zero_as_missing: 0]
[feature_pre_filter: 1]
[pre_partition: 0]
[two_round: 0]
[header: 0]
[label_column: ]
[weight_column: ]
[group_column: ]
[ignore_column: ]
[categorical_feature: 24,25,26,27]
[forcedbins_filename: ]
[precise_float_parser: 0]
[parser_config_file: ]
[objective_seed: 16083]
[num_class: 1]
[is_unbalance: 0]
[scale_pos_weight: 1]
[sigmoid: 1]
[boost_from_average: 1]
[reg_sqrt: 0]
[alpha: 0.1]
[fair_c: 1]
[poisson_max_delta_step: 0.7]
[tweedie_variance_power: 1.5]
[lambdarank_truncation_level: 30]
[lambdarank_norm: 1]
[label_gain: ]
[lambdarank_position_bias_regularization: 0]
[eval_at: ]
[multi_error_top_k: 1]
[auc_mu_weights: ]
[num_machines: 1]
[local_listen_port: 12400]
[time_out: 120]
[machine_list_filename: ]
[machines: ]
[gpu_platform_id: -1]
[gpu_device_id: -1]
[gpu_device_id_list: ]
[gpu_use_dp: 0]
[num_gpu: 1]

end of parameters

pandas_categorical:[]
